,Keyword,Position,Url,Top10,HTTP code BABBAR,TTFB (en ms) BABBAR,Page Value BABBAR,Page Trust BABBAR,Semantic Value BABBAR,Backlinks BABBAR,Backlinks host BABBAR,Host Outlinks BABBAR,Outlinks BABBAR,Score_1fr,Desktop First Contentful Paint Terrain,Desktop First Input Delay Terain,Desktop Largest Contentful Paint Terrain,Desktop Cumulative Layout Shift Terrain,Desktop First Contentful Paint Lab,Desktop Speed Index Lab,Desktop Largest Contentful Paint Lab,Desktop Time to Interactive Lab,Desktop Total Blocking Time Lab,Desktop Cumulative Layout Shift Lab,Content Type,Status Code,Status,Indexability_x,Indexability Status_x,Title 1,Title 1 Length,Title 1 Pixel Width,Meta Description 1,Meta Description 1 Length,Meta Description 1 Pixel Width,Meta Description 2,Meta Description 2 Length,Meta Description 2 Pixel Width,Meta Keywords 1,Meta Keywords 1 Length,H1-1,H1-1 Length,H1-2,H1-2 Length,H2-1,H2-1 Length,H2-2,H2-2 Length,Meta Robots 1,Meta Robots 2,Meta Robots 3,Meta Robots 4,X-Robots-Tag 1,Meta Refresh 1,Canonical Link Element 1,"rel=""next"" 1","rel=""prev"" 1","HTTP rel=""next"" 1","HTTP rel=""prev"" 1",amphtml Link Element,Size (bytes),Transferred (bytes),Word Count,Sentence Count,Average Words Per Sentence,Flesch Reading Ease Score,Readability,Text Ratio,Crawl Depth,Folder Depth,Link Score,Inlinks,Unique Inlinks,Unique JS Inlinks,% of Total,Outlinks,Unique Outlinks,Unique JS Outlinks,External Outlinks,Unique External Outlinks,Unique External JS Outlinks,Closest Similarity Match,No. Near Duplicates,Spelling Errors,Grammar Errors,Hash,Response Time,Last Modified,Redirect URL,Redirect Type,Cookies,HTTP Version,URL Encoded Address,Crawl Timestamp,Errors,Warnings,Total Types,Unique Types,Type-1,Indexability_y,Indexability Status_y,Title 1 score,Meta Description 1 score,Meta Keywords 1 score,H1-1 score,H1-2 score,H2-1 score,H2-2 score,Meta Robots 1 score,Url score
0,Algérie,1,https://fr.wikipedia.org/wiki/Alg%C3%A9rie,0,,,84.0,60.0,76.0,13220.0,408.0,0.0,0.0,,1564.0,9.0,1649.0,6.0,862.0,1613.2087381297479,927.0,2203.351139257202,510.5000000000001,6.0,,,,,,,,,,,,,,,,,,,,,,,,,,,,,,,,,,,,,,,,,0,0,,0,,,,,,,0,,,,,,,,,,,,0,,,,,,,,,,,,,,,0,0,0,0,0,0,0,0,0
1,Algérie,3,https://perspective.usherbrooke.ca/bilan/servlet/BMPays/DZA,0,,,60.0,10.0,43.0,2.0,1.0,0.0,0.0,,1752.0,,,41.0,1936.0,4639.161969826863,2099.0,5449.667646700525,69.0,40.0,text/html; charset=UTF-8,200.0,OK,Indexable,,Algérie | Pays | Perspective Monde,34.0,304.0,"Informations du pays pour Algérie (Algeria) 
Capitale: Alger",60.0,360.0,,0.0,0.0,,0.0,,0.0,,0.0,,0.0,,0.0,,,,,,,https://perspective.usherbrooke.ca/bilan/servlet/BMPays/DZA,,,,,,4522.0,4522.0,0.0,,0,0,,0,0.0,3.0,,0.0,0.0,0.0,0,0.0,0.0,0.0,0.0,0.0,0.0,,,,,e42ea4573d532fea8e25d164d13bca3e,0,,,,,1.1,https://perspective.usherbrooke.ca/bilan/servlet/BMPays/DZA,2024-05-16 17:44:20,0.0,0.0,0.0,0.0,,Indexable,,0,0,0,0,0,0,0,0,0
2,Algérie,4,https://www.jeuneafrique.com/pays/algerie/,0,200.0,33.0,82.0,66.0,61.0,67.0,90091.0,109.0,14.0,37.0,736.0,3.0,1701.0,0.0,1390.0,3116.4884831525233,2132.0,5133.51585342929,1136.4999999999986,3.0,text/html; charset=UTF-8,403.0,Forbidden,Non-Indexable,Client Error,,0.0,0.0,,0.0,0.0,,0.0,0.0,,0.0,,0.0,,0.0,,0.0,,0.0,,,,,,,,,,,,,0.0,0.0,0.0,,0,0,,0,0.0,2.0,,0.0,0.0,0.0,0,0.0,0.0,0.0,0.0,0.0,0.0,,,,,,0,,,,,1.1,https://www.jeuneafrique.com/pays/algerie/,2024-05-16 17:43:53,,,,,,,,0,0,0,0,0,0,0,0,0
3,Algérie,5,https://www.france24.com/fr/tag/alg%C3%A9rie/,0,200.0,396.0,77.0,58.0,64.0,225.0,59359.0,83.0,28.0,31.0,1921.0,5.0,2126.0,8.0,1921.0,1992.467417960431,2126.0,1474.9318690355626,176.9999999999999,8.0,,,,,,,,,,,,,,,,,,,,,,,,,,,,,,,,,,,,,,,,,0,0,,0,,,,,,,0,,,,,,,,,,,,0,,,,,,,,,,,,,,,0,0,0,0,0,0,0,0,0
4,Algérie,6,https://www.la-croix.com/Monde/Afrique/Algerie-vers-lelection-presidentielle,0,200.0,168.0,64.0,32.0,57.0,51.0,495.0,257.0,30.0,43.0,1212.0,9.0,1848.0,12.0,1212.0,1192.1946415074553,1848.0,3604.071738014857,1250.5000000000005,12.0,text/html; charset=UTF-8,200.0,OK,Indexable,,"Algérie : actu, info, données pays",34.0,289.0,"L'actu et les dernières infos sur l'Algérie, pays d'Afrique du Nord, dirigé par Abdelmadjid Tebboune depuis le 19 décembre 2019. Alger en est sa capitale",153.0,937.0,,0.0,0.0,,0.0,Algérie : dernières actus,25.0,,0.0,Les derniers articles,21.0,"Qui sont les bienheureux martyrs d’Algérie, fêtés le 8 mai ?",60.0,"max-snippet:-1, max-image-preview:large, max-video-preview:-1",,,,,,https://www.la-croix.com/Monde/Afrique/Algerie-vers-lelection-presidentielle,https://www.la-croix.com/Monde/Afrique/Algerie-vers-lelection-presidentielle?page=2,,,,,207532.0,26311.0,1896.0,476.0,0,0,Easy,0,0.0,2.0,,4.0,1.0,0.0,0,368.0,284.0,0.0,22.0,22.0,0.0,,,,,1bee78754ee6fc996cb71820ea349bc6,0,,,,,1.1,https://www.la-croix.com/Monde/Afrique/Algerie-vers-lelection-presidentielle,2024-05-16 17:44:27,0.0,0.0,0.0,0.0,,Indexable,,0,0,0,0,0,0,0,0,0
5,Algérie,7,https://www.mfa.gov.dz/fr/discover-algeria/about-algeria,0,200.0,313.0,63.0,23.0,49.0,3.0,9.0,53.0,9.0,84.0,2361.0,,2330.0,10.0,2584.0,909.1105239357926,2901.0,1100.0450639526096,3.9999999999998863,12.0,text/html; charset=utf-8,200.0,OK,Indexable,,L'Algérie en bref,17.0,143.0,L'Algérie en bref,17.0,100.0,,0.0,0.0,,0.0,L'Algérie en bref,17.0,,0.0,,0.0,,0.0,,,,,,,,,,,,,91886.0,27420.0,2762.0,369.0,0,0,Fairly Easy,0,0.0,2.0,,2.0,1.0,0.0,0,62.0,61.0,0.0,9.0,9.0,0.0,,,,,93a5238b505847ee4cd69a2b33a1ae55,0,,,,,1.1,https://www.mfa.gov.dz/fr/discover-algeria/about-algeria,2024-05-16 17:43:54,0.0,0.0,0.0,0.0,,Indexable,,0,0,0,0,0,0,0,0,0
6,Algérie,8,https://www.banquemondiale.org/fr/country/algeria,0,200.0,21.0,87.0,75.0,82.0,60168.0,35.0,97.0,273.0,56.0,1545.0,3.0,2139.0,1.0,2478.0,1615.913438078872,3019.0,3169.9580476304473,63.0,3.0,text/html;charset=utf-8,200.0,OK,Indexable,,Algérie,7.0,62.0,"Actualités et informations concernant les activités de la Banque mondiale dans Algérie. Accédez à tous les éléments relatifs à Algérie : données économiques, statistiques, projets, travaux de recherche et dernières actualités.",226.0,1385.0,,0.0,0.0,"Moyen-Orient et Afrique du Nord, Algeria(DZ)",44.0,La Banque mondiale en Algérie,29.0,,0.0,À LA UNE,8.0,L'Algérie en bref,17.0,,,,,,,https://www.banquemondiale.org/fr/country/algeria,,,,,,196745.0,29795.0,1048.0,185.0,0,0,Fairly Easy,0,0.0,2.0,,2.0,1.0,0.0,0,143.0,109.0,0.0,308.0,264.0,0.0,,,,,d40d40e632648e80d0b4f9a67cd5dcc7,0,"Wed, 15 May 2024 14:05:09 GMT",,,,1.1,https://www.banquemondiale.org/fr/country/algeria,2024-05-16 17:44:26,0.0,0.0,0.0,0.0,,Indexable,,0,0,0,0,0,0,0,0,0
7,Algérie,9,https://www.lemonde.fr/algerie/,0,200.0,20.0,77.0,59.0,67.0,510.0,181385.0,209.0,49.0,63.0,1113.0,4.0,1380.0,31.0,890.0,1089.8080621446763,1152.0,1369.0,15.0,8.0,text/html;charset=UTF-8,200.0,OK,Indexable,,"Algérie - Actualités, vidéos et infos en direct",47.0,385.0,"Toute l’actualité sur le sujet Algérie. Consultez l’ensemble des articles, reportages, directs, photos et vidéos de la rubrique Algérie publiés par Le Monde.",157.0,939.0,,0.0,0.0,,0.0,Algérie,7.0,,0.0,,0.0,,0.0,"index, follow, noarchive",max-video-preview:3,max-image-preview:large,max-snippet:-1,,,https://www.lemonde.fr/algerie/,,,,,,364731.0,89872.0,3648.0,450.0,0,0,Easy,0,0.0,1.0,,12.0,1.0,0.0,0,306.0,241.0,0.0,18.0,18.0,0.0,,,,,754c2e78c298ad80e6e8ade91737392d,0,,,,,1.1,https://www.lemonde.fr/algerie/,2024-05-16 17:44:12,0.0,0.0,0.0,0.0,,Indexable,,0,0,0,0,0,0,0,0,0
8,Algérie,10,https://www.francetvinfo.fr/monde/afrique/algerie/,0,200.0,40.0,67.0,23.0,60.0,111.0,713.0,72.0,14.0,,874.0,3.0,1223.0,1.0,874.0,1181.603580941724,1223.0,1180.993968226349,44.82636489128254,1.0,text/html; charset=UTF-8,200.0,OK,Indexable,,"Algérie - Actualité, infos et vidéos en direct",46.0,375.0,"Suivez en direct toute l'actualité 'Algérie' : vivez l'info en live, en images et en vidéos. Participez, commentez et partager avec Franceinfo en temps réel ! Retrouvez tous nos articles, directs, reportages, témoignages, photos et vidéos sur le thème 'Algérie'",261.0,1550.0,,0.0,0.0,,0.0,Algérie,7.0,,0.0,,0.0,,0.0,"index, follow, noarchive","max-snippet:300, max-image-preview:large, max-video-preview:3",,,,,https://www.francetvinfo.fr/monde/afrique/algerie/,https://www.francetvinfo.fr/monde/afrique/algerie/2.html,,,,,438954.0,60487.0,2992.0,595.0,0,0,Easy,0,0.0,3.0,,4.0,1.0,0.0,0,352.0,291.0,0.0,35.0,32.0,0.0,,,,,569a135c5dff7c9adcafeaeefd1f5489,0,,,,,1.1,https://www.francetvinfo.fr/monde/afrique/algerie/,2024-05-16 17:43:58,0.0,0.0,0.0,0.0,,Indexable,,0,0,0,0,0,0,0,0,0
9,Algérie,11,https://www.lepoint.fr/tags/algerie,1,,,71.0,44.0,68.0,621.0,1138.0,0.0,0.0,,981.0,4.0,1197.0,3.0,981.0,1742.3354134348424,1197.0,1925.2147290600249,90.50000000000023,3.0,text/html; charset=UTF-8,200.0,OK,Indexable,,Algérie : Actualités et dernières infos,39.0,323.0,"Retrouvez toute l’actualité de Algérie. Suivez nos dernières informations, reportages, décryptages et analyses sur Le Point.",124.0,755.0,,0.0,0.0,,0.0,Algérie,7.0,,0.0,"Tensions Maroc-Algérie : le sport, le grand perdant",51.0,Algérie : le président Tebboune défend la doxa d’une économie spécifique,72.0,"index, follow, max-snippet:-1, max-image-preview:large, max-video-preview:-1",,,,,,https://www.lepoint.fr/tags/algerie,,,,,,419342.0,84936.0,8483.0,1310.0,0,0,Easy,0,0.0,1.0,,0.0,0.0,0.0,0,345.0,310.0,0.0,5.0,5.0,0.0,,,,,f8cf209c31fb71840c095d586371783d,0,,,,,1.1,https://www.lepoint.fr/tags/algerie,2024-05-16 17:44:00,0.0,0.0,0.0,0.0,,Indexable,,0,0,0,0,0,0,0,0,0
10,Algérie,12,https://www.larousse.fr/encyclopedie/pays/Alg%C3%A9rie/104806,1,200.0,1255.0,64.0,39.0,56.0,20.0,98.0,22.0,12.0,75.0,1761.0,8.0,2604.0,48.0,1761.0,1647.528403475566,2604.0,2451.8486293808046,178.5,48.0,,,,,,,,,,,,,,,,,,,,,,,,,,,,,,,,,,,,,,,,,0,0,,0,,,,,,,0,,,,,,,,,,,,0,,,,,,,,,,,,,,,0,0,0,0,0,0,0,0,0
11,Algérie,13,https://www.tf1info.fr/international/algerie-28-ans-apres-sa-disparition-un-homme-retrouve-sequestre-dans-l-enclos-de-son-voisin-2299463.html,1,,,,,,,,,,29.0,1255.0,5.0,2788.0,7.0,1255.0,1385.314198572612,2788.0,3596.161196711092,1202.499999999999,7.0,text/html; charset=utf-8,200.0,OK,Indexable,,"Algérie : 26 ans après sa disparition, un homme retrouvé séquestré dans l'enclos de son voisin | TF1 INFO",105.0,926.0,"[VIDÉO] ▶️ Un Algérien porté disparu depuis 26 ans a été retrouvé séquestré chez son voisin dans un village du centre de l'Algérie. L'homme, âgé de 45 ans aujourd'hui, avait disparu sans laisser de traces en 1998. Il aurait été incapable d'alerter sa famille en raison d'un ""sort"" qui lui aurait été jeté. - Algérie : 26 ans après sa disparition, un homme retrouvé séquestré dans l'enclos de son voisin (International) - TF1 INFO",429.0,2575.0,,0.0,0.0,"Insolite,Algérie,Disparition,Fait divers,vidéo International, article-video, vidéo, actualités, info, actu",106.0,"Algérie : 26 ans après sa disparition, un homme retrouvé séquestré dans l'enclos de son voisin",94.0,,0.0,"Un Algérien porté disparu depuis 26 ans a été retrouvé séquestré chez son voisin dans un village du centre de l'Algérie. L'homme, âgé de 45 ans aujourd'hui, avait disparu sans laisser de traces en 1998. Il aurait été incapable d'alerter sa famille en raison d'un ""sort"" qui lui aurait été jeté.",294.0,Sur le même thème,17.0,"index, follow, noarchive, max-snippet:-1, max-image-preview:large, max-video-preview:-1",,,,,,https://www.tf1info.fr/international/algerie-28-ans-apres-sa-disparition-un-homme-retrouve-sequestre-dans-l-enclos-de-son-voisin-2299463.html,,,,,,259196.0,60745.0,1284.0,249.0,0,0,Very Easy,0,0.0,1.0,,0.0,0.0,0.0,0,145.0,135.0,0.0,14.0,14.0,0.0,,,,,99f96cefe6cf19a3017c50afcd24b1a4,0,,,,,1.1,https://www.tf1info.fr/international/algerie-28-ans-apres-sa-disparition-un-homme-retrouve-sequestre-dans-l-enclos-de-son-voisin-2299463.html,2024-05-16 17:44:21,0.0,0.0,0.0,0.0,,Indexable,,0,0,0,0,0,0,0,0,0
12,Algérie,14,https://airalgerie.dz/,1,200.0,135.0,81.0,67.0,77.0,6182.0,269.0,52.0,7.0,76.0,,,,,,,,,,,text/html; charset=UTF-8,200.0,OK,Indexable,,Accueil - Algérie,17.0,143.0,"La compagnie aérienne nationale de l'Algérie dans 4 continents, Europe, Afrique, Asie et Amérique en plus d'un réseau de plus de 32 aéroports intérieurs",152.0,941.0,"Site Officiel d'Air Algérie, réservez votre billet d'avion et profitez de nos  meilleures offres, gérez votre réservation et enregistrez-vous en ligne, billets pas chers Algérie, Paris Alger promo,",197.0,1135.0,,0.0,Offres et promotions au départ de,33.0,Besoin d’aide,13.0,Chers visiteurs,15.0,,0.0,"index, follow, max-image-preview:large, max-snippet:-1, max-video-preview:-1",,,,,,https://airalgerie.dz/,,,,,,203230.0,35354.0,816.0,258.0,0,0,Fairly Easy,0,0.0,0.0,,25.0,2.0,0.0,0,104.0,52.0,0.0,9.0,7.0,0.0,,,,,1b3236e6d401525bed52f8ea5a4cf695,0,"Wed, 15 May 2024 09:49:53 GMT",,,,1.1,https://airalgerie.dz/,2024-05-16 17:44:01,0.0,0.0,0.0,0.0,,Indexable,,0,0,0,0,0,0,0,0,0
13,Algérie,15,https://www.ouest-france.fr/monde/algerie/en-algerie-un-homme-disparu-depuis-26-ans-retrouve-sequestre-chez-son-voisin-eae2409b-1ada-4d34-9903-bc4b99486c4f,1,,,,,,,,,,38.0,1039.0,3.0,1434.0,2.0,1110.0,1665.211320935335,1596.0,1258.005057768155,51.0,2.0,text/html;charset=utf-8,200.0,OK,Indexable,,"En Algérie, un homme disparu depuis 26 ans retrouvé séquestré chez son voisin",77.0,705.0,"Un homme de 45 ans, porté disparu depuis 26 ans, a été retrouvé séquestré chez son voisin, en Algérie, ont annoncé les autorités ce mardi 14 mai.
Le suspect, âgé de 61 ans, avait continué à vivre comme si de rien n’était.",221.0,1359.0,,0.0,0.0,,0.0,"En Algérie, un homme disparu depuis 26 ans retrouvé séquestré chez son voisin",77.0,,0.0,Retenu dans un enclos de bétail,31.0,,0.0,"max-snippet:-1,max-image-preview:large,max-video-preview:-1",,,,,,https://www.ouest-france.fr/monde/algerie/en-algerie-un-homme-disparu-depuis-26-ans-retrouve-sequestre-chez-son-voisin-eae2409b-1ada-4d34-9903-bc4b99486c4f,,,,,,164460.0,36789.0,800.0,215.0,0,0,Easy,0,0.0,2.0,,0.0,0.0,0.0,0,150.0,121.0,0.0,19.0,19.0,0.0,,,,,f65edfd82fcca62ee07671e65a754b91,0,"Thu, 16 May 2024 15:41:08 GMT",,,,1.1,https://www.ouest-france.fr/monde/algerie/en-algerie-un-homme-disparu-depuis-26-ans-retrouve-sequestre-chez-son-voisin-eae2409b-1ada-4d34-9903-bc4b99486c4f,2024-05-16 17:43:51,0.0,0.0,0.0,0.0,,Indexable,,0,0,0,0,0,0,0,0,0
14,Algérie,16,https://fr.wiktionary.org/wiki/Alg%C3%A9rie,1,,,54.0,29.0,49.0,26.0,30.0,0.0,0.0,60.0,1065.0,2.0,1106.0,6.0,1065.0,1018.7085143807768,1106.0,926.9000000000001,1.0,6.0,,,,,,,,,,,,,,,,,,,,,,,,,,,,,,,,,,,,,,,,,0,0,,0,,,,,,,0,,,,,,,,,,,,0,,,,,,,,,,,,,,,0,0,0,0,0,0,0,0,0
15,Algérie,18,https://www.universalis.fr/encyclopedie/algerie/,1,200.0,260.0,67.0,27.0,52.0,50.0,571.0,171.0,3.0,65.0,1089.0,2.0,1568.0,6.0,1089.0,2752.3680128733886,1568.0,2811.807830833801,876.5000000000007,6.0,text/html; charset=utf-8,200.0,OK,Indexable,,ALGÉRIE - Encyclopædia Universalis,34.0,317.0,"L’Algérie est le plus grand pays d’Afrique, grâce à l’incorporation du Sahara au territoire national , après l’indépendance. Bien que limitée au...",147.0,867.0,,0.0,0.0,,0.0,ALGÉRIE,7.0,,0.0,,0.0,,0.0,"index, all, follow",,,,,,https://www.universalis.fr/encyclopedie/algerie/,https://www.universalis.fr/encyclopedie/algerie/2-histoire/,,,,,167171.0,34723.0,1687.0,357.0,0,0,Fairly Easy,0,0.0,2.0,,8.0,2.0,0.0,0,205.0,174.0,0.0,2.0,2.0,0.0,,,,,a3fe38f81ce66289b216dabdad0de7de,0,,,,,1.1,https://www.universalis.fr/encyclopedie/algerie/,2024-05-16 17:44:27,0.0,0.0,0.0,0.0,,Indexable,,0,0,0,0,0,0,0,0,0
16,Algérie,19,https://www.bfmtv.com/international/afrique/algerie/algerie-un-homme-disparu-depuis-26-ans-retrouve-sequestre-chez-son-voisin_AD-202405150074.html,1,,,,,,,,,,10.0,866.0,,1010.0,9.0,742.0,764.150754077861,1658.0,1035.5794379529257,30.0,10.0,text/html; charset=utf-8,200.0,OK,Indexable,,Algérie: un homme disparu depuis 26 ans retrouvé séquestré chez son voisin,74.0,678.0,"Âgé de 45 ans, l'homme avait disparu depuis 1998. Il a été retrouvé séquestré dans la maison de son voisin dans le centre de l'Algérie ce mardi 14 mai.",151.0,930.0,,0.0,0.0,,0.0,Algérie: un homme disparu depuis 26 ans retrouvé séquestré chez son voisin,74.0,,0.0,Le voisin vivait comme si de rien n'était,41.0,Les plus lus,12.0,"index, follow, noarchive, max-snippet:-1, max-image-preview:large, max-video-preview:10",,,,,,https://www.bfmtv.com/international/afrique/algerie/algerie-un-homme-disparu-depuis-26-ans-retrouve-sequestre-chez-son-voisin_AD-202405150074.html,,,,,,51322.0,12600.0,529.0,128.0,0,0,Very Easy,0,0.0,3.0,,0.0,0.0,0.0,0,121.0,90.0,0.0,28.0,25.0,0.0,,,,,affcbe12c9c8bb0d82d1289537467c2,0,,,,,1.1,https://www.bfmtv.com/international/afrique/algerie/algerie-un-homme-disparu-depuis-26-ans-retrouve-sequestre-chez-son-voisin_AD-202405150074.html,2024-05-16 17:44:05,0.0,0.0,0.0,0.0,,Indexable,,0,0,0,0,0,0,0,0,0
17,Algérie,20,https://voyage.gc.ca/destinations/algerie,1,200.0,456.0,65.0,44.0,54.0,38.0,198.0,35.0,64.0,,1719.0,3.0,1966.0,1.0,1511.0,994.2201250599034,1646.0,2160.1973367344167,162.9999999999999,1.0,text/html; charset=utf-8,200.0,OK,Indexable,,Conseils et avertissements pour l'Algérie,41.0,359.0,Conseils aux voyageurs et avertissements officiels du gouvernement du Canada pour l'Algérie,91.0,581.0,,0.0,0.0,,0.0,Conseils aux voyageurs pour l'Algérie,37.0,Niveaux de risque,17.0,Sélection de la langue,22.0,Recherche,9.0,,,,,,,,,,,,,107163.0,38853.0,7324.0,1009.0,0,0,Normal,0,0.0,1.0,,19.0,1.0,0.0,0,57.0,36.0,0.0,81.0,64.0,0.0,,,,,f12ead8e551e6f614531ea1b854f0a71,0,,,,,1.1,https://voyage.gc.ca/destinations/algerie,2024-05-16 17:43:48,0.0,0.0,0.0,0.0,,Indexable,,0,0,0,0,0,0,0,0,0
18,air algerie,1,https://airalgerie.dz/,0,200.0,135.0,81.0,67.0,77.0,6182.0,269.0,52.0,7.0,76.0,,,,,,,,,,,text/html; charset=UTF-8,200.0,OK,Indexable,,Accueil - Algérie,17.0,143.0,"La compagnie aérienne nationale de l'Algérie dans 4 continents, Europe, Afrique, Asie et Amérique en plus d'un réseau de plus de 32 aéroports intérieurs",152.0,941.0,"Site Officiel d'Air Algérie, réservez votre billet d'avion et profitez de nos  meilleures offres, gérez votre réservation et enregistrez-vous en ligne, billets pas chers Algérie, Paris Alger promo,",197.0,1135.0,,0.0,Offres et promotions au départ de,33.0,Besoin d’aide,13.0,Chers visiteurs,15.0,,0.0,"index, follow, max-image-preview:large, max-snippet:-1, max-video-preview:-1",,,,,,https://airalgerie.dz/,,,,,,203230.0,35354.0,816.0,258.0,0,0,Fairly Easy,0,0.0,0.0,,25.0,2.0,0.0,0,104.0,52.0,0.0,9.0,7.0,0.0,,,,,1b3236e6d401525bed52f8ea5a4cf695,0,"Wed, 15 May 2024 09:49:53 GMT",,,,1.1,https://airalgerie.dz/,2024-05-16 17:44:01,0.0,0.0,0.0,0.0,,Indexable,,0,0,0,0,0,0,0,0,0
19,air algerie,2,https://www.govoyages.com/compagnie-aerienne/AH/air-algerie/,0,200.0,11.0,75.0,29.0,,2.0,377.0,30.0,0.0,,1440.0,4.0,2324.0,5.0,1645.0,1224.0246268810574,7514.0,2688.8376241846577,266.49999999999955,16.0,text/html;charset=utf-8,200.0,OK,Indexable,,Air Algerie : Billets d'avion et vols pas chers - Remises jusqu'a 30%,69.0,579.0,Profitez d'offres exceptionnelles sur les vols Air Algerie. Réservez dès maintenant et économisez jusqu'à 30% sur vos billets d'avion grâce à GO Voyages !,154.0,945.0,,0.0,0.0,,0.0,Trouvez un vol pas cher Air Algerie sur GO Voyages,50.0,,0.0,Réservez votre billet d'avion Air Algerie,41.0,Air Algerie,11.0,"index, follow",,,,,,https://www.govoyages.com/compagnie-aerienne/AH/air-algerie/,,,,,,346850.0,47988.0,1557.0,362.0,0,0,Very Easy,0,0.0,3.0,,1.0,1.0,0.0,0,77.0,64.0,0.0,0.0,0.0,0.0,,,,,b7ece4ced2350bd474cf2b4cb2c2bb88,0,"Thu, 16 May 2024 01:31:09 GMT",,,,1.1,https://www.govoyages.com/compagnie-aerienne/AH/air-algerie/,2024-05-16 17:44:08,0.0,0.0,0.0,0.0,,Indexable,,0,0,0,0,0,0,0,0,0
20,air algerie,3,https://fr.wikipedia.org/wiki/Air_Alg%C3%A9rie,0,,,69.0,21.0,64.0,64.0,4.0,0.0,0.0,96.5,1190.0,3.0,1215.0,6.0,862.0,860.5040157988981,927.0,780.7499999999999,1.0,6.0,,,,,,,,,,,,,,,,,,,,,,,,,,,,,,,,,,,,,,,,,0,0,,0,,,,,,,0,,,,,,,,,,,,0,,,,,,,,,,,,,,,0,0,0,0,0,0,0,0,0
21,air algerie,4,https://www.opodo.fr/vol/compagnie-aerienne/AH/air-algerie/,0,,,73.0,42.0,38.0,8.0,313.0,0.0,0.0,76.0,1682.0,4.0,2670.0,4.0,1496.0,1186.5896485555027,7326.0,2449.9539800005223,421.05098717975284,15.0,text/html;charset=utf-8,200.0,OK,Indexable,,Air Algerie : Réservez des vols pas chers - Jusqu'à 30% de remise,65.0,571.0,Trouvez des vols Air Algerie pas chers sur Opodo et économisez jusqu'à 30% sur vos billets d'avion. Profitez de nos offres avantageuses !,137.0,849.0,,0.0,0.0,,0.0,Réservez votre billet d'avion Air Algerie sur Opodo,51.0,,0.0,Vols pas cher de la compagnie Air Algerie,41.0,Air Algerie,11.0,"index, follow",,,,,,https://www.opodo.fr/vol/compagnie-aerienne/AH/air-algerie/,,,,,,355515.0,48937.0,1582.0,382.0,0,0,Very Easy,0,0.0,4.0,,1.0,1.0,0.0,0,76.0,59.0,0.0,10.0,10.0,0.0,,,,,6fa5c25d242915d5e1cbdb1348cbc8f6,0,"Thu, 16 May 2024 00:16:21 GMT",,,,1.1,https://www.opodo.fr/vol/compagnie-aerienne/AH/air-algerie/,2024-05-16 17:44:20,0.0,0.0,0.0,0.0,,Indexable,,0,0,0,0,0,0,0,0,0
22,air algerie,5,https://www.bourse-des-vols.com/air-algerie.php,0,200.0,315.0,68.0,32.0,47.0,3.0,267.0,77.0,23.0,80.0,1487.0,2.0,1754.0,1.0,2462.0,1155.241663986603,2632.0,3863.903716502104,308.4999999999998,3.0,text/html; charset=UTF-8,200.0,OK,Indexable,,Air Algérie (AH) - Réservez un vol Air Algérie au meilleur prix,63.0,525.0,Bourse des Vols vous propose les meilleurs tarifs sur toutes les destinations desservies par Air Algérie,104.0,635.0,,0.0,0.0,,0.0,Air Algérie,11.0,,0.0,Réserver un vol Air Algérie,27.0,Réserver un vol à petit prix avec la compagnie Air Algérie !,60.0,,,,,,,https://www.bourse-des-vols.com/air-algerie.php,,,,,,64363.0,15679.0,987.0,201.0,0,0,Very Easy,0,0.0,0.0,,12.0,1.0,0.0,0,105.0,92.0,0.0,11.0,10.0,0.0,,,,,8f50805f3e688ab36625a5ea58630d13,0,,,,,1.1,https://www.bourse-des-vols.com/air-algerie.php,2024-05-16 17:43:58,0.0,0.0,0.0,0.0,,Indexable,,0,0,0,0,0,0,0,0,0
23,air algerie,6,https://www.edreams.fr/offres/vol/compagnie-aerienne/AH/air-algerie/,0,200.0,11.0,76.0,49.0,,18.0,939.0,59.0,25.0,80.0,1792.0,4.0,2763.0,5.0,1775.0,1198.336077273066,6426.0,2551.020520290956,203.9999999999999,19.0,text/html;charset=utf-8,200.0,OK,Indexable,,Air Algerie : Vols pas chers - Réductions jusqu'à 30%,53.0,459.0,Réservez votre vol pas cher Air Algerie dès maintenant et économisez jusqu'à 30% sur vos billets d'avion. Ne manquez pas nos offres spéciales !,143.0,891.0,,0.0,0.0,,0.0,Réservez votre billet d'avion Air Algerie sur eDreams,53.0,,0.0,Offres vols pas chers Air Algerie et autres itinéraires populaires,66.0,Air Algerie,11.0,"index, follow",,,,,,https://www.edreams.fr/offres/vol/compagnie-aerienne/AH/air-algerie/,,,,,,371497.0,51214.0,2253.0,484.0,0,0,Very Easy,0,0.0,5.0,,0.0,0.0,0.0,0,75.0,59.0,0.0,24.0,24.0,0.0,,,,,e4cb66645d0f229fab94656bf79482d6,0,"Tue, 14 May 2024 23:01:28 GMT",,,,1.1,https://www.edreams.fr/offres/vol/compagnie-aerienne/AH/air-algerie/,2024-05-16 17:44:26,0.0,0.0,0.0,0.0,,Indexable,,0,0,0,0,0,0,0,0,0
24,air algerie,7,https://www.tsa-algerie.com/air-algerie-rembourse-t-elle-les-billets-achetes-avant-loffre-osra/,0,,,,,,,,,,19.0,1386.0,3.0,2885.0,9.0,1386.0,1822.6170633908632,2885.0,3233.6776903096943,114.50000000000045,9.0,text/html; charset=UTF-8,200.0,OK,Indexable,,Orsa : Air Algérie rembourse-t-elle la différence ?,51.0,424.0,Des rumeurs circulent sur les réseaux sociaux sur une prétendue option de l’offre Osra d’Air Algérie qui permet de se faire rembourser les billets achetés avant.,161.0,981.0,,0.0,0.0,,0.0,Categories,10.0,Air Algérie rembourse-t-elle les billets achetés avant l’offre Osra ?,69.0,Publicité,9.0,...,3.0,max-image-preview:large,,,,,,https://www.tsa-algerie.com/air-algerie-rembourse-t-elle-les-billets-achetes-avant-loffre-osra/,,,,,,83633.0,24785.0,753.0,128.0,0,0,Easy,0,0.0,1.0,,22.0,1.0,0.0,0,67.0,28.0,0.0,10.0,10.0,0.0,,,,,a57c7dd98ab607bb0c5595e20a060ead,0,,,,,1.1,https://www.tsa-algerie.com/air-algerie-rembourse-t-elle-les-billets-achetes-avant-loffre-osra/,2024-05-16 17:44:25,0.0,0.0,0.0,0.0,,Indexable,,0,0,0,0,0,0,0,0,0
25,air algerie,8,https://www.kayak.fr/Air-Algerie.AH.airline.html,0,200.0,18.0,61.0,24.0,,29.0,147.0,94.0,65.0,81.0,1389.0,5.0,2351.0,12.0,1389.0,1827.477869640371,2351.0,2186.396035491279,833.0334937778764,12.0,text/html;charset=UTF-8,200.0,OK,Indexable,,"Air Algerie (AH) - Vols, compagnie, billets et avis",51.0,421.0,"Trouvez et comparez les vols et billets Air Algerie pour toutes les destinations, consultez 30 avis et découvrez les tarifs, les conditions d'annulation ainsi que les informations sur les vols Air Algerie | KAYAK",212.0,1266.0,,0.0,0.0,,0.0,Recherchez des vols Air Algerie pas chers,41.0,,0.0,AH,2.0,Recherchez sur des centaines de sites à la fois et trouvez des vols Air Algerie,79.0,"index,follow",,,,,,https://www.kayak.fr/Air-Algerie.AH.airline.html,,,,,,1287534.0,182674.0,4723.0,599.0,0,0,Very Easy,0,0.0,0.0,,900.0,1.0,0.0,0,998.0,95.0,0.0,62.0,62.0,0.0,,,,,380fdcbae7ce4dd9c6e2173b8f45a759,0,,,,,1.1,https://www.kayak.fr/Air-Algerie.AH.airline.html,2024-05-16 17:44:08,0.0,0.0,0.0,0.0,,Indexable,,0,0,0,0,0,0,0,0,0
26,air algerie,9,https://www.facebook.com/AirAlgerieOfficiel/?locale=fr_FR,0,,,,,,,,,,,,,,,,,,,,,"text/html; charset=""utf-8""",200.0,OK,Non-Indexable,Canonicalised,Air Algerie | Algiers,21.0,167.0,"Air Algerie, Alger. 778 479 J’aime · 2 294 en parlent · 1 592 personnes étaient ici. ‎مرحبا بكم في الصفحة الرسمية للخطوط الجوية الجزائرية على فيسبوك....",152.0,860.0,,0.0,0.0,,0.0,,0.0,,0.0,,0.0,,0.0,"noodp,noydir",,,,,,https://fr-fr.facebook.com/AirAlgerieOfficiel,,,,,,786105.0,164150.0,0.0,,0,0,,0,0.0,1.0,,0.0,0.0,0.0,0,0.0,0.0,0.0,0.0,0.0,0.0,,,,,94808ab8f0ae88adf6584d09fe85ed7,0,,,,,1.1,https://www.facebook.com/AirAlgerieOfficiel/?locale=fr_FR,2024-05-16 17:43:52,0.0,0.0,0.0,0.0,,Non-Indexable,Canonicalised,0,0,0,0,0,0,0,0,0
27,air algerie,10,https://www.liligo.fr/vols/compagnies-aeriennes/air-algerie,0,200.0,131.0,71.0,42.0,,2.0,304.0,349.0,4.0,37.0,2132.0,3.0,4462.0,3.0,1092.0,1266.017465744042,2392.0,2582.625804838168,947.2707870045685,7.0,text/html;charset=utf-8,200.0,OK,Indexable,,Vol Air Algerie pas cher | Comparez les billets d'avion sur Lilligo,67.0,555.0,Comparez les prix des billets d’avion parmi des centaines de sites de voyage et trouvez le vol Air Algerie le moins cher.,121.0,729.0,,0.0,0.0,,0.0,Trouver un vol Air Algerie,26.0,,0.0,Combien coûtent les vols avec Air Algerie ?,43.0,Pourquoi passer par Liligo pour trouver un vol Air Algerie ?,60.0,,,,,,,https://www.liligo.fr/vols/compagnies-aeriennes/air-algerie,,,,,,497555.0,77569.0,1932.0,258.0,0,0,Hard,0,0.0,2.0,,1.0,1.0,0.0,0,355.0,351.0,0.0,4.0,4.0,0.0,,,,,ca68eb47b50b7d0faf37a5eef40bdf3d,0,,,,,1.1,https://www.liligo.fr/vols/compagnies-aeriennes/air-algerie,2024-05-16 17:43:50,0.0,0.0,0.0,0.0,,Indexable,,0,0,0,0,0,0,0,0,0
28,air algerie,11,https://www.fr.lastminute.com/vol/compagnies-aeriennes/air_algerie,1,200.0,187.0,61.0,14.0,,1.0,195.0,61.0,11.0,43.0,900.0,3.0,2310.0,1.0,1032.0,2178.1620706027293,1813.0,3880.720797004468,606.5000000000005,10.0,text/html; charset=UTF-8,403.0,Forbidden,Non-Indexable,Client Error,,0.0,0.0,,0.0,0.0,,0.0,0.0,,0.0,,0.0,,0.0,,0.0,,0.0,,,,,,,,,,,,,0.0,0.0,0.0,,0,0,,0,0.0,2.0,,0.0,0.0,0.0,0,0.0,0.0,0.0,0.0,0.0,0.0,,,,,,0,,,,,1.1,https://www.fr.lastminute.com/vol/compagnies-aeriennes/air_algerie,2024-05-16 17:43:44,,,,,,,,0,0,0,0,0,0,0,0,0
29,air algerie,12,https://www.skyscanner.fr/compagnie-aerienne/compagnie-aerienne-air-algerie-ah.html,1,,,,,,1.0,0.0,0.0,0.0,,702.0,4.0,1811.0,62.0,702.0,1544.6298886660143,1811.0,2298.4089234895328,260.51125257286276,62.0,text/html; charset=utf-8,200.0,OK,Indexable,,"Vols, billets et offres Air Algerie à partir de 95 € aller-retour | Skyscanner",78.0,629.0,Comparez les prix Air Algerie et trouvez les vols les moins chers pour votre destination préférée. Réservez ensuite directement chez Air Algerie sans frais supplémentaires.,172.0,1055.0,,0.0,0.0,,0.0,Vols et billets Air Algerie,27.0,,0.0,Destinations Air Algerie,24.0,Trouvez des offres de vol Air Algerie pas cher,46.0,,,,,,,https://www.skyscanner.fr/compagnie-aerienne/compagnie-aerienne-air-algerie-ah.html,,,,,,431901.0,87399.0,1823.0,368.0,0,0,Easy,0,0.0,1.0,,0.0,0.0,0.0,0,126.0,109.0,0.0,30.0,29.0,0.0,,,,,6da190216b8239478c1601099975872b,0,,,,,1.1,https://www.skyscanner.fr/compagnie-aerienne/compagnie-aerienne-air-algerie-ah.html,2024-05-16 17:44:03,0.0,0.0,0.0,0.0,,Indexable,,0,0,0,0,0,0,0,0,0
30,air algerie,13,https://www.expedia.fr/Air-Algerie-Vol.cAH.Voyage-Guide-Compagnie-Souhaitee,1,,,68.0,26.0,47.0,4.0,108.0,0.0,0.0,21.0,2344.0,6.0,4014.0,8.0,2344.0,3741.776151999601,4014.0,5734.821283728012,2801.000000000001,8.0,text/html; charset=utf-8,200.0,OK,Indexable,,Vol Air Algerie - Offres de billets d'avion pas chers | Expedia,63.0,520.0,Billets d'avion Air Algerie : trouvez des offres de vols pas chers sur toutes les destinations desservies par Air Algerie avec le comparateur de vol Expedia !,158.0,943.0,,0.0,0.0,"vol, vols, billet avion, billets avion, Air Algerie, billet avion Air Algerie, vol pas cher, billet avion pas cher, AH",118.0,Trouvez des vols Air Algerie aux meilleurs prix,47.0,,0.0,Les membres connectés économisent 10 % minimum sur plus de 100 000 hôtels dans le monde.,88.0,Vols Air Algerie populaires,27.0,"index,follow",,,,,,https://www.expedia.fr/Air-Algerie-Vol.cAH.Voyage-Guide-Compagnie-Souhaitee,,,,,,1570834.0,251308.0,1298.0,253.0,0,0,Easy,0,0.0,0.0,,9.0,1.0,0.0,0,159.0,110.0,0.0,8.0,7.0,0.0,,,,,3fd6adfd99c5a0a0e4ce6ca8091682dd,0,,,,,1.1,https://www.expedia.fr/Air-Algerie-Vol.cAH.Voyage-Guide-Compagnie-Souhaitee,2024-05-16 17:43:54,0.0,0.0,0.0,0.0,,Indexable,,0,0,0,0,0,0,0,0,0
31,air algerie,14,https://observalgerie.com/2024/05/11/voyage/air-algerie-rembourse-qui-est-concerne/,1,,,,,,,,,,16.0,1397.0,3.0,1502.0,13.0,1397.0,410.7018407285109,1502.0,1203.009264802181,42.0,13.0,text/html; charset=UTF-8,200.0,OK,Indexable,,Air Algérie rembourse : Qui est concerné ?,42.0,370.0,La compagnie aérienne nationale Air Algérie a décidé de faire un geste en faveur de certains de ses clients. Un geste en rapport avec le lancement de la,152.0,933.0,,0.0,0.0,,0.0,Air Algérie rembourse des billets : Qui est concerné ?,54.0,,0.0,Offre Osra : Que faut-il faire pour bénéficier du remboursement chez Air Algérie ?,82.0,Vous aimez cet article ? Partagez !,35.0,"follow, index, max-snippet:-1, max-video-preview:-1, max-image-preview:large",,,,,,https://observalgerie.com/2024/05/11/voyage/air-algerie-rembourse-qui-est-concerne/,,,,,,141459.0,32466.0,574.0,81.0,0,0,Fairly Easy,0,0.0,5.0,,3.0,1.0,0.0,0,35.0,26.0,0.0,6.0,3.0,0.0,,,,,59bf5d7275e8268f52914eb27f5c1893,0,"Wed, 15 May 2024 19:47:50 GMT",,,,1.1,https://observalgerie.com/2024/05/11/voyage/air-algerie-rembourse-qui-est-concerne/,2024-05-16 17:44:02,0.0,0.0,0.0,0.0,,Indexable,,0,0,0,0,0,0,0,0,0
32,air algerie,15,https://www.budgetair.fr/compagnies-aeriennes/air-algerie,1,200.0,84.0,73.0,19.0,,0.0,1522.0,14.0,10.0,56.0,1030.0,3.0,6328.0,12.0,1030.0,2174.2683015661337,6328.0,4075.40316091426,1206.5000000000002,12.0,text/html; charset=utf-8,200.0,OK,Indexable,,Réserver vos vols avec Air Algerie | BudgetAir.fr®,50.0,434.0,Offres de vols pas chers Air Algérie. Réserver un billet avec Air Algérie en quelques clics sur BudgetAir.fr - Bénéficiez d'un service ✓Rapide ✓Facile ✓Sécurisé,160.0,956.0,,0.0,0.0,,0.0,Envolez-vous avec Air Algérie,29.0,,0.0,Informations utiles concernant COVID-19,39.0,Voyager en toute sécurité,25.0,,,,,,,https://www.budgetair.fr/compagnies-aeriennes/air-algerie,,,,,,48513.0,12768.0,968.0,146.0,0,0,Fairly Easy,0,0.0,1.0,,8.0,1.0,0.0,0,27.0,14.0,0.0,11.0,10.0,0.0,,,,,ff88ebfac5119cb6866d9ac8df27908f,0,"Wed, 24 Apr 2024 10:13:04 GMT",,,,1.1,https://www.budgetair.fr/compagnies-aeriennes/air-algerie,2024-05-16 17:43:48,0.0,0.0,0.0,0.0,,Indexable,,0,0,0,0,0,0,0,0,0
33,air algerie,16,https://www.tripadvisor.fr/Airline_Review-d8728993-Reviews-Air-Algerie,1,,,46.0,9.0,,21.0,6.0,0.0,0.0,,,,,,,,,,,,text/html;charset=utf-8,403.0,Forbidden,Non-Indexable,Client Error,,0.0,0.0,,0.0,0.0,,0.0,0.0,,0.0,,0.0,,0.0,,0.0,,0.0,,,,,,,,,,,,,584.0,584.0,0.0,,0,0,,0,0.0,0.0,,0.0,0.0,0.0,0,0.0,0.0,0.0,0.0,0.0,0.0,,,,,,0,,,,,1.1,https://www.tripadvisor.fr/Airline_Review-d8728993-Reviews-Air-Algerie,2024-05-16 17:43:55,,,,,,,,0,0,0,0,0,0,0,0,0
34,air algerie,17,https://www.aeroports-voyages.fr/fr/services/compagnies-aeriennes/air-algerie/AH,1,200.0,145.0,64.0,28.0,47.0,1.0,616.0,68.0,2.0,65.0,1200.0,3.0,1509.0,10.0,1200.0,2415.004125980203,1509.0,5533.718412258982,2961.4629202011565,10.0,text/html; charset=utf-8,200.0,OK,Indexable,,Air Algérie - Compagnie Aérienne sur Aéroports Voyages,54.0,498.0,"Réservez un vol Air Algérie au meilleur prix. Retrouvez le programme de vols, les actualités, le réseau et les promos Air Algérie au départ de chez vous.",153.0,923.0,,0.0,0.0,,0.0,Air Algérie (AH),16.0,,0.0,Réserver un billet d'avion Air Algérie,38.0,Les meilleurs prix Air Algérie,30.0,,,,,,,https://www.aeroports-voyages.fr/fr/services/compagnies-aeriennes/air-algerie/AH,,,,,,548685.0,122065.0,1086.0,279.0,0,0,Easy,0,0.0,4.0,,1.0,1.0,0.0,0,84.0,54.0,0.0,5.0,3.0,0.0,,,,,51e4d0e5f58994d222ae792a9aac4c7f,0,,,,,1.1,https://www.aeroports-voyages.fr/fr/services/compagnies-aeriennes/air-algerie/AH,2024-05-16 17:44:25,0.0,0.0,0.0,0.0,,Indexable,,0,0,0,0,0,0,0,0,0
35,air algerie,18,https://www.bravofly.fr/offres/vols/compagnie/air-algerie,1,200.0,270.0,70.0,30.0,44.0,7.0,786.0,52.0,14.0,39.0,1527.0,4.0,7215.0,12.0,1527.0,1903.195364212517,7215.0,4190.298619459241,540.4999999999998,12.0,text/html; charset=UTF-8,403.0,Forbidden,Non-Indexable,Client Error,,0.0,0.0,,0.0,0.0,,0.0,0.0,,0.0,,0.0,,0.0,,0.0,,0.0,,,,,,,,,,,,,0.0,0.0,0.0,,0,0,,0,0.0,3.0,,0.0,0.0,0.0,0,0.0,0.0,0.0,0.0,0.0,0.0,,,,,,0,,,,,1.1,https://www.bravofly.fr/offres/vols/compagnie/air-algerie,2024-05-16 17:44:26,,,,,,,,0,0,0,0,0,0,0,0,0
36,air algerie,19,https://www.youtube.com/watch?v=aFmKq-5WOs8,1,,,,,,,,,,77.0,1381.0,25.0,3500.0,18.0,1423.0,6843.953595494177,4685.0,9035.9,3335.0,17.0,text/html; charset=utf-8,200.0,OK,Indexable,,Offre Osra d’Air Algérie : il est possible de proposer encore des billets d’avion moins chers - YouTube,103.0,883.0,"Live d’Algérie Part avec Abdou Semmar : Pour répondre aux demandes incessantes des voyageurs à propos de la cherté des billets, Air Algérie a lancé l’offre O...",160.0,987.0,,0.0,0.0,"Algérie, Algériens, Abdou Semmar, Air Algérie, France",53.0,,0.0,,0.0,,0.0,,0.0,,,,,,,https://www.youtube.com/watch?v=aFmKq-5WOs8,,,,,,954566.0,207940.0,30.0,4.0,0,0,Very Hard,0,0.0,0.0,,0.0,0.0,0.0,0,13.0,12.0,0.0,2.0,2.0,0.0,,,,,7bd6f24021389e78df3fd5bba6f9235,0,,,,,1.1,https://www.youtube.com/watch?v=aFmKq-5WOs8,2024-05-16 17:43:49,0.0,0.0,0.0,0.0,,Indexable,,0,0,0,0,0,0,0,0,0
37,air algerie,20,https://www.esky.fr/compagnies-aeriennes/al/ah/air-algerie,1,,,61.0,17.0,,38.0,92.0,0.0,0.0,18.0,2951.0,8.0,5162.0,7.0,2951.0,3271.240560923694,5162.0,4856.486331972025,772.2569196837969,7.0,text/html; charset=UTF-8,200.0,OK,Indexable,,Air Algerie – Compagnies aériennes Air Algerie vols à bas prix - eSky.fr,72.0,619.0,Air Algerie - Billets d’avion - Vols à bas coûts - Avis de voyageurs. Tout ce que vous voulez savoir sur la compagnie Air Algerie. Réservation de vols avec Air Algerie sur eSky!,177.0,1059.0,,0.0,0.0,"Air Algerie, compagnies aériennes Air Algerie, billets d’avion Air Algerie, billets Air Algerie,  vols à bas prix Air Algerie, vols Air Algerie, Air Algerie réservation, Air Algerie promotions",192.0,Air Algerie,11.0,,0.0,Meilleures offres de la compagnie Air Algerie sur eSky,54.0,En savoir plus sur le Air Algerie,33.0,all,,,,,,https://www.esky.fr/compagnies-aeriennes/al/ah/air-algerie,,,,,,420091.0,52133.0,911.0,186.0,0,0,Easy,0,0.0,3.0,,3.0,1.0,0.0,0,83.0,48.0,0.0,82.0,75.0,0.0,,,,,cf8da3b589812b0a25375f4c66551275,0,,,,,1.1,https://www.esky.fr/compagnies-aeriennes/al/ah/air-algerie,2024-05-16 17:43:44,0.0,0.0,0.0,0.0,,Indexable,,0,0,0,0,0,0,0,0,0
38,algerie,1,https://fr.wikipedia.org/wiki/Alg%C3%A9rie,0,,,84.0,60.0,76.0,13220.0,408.0,0.0,0.0,,1564.0,9.0,1649.0,6.0,862.0,1613.2087381297479,927.0,2203.351139257202,510.5000000000001,6.0,,,,,,,,,,,,,,,,,,,,,,,,,,,,,,,,,,,,,,,,,0,0,,0,,,,,,,0,,,,,,,,,,,,0,,,,,,,,,,,,,,,0,0,0,0,0,0,0,0,0
39,algerie,3,https://airalgerie.dz/,0,200.0,135.0,81.0,67.0,77.0,6182.0,269.0,52.0,7.0,76.0,,,,,,,,,,,text/html; charset=UTF-8,200.0,OK,Indexable,,Accueil - Algérie,17.0,143.0,"La compagnie aérienne nationale de l'Algérie dans 4 continents, Europe, Afrique, Asie et Amérique en plus d'un réseau de plus de 32 aéroports intérieurs",152.0,941.0,"Site Officiel d'Air Algérie, réservez votre billet d'avion et profitez de nos  meilleures offres, gérez votre réservation et enregistrez-vous en ligne, billets pas chers Algérie, Paris Alger promo,",197.0,1135.0,,0.0,Offres et promotions au départ de,33.0,Besoin d’aide,13.0,Chers visiteurs,15.0,,0.0,"index, follow, max-image-preview:large, max-snippet:-1, max-video-preview:-1",,,,,,https://airalgerie.dz/,,,,,,203230.0,35354.0,816.0,258.0,0,0,Fairly Easy,0,0.0,0.0,,25.0,2.0,0.0,0,104.0,52.0,0.0,9.0,7.0,0.0,,,,,1b3236e6d401525bed52f8ea5a4cf695,0,"Wed, 15 May 2024 09:49:53 GMT",,,,1.1,https://airalgerie.dz/,2024-05-16 17:44:01,0.0,0.0,0.0,0.0,,Indexable,,0,0,0,0,0,0,0,0,0
40,algerie,4,https://perspective.usherbrooke.ca/bilan/servlet/BMPays/DZA,0,,,60.0,10.0,43.0,2.0,1.0,0.0,0.0,,1752.0,,,41.0,1936.0,4639.161969826863,2099.0,5449.667646700525,69.0,40.0,text/html; charset=UTF-8,200.0,OK,Indexable,,Algérie | Pays | Perspective Monde,34.0,304.0,"Informations du pays pour Algérie (Algeria) 
Capitale: Alger",60.0,360.0,,0.0,0.0,,0.0,,0.0,,0.0,,0.0,,0.0,,,,,,,https://perspective.usherbrooke.ca/bilan/servlet/BMPays/DZA,,,,,,4522.0,4522.0,0.0,,0,0,,0,0.0,3.0,,0.0,0.0,0.0,0,0.0,0.0,0.0,0.0,0.0,0.0,,,,,e42ea4573d532fea8e25d164d13bca3e,0,,,,,1.1,https://perspective.usherbrooke.ca/bilan/servlet/BMPays/DZA,2024-05-16 17:44:20,0.0,0.0,0.0,0.0,,Indexable,,0,0,0,0,0,0,0,0,0
41,algerie,5,https://www.larousse.fr/encyclopedie/pays/Alg%C3%A9rie/104806,0,200.0,1255.0,64.0,39.0,56.0,20.0,98.0,22.0,12.0,75.0,1761.0,8.0,2604.0,48.0,1761.0,1647.528403475566,2604.0,2451.8486293808046,178.5,48.0,,,,,,,,,,,,,,,,,,,,,,,,,,,,,,,,,,,,,,,,,0,0,,0,,,,,,,0,,,,,,,,,,,,0,,,,,,,,,,,,,,,0,0,0,0,0,0,0,0,0
42,algerie,6,https://www.20minutes.fr/monde/4091155-20240515-algerie-homme-disparu-depuis-1998-retrouve-sequestre-chez-voisin,0,,,,,,,,,,31.0,758.0,6.0,1262.0,12.0,758.0,1929.239484492189,1262.0,3586.067500827393,297.4999999999991,12.0,text/html; charset=UTF-8,200.0,OK,Indexable,,Algérie : Un homme disparu depuis 1998 retrouvé séquestré chez son voisin,73.0,670.0,,0.0,0.0,,0.0,0.0,,0.0,Algérie : Un homme disparu depuis 1998 retrouvé séquestré chez son voisin,73.0,,0.0,Incapable de crier ou de fuir à cause d’un sort,47.0,,0.0,"index,follow,max-snippet:-1,max-image-preview:large,max-video-preview:-1",,,,,,https://www.20minutes.fr/monde/4091155-20240515-algerie-homme-disparu-depuis-1998-retrouve-sequestre-chez-voisin,,,,,,387565.0,78508.0,1818.0,504.0,0,0,Fairly Easy,0,0.0,1.0,,2.0,1.0,0.0,0,429.0,251.0,0.0,15.0,15.0,0.0,,,,,9db75871a31f62d1ca0b066b6b01bb72,0,"Thu, 16 May 2024 15:43:57 GMT",,,,1.1,https://www.20minutes.fr/monde/4091155-20240515-algerie-homme-disparu-depuis-1998-retrouve-sequestre-chez-voisin,2024-05-16 17:44:00,0.0,0.0,0.0,0.0,,Indexable,,0,0,0,0,0,0,0,0,0
43,algerie,7,https://www.lemonde.fr/algerie/,0,200.0,20.0,77.0,59.0,67.0,510.0,181385.0,209.0,49.0,63.0,1113.0,4.0,1380.0,31.0,890.0,1089.8080621446763,1152.0,1369.0,15.0,8.0,text/html;charset=UTF-8,200.0,OK,Indexable,,"Algérie - Actualités, vidéos et infos en direct",47.0,385.0,"Toute l’actualité sur le sujet Algérie. Consultez l’ensemble des articles, reportages, directs, photos et vidéos de la rubrique Algérie publiés par Le Monde.",157.0,939.0,,0.0,0.0,,0.0,Algérie,7.0,,0.0,,0.0,,0.0,"index, follow, noarchive",max-video-preview:3,max-image-preview:large,max-snippet:-1,,,https://www.lemonde.fr/algerie/,,,,,,364731.0,89872.0,3648.0,450.0,0,0,Easy,0,0.0,1.0,,12.0,1.0,0.0,0,306.0,241.0,0.0,18.0,18.0,0.0,,,,,754c2e78c298ad80e6e8ade91737392d,0,,,,,1.1,https://www.lemonde.fr/algerie/,2024-05-16 17:44:12,0.0,0.0,0.0,0.0,,Indexable,,0,0,0,0,0,0,0,0,0
44,algerie,8,https://www.tf1info.fr/international/algerie-28-ans-apres-sa-disparition-un-homme-retrouve-sequestre-dans-l-enclos-de-son-voisin-2299463.html,0,,,,,,,,,,29.0,1255.0,5.0,2788.0,7.0,1255.0,1385.314198572612,2788.0,3596.161196711092,1202.499999999999,7.0,text/html; charset=utf-8,200.0,OK,Indexable,,"Algérie : 26 ans après sa disparition, un homme retrouvé séquestré dans l'enclos de son voisin | TF1 INFO",105.0,926.0,"[VIDÉO] ▶️ Un Algérien porté disparu depuis 26 ans a été retrouvé séquestré chez son voisin dans un village du centre de l'Algérie. L'homme, âgé de 45 ans aujourd'hui, avait disparu sans laisser de traces en 1998. Il aurait été incapable d'alerter sa famille en raison d'un ""sort"" qui lui aurait été jeté. - Algérie : 26 ans après sa disparition, un homme retrouvé séquestré dans l'enclos de son voisin (International) - TF1 INFO",429.0,2575.0,,0.0,0.0,"Insolite,Algérie,Disparition,Fait divers,vidéo International, article-video, vidéo, actualités, info, actu",106.0,"Algérie : 26 ans après sa disparition, un homme retrouvé séquestré dans l'enclos de son voisin",94.0,,0.0,"Un Algérien porté disparu depuis 26 ans a été retrouvé séquestré chez son voisin dans un village du centre de l'Algérie. L'homme, âgé de 45 ans aujourd'hui, avait disparu sans laisser de traces en 1998. Il aurait été incapable d'alerter sa famille en raison d'un ""sort"" qui lui aurait été jeté.",294.0,Sur le même thème,17.0,"index, follow, noarchive, max-snippet:-1, max-image-preview:large, max-video-preview:-1",,,,,,https://www.tf1info.fr/international/algerie-28-ans-apres-sa-disparition-un-homme-retrouve-sequestre-dans-l-enclos-de-son-voisin-2299463.html,,,,,,259196.0,60745.0,1284.0,249.0,0,0,Very Easy,0,0.0,1.0,,0.0,0.0,0.0,0,145.0,135.0,0.0,14.0,14.0,0.0,,,,,99f96cefe6cf19a3017c50afcd24b1a4,0,,,,,1.1,https://www.tf1info.fr/international/algerie-28-ans-apres-sa-disparition-un-homme-retrouve-sequestre-dans-l-enclos-de-son-voisin-2299463.html,2024-05-16 17:44:21,0.0,0.0,0.0,0.0,,Indexable,,0,0,0,0,0,0,0,0,0
45,algerie,9,https://www.mfa.gov.dz/fr/discover-algeria/about-algeria,0,200.0,313.0,63.0,23.0,49.0,3.0,9.0,53.0,9.0,84.0,2361.0,,2330.0,10.0,2584.0,909.1105239357926,2901.0,1100.0450639526096,3.9999999999998863,12.0,text/html; charset=utf-8,200.0,OK,Indexable,,L'Algérie en bref,17.0,143.0,L'Algérie en bref,17.0,100.0,,0.0,0.0,,0.0,L'Algérie en bref,17.0,,0.0,,0.0,,0.0,,,,,,,,,,,,,91886.0,27420.0,2762.0,369.0,0,0,Fairly Easy,0,0.0,2.0,,2.0,1.0,0.0,0,62.0,61.0,0.0,9.0,9.0,0.0,,,,,93a5238b505847ee4cd69a2b33a1ae55,0,,,,,1.1,https://www.mfa.gov.dz/fr/discover-algeria/about-algeria,2024-05-16 17:43:54,0.0,0.0,0.0,0.0,,Indexable,,0,0,0,0,0,0,0,0,0
46,algerie,10,https://fr.wikipedia.org/wiki/Alger,0,,,76.0,39.0,71.0,2039.0,140.0,0.0,0.0,,1430.0,5.0,1399.0,6.0,862.0,1453.7892052158531,927.0,1378.6106895929256,82.99999999999989,6.0,text/html; charset=UTF-8,200.0,OK,Indexable,,Alger — Wikipédia,17.0,157.0,,0.0,0.0,,0.0,0.0,,0.0,Alger,5.0,,0.0,Sommaire,8.0,Géographie[modifier | modifier le code],39.0,max-image-preview:standard,,,,,,https://fr.wikipedia.org/wiki/Alger,,,,,,760882.0,147822.0,23669.0,3945.0,0,0,Easy,0,0.0,1.0,,599.0,5.0,0.0,0,2604.0,1607.0,0.0,245.0,229.0,0.0,,,,,c70211596a649b218726f04a3edbdffb,0,"Wed, 15 May 2024 03:46:08 GMT",,,,1.1,https://fr.wikipedia.org/wiki/Alger,2024-05-16 17:44:04,0.0,0.0,0.0,0.0,,Indexable,,0,0,0,0,0,0,0,0,0
47,algerie,11,https://www.bfmtv.com/international/afrique/algerie/algerie-un-homme-disparu-depuis-26-ans-retrouve-sequestre-chez-son-voisin_AD-202405150074.html,1,,,,,,,,,,10.0,866.0,,1010.0,9.0,742.0,764.150754077861,1658.0,1035.5794379529257,30.0,10.0,text/html; charset=utf-8,200.0,OK,Indexable,,Algérie: un homme disparu depuis 26 ans retrouvé séquestré chez son voisin,74.0,678.0,"Âgé de 45 ans, l'homme avait disparu depuis 1998. Il a été retrouvé séquestré dans la maison de son voisin dans le centre de l'Algérie ce mardi 14 mai.",151.0,930.0,,0.0,0.0,,0.0,Algérie: un homme disparu depuis 26 ans retrouvé séquestré chez son voisin,74.0,,0.0,Le voisin vivait comme si de rien n'était,41.0,Les plus lus,12.0,"index, follow, noarchive, max-snippet:-1, max-image-preview:large, max-video-preview:10",,,,,,https://www.bfmtv.com/international/afrique/algerie/algerie-un-homme-disparu-depuis-26-ans-retrouve-sequestre-chez-son-voisin_AD-202405150074.html,,,,,,51322.0,12600.0,529.0,128.0,0,0,Very Easy,0,0.0,3.0,,0.0,0.0,0.0,0,121.0,90.0,0.0,28.0,25.0,0.0,,,,,affcbe12c9c8bb0d82d1289537467c2,0,,,,,1.1,https://www.bfmtv.com/international/afrique/algerie/algerie-un-homme-disparu-depuis-26-ans-retrouve-sequestre-chez-son-voisin_AD-202405150074.html,2024-05-16 17:44:05,0.0,0.0,0.0,0.0,,Indexable,,0,0,0,0,0,0,0,0,0
48,algerie,12,https://www.francetvinfo.fr/monde/afrique/algerie/,1,200.0,40.0,67.0,23.0,60.0,111.0,713.0,72.0,14.0,,874.0,3.0,1223.0,1.0,874.0,1181.603580941724,1223.0,1180.993968226349,44.82636489128254,1.0,text/html; charset=UTF-8,200.0,OK,Indexable,,"Algérie - Actualité, infos et vidéos en direct",46.0,375.0,"Suivez en direct toute l'actualité 'Algérie' : vivez l'info en live, en images et en vidéos. Participez, commentez et partager avec Franceinfo en temps réel ! Retrouvez tous nos articles, directs, reportages, témoignages, photos et vidéos sur le thème 'Algérie'",261.0,1550.0,,0.0,0.0,,0.0,Algérie,7.0,,0.0,,0.0,,0.0,"index, follow, noarchive","max-snippet:300, max-image-preview:large, max-video-preview:3",,,,,https://www.francetvinfo.fr/monde/afrique/algerie/,https://www.francetvinfo.fr/monde/afrique/algerie/2.html,,,,,438954.0,60487.0,2992.0,595.0,0,0,Easy,0,0.0,3.0,,4.0,1.0,0.0,0,352.0,291.0,0.0,35.0,32.0,0.0,,,,,569a135c5dff7c9adcafeaeefd1f5489,0,,,,,1.1,https://www.francetvinfo.fr/monde/afrique/algerie/,2024-05-16 17:43:58,0.0,0.0,0.0,0.0,,Indexable,,0,0,0,0,0,0,0,0,0
49,algerie,13,https://www.jeuneafrique.com/pays/algerie/,1,200.0,33.0,82.0,66.0,61.0,67.0,90091.0,109.0,14.0,37.0,736.0,3.0,1701.0,0.0,1390.0,3116.4884831525233,2132.0,5133.51585342929,1136.4999999999986,3.0,text/html; charset=UTF-8,403.0,Forbidden,Non-Indexable,Client Error,,0.0,0.0,,0.0,0.0,,0.0,0.0,,0.0,,0.0,,0.0,,0.0,,0.0,,,,,,,,,,,,,0.0,0.0,0.0,,0,0,,0,0.0,2.0,,0.0,0.0,0.0,0,0.0,0.0,0.0,0.0,0.0,0.0,,,,,,0,,,,,1.1,https://www.jeuneafrique.com/pays/algerie/,2024-05-16 17:43:53,,,,,,,,0,0,0,0,0,0,0,0,0
50,algerie,14,https://www.xerficanal.com/economie/emission/Alexandre-Mirlicourtois-L-Algerie-rafle-la-3eme-place-des-economies-africaines_3752748.html,1,,,,,,3.0,12.0,0.0,0.0,,11627.0,3.0,11810.0,35.0,3171.0,1806.749858765552,3278.0,1714.5656938077614,22.5,30.0,text/html; charset=UTF-8,200.0,OK,Indexable,,"Alexandre Mirlicourtois, L'Algérie rafle la 3ème place des économies africaines - Décryptage éco - xerficanal.com",113.0,991.0,"L’Algérie raflera la troisième place des économies africaines cette année à la faveur du déclin nigérien, certes, mais plus encore à celle...",141.0,837.0,,0.0,0.0,"Economie mondiale, Pétrole, Gaz, Afrique, Economie, Algérie, Maghreb",68.0,L'Algérie rafle la 3ème place des économies africaines,54.0,,0.0,Alexandre Mirlicourtois,23.0,Alexandre Mirlicourtois,23.0,"noodp, index, follow, all",,,,,,,,,,,,77707.0,77707.0,1218.0,235.0,0,0,Normal,0,0.0,2.0,,8.0,1.0,0.0,0,110.0,63.0,0.0,18.0,14.0,0.0,,,,,f389e4f22a4d44bcd3a261ee0e6d5549,0,,,,,1.1,https://www.xerficanal.com/economie/emission/Alexandre-Mirlicourtois-L-Algerie-rafle-la-3eme-place-des-economies-africaines_3752748.html,2024-05-16 17:43:55,0.0,0.0,0.0,0.0,,Indexable,,0,0,0,0,0,0,0,0,0
51,algerie,15,https://www.tsa-algerie.com/comment-lalgerie-est-en-train-de-devenir-la-2e-puissance-economique-dafrique/,1,,,,,,,,,,24.0,1323.0,3.0,2440.0,11.0,1386.0,2231.092904684906,2885.0,3707.912475448215,372.49999999999955,9.0,text/html; charset=UTF-8,200.0,OK,Indexable,,L’Algérie en route pour devenir la 2e plus grande économie d’Afrique,68.0,603.0,"L’Algérie va se hisser sur le podium des plus grandes économies africaines en 2024, selon le FMI. Un expert du cabinet Xerfi donne des explications.",148.0,917.0,,0.0,0.0,,0.0,Categories,10.0,Comment l’Algérie est en train de devenir la 2e puissance économique d’Afrique,78.0,Publicité,9.0,...,3.0,max-image-preview:large,,,,,,https://www.tsa-algerie.com/comment-lalgerie-est-en-train-de-devenir-la-2e-puissance-economique-dafrique/,,,,,,86824.0,26212.0,1266.0,178.0,0,0,Easy,0,0.0,1.0,,24.0,2.0,0.0,0,68.0,27.0,0.0,10.0,10.0,0.0,,,,,eab085d97f8b0c454f2ec43ed2ff0753,0,,,,,1.1,https://www.tsa-algerie.com/comment-lalgerie-est-en-train-de-devenir-la-2e-puissance-economique-dafrique/,2024-05-16 17:44:06,0.0,0.0,0.0,0.0,,Indexable,,0,0,0,0,0,0,0,0,0
52,algerie,16,https://www.la-croix.com/Monde/Afrique/Algerie-vers-lelection-presidentielle,1,200.0,168.0,64.0,32.0,57.0,51.0,495.0,257.0,30.0,43.0,1212.0,9.0,1848.0,12.0,1212.0,1192.1946415074553,1848.0,3604.071738014857,1250.5000000000005,12.0,text/html; charset=UTF-8,200.0,OK,Indexable,,"Algérie : actu, info, données pays",34.0,289.0,"L'actu et les dernières infos sur l'Algérie, pays d'Afrique du Nord, dirigé par Abdelmadjid Tebboune depuis le 19 décembre 2019. Alger en est sa capitale",153.0,937.0,,0.0,0.0,,0.0,Algérie : dernières actus,25.0,,0.0,Les derniers articles,21.0,"Qui sont les bienheureux martyrs d’Algérie, fêtés le 8 mai ?",60.0,"max-snippet:-1, max-image-preview:large, max-video-preview:-1",,,,,,https://www.la-croix.com/Monde/Afrique/Algerie-vers-lelection-presidentielle,https://www.la-croix.com/Monde/Afrique/Algerie-vers-lelection-presidentielle?page=2,,,,,207532.0,26311.0,1896.0,476.0,0,0,Easy,0,0.0,2.0,,4.0,1.0,0.0,0,368.0,284.0,0.0,22.0,22.0,0.0,,,,,1bee78754ee6fc996cb71820ea349bc6,0,,,,,1.1,https://www.la-croix.com/Monde/Afrique/Algerie-vers-lelection-presidentielle,2024-05-16 17:44:27,0.0,0.0,0.0,0.0,,Indexable,,0,0,0,0,0,0,0,0,0
53,algerie,18,https://www.france24.com/fr/tag/alg%C3%A9rie/,1,200.0,396.0,77.0,58.0,64.0,225.0,59359.0,83.0,28.0,31.0,1921.0,5.0,2126.0,8.0,1921.0,1992.467417960431,2126.0,1474.9318690355626,176.9999999999999,8.0,,,,,,,,,,,,,,,,,,,,,,,,,,,,,,,,,,,,,,,,,0,0,,0,,,,,,,0,,,,,,,,,,,,0,,,,,,,,,,,,,,,0,0,0,0,0,0,0,0,0
54,algerie,19,https://www.lefigaro.fr/international/algerie-un-homme-disparu-depuis-26-ans-retrouve-sequestre-chez-son-voisin-20240515,1,,,,,,,,,,45.0,718.0,6.0,1090.0,9.0,718.0,1861.930349191279,1090.0,3656.374652938866,460.8913499553537,9.0,text/html,403.0,Forbidden,Non-Indexable,Client Error,,0.0,0.0,,0.0,0.0,,0.0,0.0,,0.0,,0.0,,0.0,,0.0,,0.0,,,,,,,,,,,,,515.0,515.0,0.0,,0,0,,0,0.0,1.0,,0.0,0.0,0.0,0,0.0,0.0,0.0,0.0,0.0,0.0,,,,,,0,,,,,1.1,https://www.lefigaro.fr/international/algerie-un-homme-disparu-depuis-26-ans-retrouve-sequestre-chez-son-voisin-20240515,2024-05-16 17:44:24,,,,,,,,0,0,0,0,0,0,0,0,0
55,algerie,20,https://www.lepoint.fr/tags/algerie,1,,,71.0,44.0,68.0,621.0,1138.0,0.0,0.0,,981.0,4.0,1197.0,3.0,981.0,1742.3354134348424,1197.0,1925.2147290600249,90.50000000000023,3.0,text/html; charset=UTF-8,200.0,OK,Indexable,,Algérie : Actualités et dernières infos,39.0,323.0,"Retrouvez toute l’actualité de Algérie. Suivez nos dernières informations, reportages, décryptages et analyses sur Le Point.",124.0,755.0,,0.0,0.0,,0.0,Algérie,7.0,,0.0,"Tensions Maroc-Algérie : le sport, le grand perdant",51.0,Algérie : le président Tebboune défend la doxa d’une économie spécifique,72.0,"index, follow, max-snippet:-1, max-image-preview:large, max-video-preview:-1",,,,,,https://www.lepoint.fr/tags/algerie,,,,,,419342.0,84936.0,8483.0,1310.0,0,0,Easy,0,0.0,1.0,,0.0,0.0,0.0,0,345.0,310.0,0.0,5.0,5.0,0.0,,,,,f8cf209c31fb71840c095d586371783d,0,,,,,1.1,https://www.lepoint.fr/tags/algerie,2024-05-16 17:44:00,0.0,0.0,0.0,0.0,,Indexable,,0,0,0,0,0,0,0,0,0
56,algerie foot,1,https://www.dzfoot.com/,0,200.0,27.0,84.0,39.0,75.0,23451.0,13194.0,73.0,6.0,47.0,1489.0,10.0,2879.0,12.0,1496.0,1426.5164088886168,2613.0,2827.038675080684,169.5,18.0,text/html,403.0,Forbidden,Non-Indexable,Client Error,,0.0,0.0,,0.0,0.0,,0.0,0.0,,0.0,,0.0,,0.0,,0.0,,0.0,,,,,,,,,,,,,0.0,0.0,0.0,,0,0,,0,0.0,0.0,,0.0,0.0,0.0,0,0.0,0.0,0.0,0.0,0.0,0.0,,,,,,0,,,,,1.1,https://www.dzfoot.com/,2024-05-16 17:44:27,,,,,,,,0,0,0,0,0,0,0,0,0
57,algerie foot,2,https://www.lequipe.fr/Football/FootballFicheSelection948.html,0,200.0,649.0,75.0,58.0,49.0,36.0,65098.0,326.0,4.0,71.0,840.0,6.0,1602.0,8.0,840.0,2571.613244166442,1602.0,4428.177754929022,1495.9930534468044,8.0,text/html; charset=utf-8,200.0,OK,Indexable,,Équipe d'Algérie de football - L'Équipe,39.0,330.0,"Toute l'actualité de la sélection de l'Algérie.Les dernières infos de l'équipe nationale. Retrouvez le palmarès, le calendrier, toutes les stats et également l'effectif ainsi que les fiches des joueurs.",202.0,1183.0,,0.0,0.0,,0.0,Algérie,7.0,,0.0,palmarès de l'Algérie,21.0,effectif,8.0,"index,follow, max-snippet:-1,max-image-preview:large,max-video-preview:5",,,,,,https://www.lequipe.fr/Football/FootballFicheSelection948.html,,,,,,643531.0,84635.0,622.0,271.0,0,0,Very Easy,0,0.0,1.0,,19.0,2.0,0.0,0,373.0,316.0,0.0,0.0,0.0,0.0,,,,,1bc70f4a485b9e6726e266502bb01013,0,,,,,1.1,https://www.lequipe.fr/Football/FootballFicheSelection948.html,2024-05-16 17:43:52,0.0,0.0,0.0,0.0,,Indexable,,0,0,0,0,0,0,0,0,0
58,algerie foot,3,https://www.livefoot.fr/afrique/algerie.php,0,200.0,72.0,78.0,43.0,50.0,5.0,71789.0,247.0,45.0,84.0,1191.0,3.0,1847.0,5.0,1191.0,3074.3722940059306,1847.0,8360.038352809897,1378.4999999999995,5.0,text/html; charset=utf-8,200.0,OK,Indexable,,"Algérie Football: Actualité, Infos, Mercato et Transfert.",57.0,477.0,"Algérie Foot - Actualites sur le Football Algérien: équipe national, Division 1, Division 2, CAN 2021, JS Kabylie, USM Alger, ASO Chlef, ES Setif, JSK, ASO, ESS, USMA etc...",173.0,1036.0,,0.0,0.0,"algérie,afrique,can,CAN 2021,livefoot,actualites,actualite,news,livefoot.fr,football,foot",89.0,Algérie,7.0,,0.0,,0.0,,0.0,"index, follow, max-image-preview:large, max-snippet:-1, max-video-preview:-1",,,,,,https://www.livefoot.fr/afrique/algerie.php,,,,,,135865.0,21046.0,2589.0,478.0,0,0,Easy,0,0.0,1.0,,20.0,1.0,0.0,0,301.0,248.0,0.0,81.0,49.0,0.0,,,,,fa45242058bca5ef0957251e201e4929,0,,,,,1.1,https://www.livefoot.fr/afrique/algerie.php,2024-05-16 17:43:51,0.0,0.0,0.0,0.0,,Indexable,,0,0,0,0,0,0,0,0,0
59,algerie foot,4,https://foot-africa.com/fr/lalgerie-retirer-de-la-caf,0,,,,,,,,,,,4996.0,12.0,5154.0,11.0,4996.0,4422.165573870241,5154.0,3746.5001513100897,554.9999999999998,11.0,text/html; charset=UTF-8,200.0,OK,Non-Indexable,Canonicalised,L'Algérie Veut Se Retirer De La CAF !,37.0,319.0,L'Algérie serait sur le point de la Confédération africaine de football (CAF) et envisage sérieusement de rejoindre la Confédération asiatique de football,154.0,928.0,,0.0,0.0,,0.0,« Au revoir Mama Africa ».. L’Algérie veut se retirer de la CAF !,65.0,,0.0,L’Algérie tourne la page CAF !,30.0,Navigation de l’article,23.0,"follow, index, max-snippet:-1, max-video-preview:-1, max-image-preview:large",,,,,,https://foot-africa.com/fr/lalgerie-retirer-de-la-caf/,,,,,,180838.0,28940.0,472.0,70.0,0,0,Easy,0,0.0,1.0,,4.0,1.0,0.0,0,180.0,67.0,0.0,12.0,9.0,0.0,,,,,2cadbbbe81b93daf1a175df84d2c853d,0,"Thu, 16 May 2024 15:44:24 GMT",,,,1.1,https://foot-africa.com/fr/lalgerie-retirer-de-la-caf,2024-05-16 17:44:14,0.0,0.0,0.0,0.0,,Non-Indexable,Canonicalised,0,0,0,0,0,0,0,0,0
60,algerie foot,5,https://observalgerie.com/2024/05/14/sports/eliminatoires-mondial-2026-algerie-jouera-pas-maroc/,0,,,,,,,,,,43.0,1397.0,3.0,1502.0,13.0,1397.0,2225.87609587618,1502.0,7745.807301709472,1091.9982944550645,13.0,text/html; charset=UTF-8,200.0,OK,Indexable,,Éliminatoires du mondial 2026 : L'Algérie ne jouera pas au Maroc,64.0,569.0,"Dans moins de 20 jours, l'équipe d'Algérie jouera deux matchs comptant pour les éliminatoires de la Coupe du monde 2026, dont la phase finale est prévue au",155.0,975.0,,0.0,0.0,,0.0,Éliminatoires du mondial 2026 : L'Algérie ne jouera pas au Maroc,64.0,,0.0,Quel pays accueillera le match Ouganda-Algérie ?,48.0,La FAF a fait des pieds et des mains pour ne pas jouer au Maroc,63.0,"follow, index, max-snippet:-1, max-video-preview:-1, max-image-preview:large",,,,,,https://observalgerie.com/2024/05/14/sports/eliminatoires-mondial-2026-algerie-jouera-pas-maroc/,,,,,,92059.0,22408.0,669.0,85.0,0,0,Fairly Easy,0,0.0,5.0,,3.0,1.0,0.0,0,35.0,26.0,0.0,7.0,4.0,0.0,,,,,49b3a2ee1a2d2b10e5ce91a743992e2c,0,"Thu, 16 May 2024 15:27:58 GMT",,,,1.1,https://observalgerie.com/2024/05/14/sports/eliminatoires-mondial-2026-algerie-jouera-pas-maroc/,2024-05-16 17:44:09,0.0,0.0,0.0,0.0,,Indexable,,0,0,0,0,0,0,0,0,0
61,algerie foot,6,https://fr.wikipedia.org/wiki/%C3%89quipe_d%27Alg%C3%A9rie_de_football,0,,,68.0,35.0,62.0,187.0,45.0,0.0,0.0,,1305.0,5.0,1292.0,5.0,862.0,1891.0276516721447,927.0,2067.75,513.4999999999999,6.0,,,,,,,,,,,,,,,,,,,,,,,,,,,,,,,,,,,,,,,,,0,0,,0,,,,,,,0,,,,,,,,,,,,0,,,,,,,,,,,,,,,0,0,0,0,0,0,0,0,0
62,algerie foot,7,https://www.faf.dz/,0,0.0,1165099111.0,77.0,19.0,70.0,442.0,8132.0,0.0,0.0,49.0,4440.0,3.0,5553.0,10.0,3658.0,2522.2536458449285,4310.0,2592.601289206578,22.999999999999773,7.0,text/html; charset=UTF-8,200.0,OK,Indexable,,FAF – Fédération algérienne de football,39.0,350.0,,0.0,0.0,,0.0,0.0,,0.0,Publisher,9.0,,0.0,74e CONGRES DE LA FIFA : MOBILISATION DES ASSOCIATIONS MEMBRES DE LA FIFA CONTRE LE RACISME DANS LE FOOTBALL,108.0,DTN- FORMATION : CLÔTURE DU 1E MODULE DE FORMATION FÉDÉRALE DES PRÉPARATEURS PHYSIQUES,86.0,,,,,,,https://www.faf.dz/,,,,,,93354.0,93354.0,374.0,82.0,0,0,Easy,0,0.0,0.0,,13.0,1.0,0.0,0,75.0,39.0,0.0,25.0,21.0,0.0,,,,,dc7e947775a6ed630dfb3b6baf13d9ba,0,,,,,1.1,https://www.faf.dz/,2024-05-16 17:43:55,0.0,0.0,0.0,0.0,,Indexable,,0,0,0,0,0,0,0,0,0
63,algerie foot,8,https://lagazettedufennec.com/,0,200.0,966.0,79.0,39.0,62.0,305.0,49201.0,104.0,7.0,45.0,3104.0,4.0,3864.0,4.0,3148.0,2279.3924013423216,3742.0,2974.5854713502304,13.0,9.0,text/html; charset=UTF-8,200.0,OK,Indexable,,La Gazette du Fennec - Le Foot et les Fennecs en live,53.0,468.0,"Le site web spécialisé de l'Equipe Nationale Algérienne de football. Analyses, reportages, interviews exclusives.",113.0,687.0,,0.0,0.0,,0.0,La Gazette du Fennec,20.0,,0.0,Elim. Mondial 2026 | Algérie-Guinée : Le scandaleux Ghislain Atcho au sifflet !,79.0,Mercato : Amine Gouiri devrait rester à Rennes,46.0,"index, follow, max-image-preview:large, max-snippet:-1, max-video-preview:-1",,,,,,https://lagazettedufennec.com/,,,,,,286731.0,35434.0,2018.0,361.0,0,0,Very Easy,0,0.0,0.0,,7.0,1.0,0.0,0,207.0,103.0,0.0,14.0,8.0,0.0,,,,,fe2c533bc6ff4f4066712a2c5b5bd69f,0,,,,,1.1,https://lagazettedufennec.com/,2024-05-16 17:43:50,0.0,0.0,0.0,0.0,,Indexable,,0,0,0,0,0,0,0,0,0
64,algerie foot,9,https://dzballon.com/,0,200.0,45.0,84.0,45.0,54.0,198.0,41965.0,24.0,0.0,,1530.0,3.0,3024.0,1.0,,561.5196531531278,,561.5196531531278,0.0,,text/html; charset=UTF-8,200.0,OK,Indexable,,DzBallon - L'actu du football algérien,38.0,321.0,"Suivez de près les Verts et toute l'actualité de l'équipe d'Algérie. Notre site est la référence pour les news, les analyses et les dernières informations sur les Fennecs. Découvrez tout ce qu'il y a à savoir sur le football en Algérie, des performances des joueurs aux événements marquants, en restant toujours au cœur de l'action.",332.0,2001.0,,0.0,0.0,,0.0,,0.0,,0.0,Provocations du Maroc : Réunion au sommet entre la FAF et la CAF,64.0,Petkovic établit sa liste pour juin,35.0,"follow, index, max-snippet:-1, max-video-preview:-1, max-image-preview:large",,,,,,https://dzballon.com/,https://dzballon.com/page/2/,,,,,285040.0,67558.0,420.0,63.0,0,0,Very Easy,0,0.0,0.0,,2.0,1.0,0.0,0,82.0,22.0,0.0,0.0,0.0,0.0,,,,,306aeba9d023d7e25405d25204046f2c,0,"Thu, 16 May 2024 10:38:44 GMT",,,,1.1,https://dzballon.com/,2024-05-16 17:44:23,0.0,0.0,0.0,0.0,,Indexable,,0,0,0,0,0,0,0,0,0
65,algerie foot,10,https://www.footmercato.net/selection/algerie/,0,,,65.0,18.0,58.0,66.0,439.0,0.0,0.0,33.0,881.0,2.0,1081.0,2.0,881.0,1331.8823069353332,1081.0,1557.081040488837,137.9999999999999,2.0,text/html; charset=UTF-8,200.0,OK,Indexable,,"Équipe Algérie Football : Sélection, Résultat Match, Compo",58.0,517.0,"Fiche de la sélection de Football Algérie : Retrouvez toutes les actualités, les matchs, résultats et les statistiques complètes.",129.0,767.0,,0.0,0.0,,0.0,Algérie,7.0,,0.0,À la une,8.0,Entraîneurs,11.0,max-image-preview:large,,,,,,https://www.footmercato.net/selection/algerie/,,,,,,155323.0,23468.0,534.0,182.0,0,0,Very Easy,0,0.0,2.0,,7.0,2.0,0.0,0,91.0,71.0,0.0,11.0,11.0,0.0,,,,,ac371777c6520e15aa7152b1d03defed,0,,,,,1.1,https://www.footmercato.net/selection/algerie/,2024-05-16 17:44:11,0.0,0.0,0.0,0.0,,Indexable,,0,0,0,0,0,0,0,0,0
66,algerie foot,11,https://algerie.football/,1,200.0,3250.0,84.0,23.0,79.0,10286.0,32529.0,65.0,1.0,,2656.0,6.0,2927.0,5.0,2656.0,2467.5904933661163,2927.0,4309.143511649953,1088.9697377456298,5.0,text/html; charset=UTF-8,200.0,OK,Indexable,,Accueil - Algérie Football,26.0,219.0,Algérie Football Accueil,24.0,147.0,algerie.football : Site web du football algérien - les news et vidéos sur équipe d'Algérie -Ligue 1 algérie,107.0,626.0,,0.0,Algérie Football,16.0,,0.0,Fil des News,12.0,LES 5 DERNIERES VIDEOS,22.0,"index, follow, max-image-preview:large, max-snippet:-1, max-video-preview:-1",,,,,,https://algerie.football/,,,,,,340821.0,37751.0,1602.0,335.0,0,0,Very Easy,0,0.0,0.0,,20.0,1.0,0.0,0,193.0,63.0,0.0,1.0,1.0,0.0,,,,,5a0ca11090e3a6e6ee6e2ff25e651b3f,0,"Wed, 15 May 2024 17:21:53 GMT",,,,1.1,https://algerie.football/,2024-05-16 17:43:58,0.0,0.0,0.0,0.0,,Indexable,,0,0,0,0,0,0,0,0,0
67,algerie foot,12,https://www.flashscore.fr/football/algerie/ligue-1/,1,,,66.0,32.0,,0.0,211.0,0.0,0.0,47.0,1539.0,15.0,1671.0,11.0,800.0,1645.1513420362976,1631.0,4162.982392223417,1182.1108834424615,26.0,text/html; charset=UTF-8,200.0,OK,Non-Indexable,Redirected,"Résultats de Ligue 1 2023/2024 en direct, scores, Football Algérie | Flashscore.fr",82.0,709.0,"Les résultats de Ligue 1 2023/2024 ainsi que le livescore, scores, classements de Ligue 1 2023/2024 et détails du match (buteurs, cartons rouges, …) vous sont offerts par Flashscore.fr",184.0,1143.0,,0.0,0.0,,0.0,"Résultats de Ligue 1 2023/2024, scores en direct, classements",61.0,,0.0,Football Algérie,16.0,,0.0,"index,follow",,,,,0;url=https://m.flashscore.fr/,,,,,,,194478.0,42376.0,647.0,99.0,0,0,Normal,0,0.0,3.0,,2.0,1.0,0.0,0,363.0,331.0,0.0,10.0,9.0,0.0,,,,,c4040a8e53efb67bf9b9b51c37acaff8,0,,https://m.flashscore.fr/,Meta Refresh Redirect,,1.1,https://www.flashscore.fr/football/algerie/ligue-1/,2024-05-16 17:44:23,0.0,0.0,0.0,0.0,,Non-Indexable,Redirected,0,0,0,0,0,0,0,0,0
68,algerie foot,13,https://www.dzfoot.com/category/football-en-algerie,1,,,77.0,28.0,44.0,1.0,12340.0,0.0,0.0,68.0,1639.0,,1928.0,2.0,1496.0,1275.4675586825492,2613.0,2501.701431573356,88.00000000000045,18.0,text/html,403.0,Forbidden,Non-Indexable,Client Error,,0.0,0.0,,0.0,0.0,,0.0,0.0,,0.0,,0.0,,0.0,,0.0,,0.0,,,,,,,,,,,,,0.0,0.0,0.0,,0,0,,0,0.0,1.0,,0.0,0.0,0.0,0,0.0,0.0,0.0,0.0,0.0,0.0,,,,,,0,,,,,1.1,https://www.dzfoot.com/category/football-en-algerie,2024-05-16 17:43:59,,,,,,,,0,0,0,0,0,0,0,0,0
69,algerie foot,14,https://www.competition.dz/,1,0.0,128988431.0,74.0,13.0,62.0,76.0,3417.0,0.0,0.0,,3205.0,4.0,4252.0,1.0,2690.0,1523.4417331007362,3931.0,2621.28330880823,83.49999999999955,6.0,text/html; charset=utf-8,200.0,OK,Indexable,,Competition.dz - Le site du football algérien,45.0,383.0,"Compétition est le plus ancien journal sportif algérien, consacré presque exclusivement au football, avec une page dédiée à l'automobile. Le journal détient plusieurs revues, dont Auto, Mobile, Numéric.",202.0,1239.0,,0.0,0.0,,0.0,Competition.dz - Le site du football algérien,45.0,"MCA-USMA : Mouloudia, ton jour est arrivé !",43.0,Algérie-Guinée : L’énième provocation de la CAF,47.0,Amoura : Lille se met de la partie,34.0,,,,,,,,,,,,,64333.0,12864.0,678.0,203.0,0,0,Very Easy,0,0.0,0.0,,13.0,1.0,0.0,0,112.0,64.0,0.0,4.0,2.0,0.0,,,,,6c04e0b2a0237543b044f4f5ee7b6e35,0,"Thu, 16 May 2024 15:43:45 GMT",,,,1.1,https://www.competition.dz/,2024-05-16 17:43:44,0.0,0.0,0.0,0.0,,Indexable,,0,0,0,0,0,0,0,0,0
70,algerie foot,15,https://www.footmercato.net/selection/algerie/actualite,1,,,49.0,3.0,,0.0,11.0,0.0,0.0,27.0,881.0,2.0,1081.0,2.0,881.0,981.9644248418804,1081.0,1538.9657900922375,234.50000000000023,2.0,text/html; charset=UTF-8,200.0,OK,Indexable,,Actualité Équipe de Foot Algérie - News,39.0,348.0,"Algérie : retrouvez toute l'actualité de l'équipe nationale de football : résultats, billetterie, effectif, calendrier et statistiques...",137.0,759.0,,0.0,0.0,,0.0,Actu Algérie,12.0,,0.0,,0.0,,0.0,max-image-preview:large,,,,,,https://www.footmercato.net/selection/algerie/actualite,,,,,,140673.0,20601.0,843.0,216.0,0,0,Very Easy,0,0.0,2.0,,9.0,2.0,0.0,0,138.0,68.0,0.0,11.0,11.0,0.0,,,,,4ac43f5d05c121f3fe880fdd5546b9d,0,,,,,1.1,https://www.footmercato.net/selection/algerie/actualite,2024-05-16 17:43:51,0.0,0.0,0.0,0.0,,Indexable,,0,0,0,0,0,0,0,0,0
71,algerie foot,16,https://www.youtube.com/channel/UCJZJZbe3-1Vds7397bxch2Q/featured,1,,,,,,,,,,97.0,1245.0,2.0,1232.0,0.0,1080.0,908.0050513224469,1066.0,1125.3550513224468,22.5,0.0,application/binary,302.0,Found,Non-Indexable,Redirected,,0.0,0.0,,0.0,0.0,,0.0,0.0,,0.0,,0.0,,0.0,,0.0,,0.0,,,,,,,,,,,,,0.0,0.0,0.0,,0,0,,0,0.0,2.0,,0.0,0.0,0.0,0,0.0,0.0,0.0,0.0,0.0,0.0,,,,,,0,,https://consent.youtube.com/m?continue=https%3A%2F%2Fwww.youtube.com%2Fchannel%2FUCJZJZbe3-1Vds7397bxch2Q%2Ffeatured%3Fcbrd%3D1&gl=FR&m=0&pc=yt&cm=2&hl=fr&src=1,HTTP Redirect,,1.1,https://www.youtube.com/channel/UCJZJZbe3-1Vds7397bxch2Q/featured,2024-05-16 17:44:24,,,,,,,,0,0,0,0,0,0,0,0,0
72,algerie foot,17,https://www.lequipe.fr/Football/Championnat-d-algerie/,1,200.0,1828.0,,,,0.0,0.0,241.0,4.0,72.0,840.0,6.0,1602.0,8.0,840.0,3764.1483592881104,1602.0,4751.2107387189935,2173.6573200991083,8.0,text/html; charset=utf-8,200.0,OK,Indexable,,Résultats championnat d'Algérie en direct - Football - L'Équipe,63.0,544.0,Toute l'actualité du Championnat d'Algérie de Football : infos résultats classements ES Setif USM Alger,103.0,637.0,,0.0,0.0,,0.0,,0.0,,0.0,Deux membres du MC El Bayadh décèdent dans un accident de bus,61.0,Cris a des touches en Algérie,29.0,"index,follow, max-snippet:-1,max-image-preview:large,max-video-preview:5",,,,,,https://www.lequipe.fr/Football/Championnat-d-algerie/,,,,,,641462.0,89591.0,341.0,148.0,0,0,Very Easy,0,0.0,2.0,,0.0,0.0,0.0,0,288.0,265.0,0.0,0.0,0.0,0.0,,,,,5f65ca1c5f85f84d461f0952a37f8f53,0,,,,,1.1,https://www.lequipe.fr/Football/Championnat-d-algerie/,2024-05-16 17:44:06,0.0,0.0,0.0,0.0,,Indexable,,0,0,0,0,0,0,0,0,0
73,algerie foot,18,https://fennecfootball.com/pas-de-jaloux-lequipe-dalgerie-et-celle-du-maroc-perdent-une-bataille-en-europe/,1,,,,,,,,,,58.0,1911.0,4.0,2417.0,4.0,1911.0,1101.9860866080082,2417.0,1636.4671643603606,26.0,4.0,text/html,200.0,OK,Indexable,,"L'équipe d'Algérie et celle du Maroc perdent une bataille en
Europe",67.0,586.0,"L'équipe d'Algérie et celle du Maroc ont toutes les deux perdu une bataille en Europe. En effet, un prix a été décerné",118.0,711.0,,0.0,0.0,,0.0,Pas de jaloux ! L’équipe d’Algérie et celle du Maroc perdent une bataille en Europe,83.0,,0.0,Fennec Football,15.0,Pas de jaloux ! L’équipe d’Algérie et celle du Maroc perdent une bataille en Europe,83.0,"index, follow, max-image-preview:large, max-snippet:-1, max-video-preview:-1",,,,,,https://fennecfootball.com/pas-de-jaloux-lequipe-dalgerie-et-celle-du-maroc-perdent-une-bataille-en-europe/,,,,,,168644.0,25610.0,1413.0,253.0,0,0,Fairly Easy,0,0.0,1.0,,5.0,1.0,0.0,0,103.0,66.0,0.0,1.0,1.0,0.0,,,,,baa999635614f8bc29d8219b8179029f,0,"Tue, 14 May 2024 12:00:41 GMT",,,,1.1,https://fennecfootball.com/pas-de-jaloux-lequipe-dalgerie-et-celle-du-maroc-perdent-une-bataille-en-europe/,2024-05-16 17:44:06,0.0,0.0,0.0,0.0,,Indexable,,0,0,0,0,0,0,0,0,0
74,algerie foot,19,https://www.ouest-france.fr/sport/football/equipe-algerie/,1,,,59.0,,55.0,32.0,0.0,0.0,0.0,73.0,1110.0,4.0,1596.0,2.0,1110.0,2468.6846595067645,1596.0,2083.880772415564,246.9999999999999,2.0,text/html;charset=utf-8,403.0,Forbidden,Non-Indexable,Client Error,,0.0,0.0,,0.0,0.0,,0.0,0.0,,0.0,,0.0,,0.0,,0.0,,0.0,,,,,,,,,,,,,583.0,583.0,0.0,,0,0,,0,0.0,3.0,,0.0,0.0,0.0,0,0.0,0.0,0.0,0.0,0.0,0.0,,,,,,0,,,,,1.1,https://www.ouest-france.fr/sport/football/equipe-algerie/,2024-05-16 17:44:05,,,,,,,,0,0,0,0,0,0,0,0,0
75,algerie foot,20,https://fr.wikipedia.org/wiki/Statistiques_et_records_de_l%27%C3%A9quipe_d%27Alg%C3%A9rie_de_football,1,,,32.0,0.0,,2.0,4.0,0.0,0.0,,862.0,2.0,927.0,6.0,862.0,1470.166277086008,927.0,1030.4520401503978,69.5,6.0,,,,,,,,,,,,,,,,,,,,,,,,,,,,,,,,,,,,,,,,,0,0,,0,,,,,,,0,,,,,,,,,,,,0,,,,,,,,,,,,,,,0,0,0,0,0,0,0,0,0
76,algérie,1,https://fr.wikipedia.org/wiki/Alg%C3%A9rie,0,,,84.0,60.0,76.0,13220.0,408.0,0.0,0.0,,1564.0,9.0,1649.0,6.0,862.0,1613.2087381297479,927.0,2203.351139257202,510.5000000000001,6.0,,,,,,,,,,,,,,,,,,,,,,,,,,,,,,,,,,,,,,,,,0,0,,0,,,,,,,0,,,,,,,,,,,,0,,,,,,,,,,,,,,,0,0,0,0,0,0,0,0,0
77,algérie,3,https://perspective.usherbrooke.ca/bilan/servlet/BMPays/DZA,0,,,60.0,10.0,43.0,2.0,1.0,0.0,0.0,,1752.0,,,41.0,1936.0,4639.161969826863,2099.0,5449.667646700525,69.0,40.0,text/html; charset=UTF-8,200.0,OK,Indexable,,Algérie | Pays | Perspective Monde,34.0,304.0,"Informations du pays pour Algérie (Algeria) 
Capitale: Alger",60.0,360.0,,0.0,0.0,,0.0,,0.0,,0.0,,0.0,,0.0,,,,,,,https://perspective.usherbrooke.ca/bilan/servlet/BMPays/DZA,,,,,,4522.0,4522.0,0.0,,0,0,,0,0.0,3.0,,0.0,0.0,0.0,0,0.0,0.0,0.0,0.0,0.0,0.0,,,,,e42ea4573d532fea8e25d164d13bca3e,0,,,,,1.1,https://perspective.usherbrooke.ca/bilan/servlet/BMPays/DZA,2024-05-16 17:44:20,0.0,0.0,0.0,0.0,,Indexable,,0,0,0,0,0,0,0,0,0
78,algérie,4,https://www.jeuneafrique.com/pays/algerie/,0,200.0,33.0,82.0,66.0,61.0,67.0,90091.0,109.0,14.0,37.0,736.0,3.0,1701.0,0.0,1390.0,3116.4884831525233,2132.0,5133.51585342929,1136.4999999999986,3.0,text/html; charset=UTF-8,403.0,Forbidden,Non-Indexable,Client Error,,0.0,0.0,,0.0,0.0,,0.0,0.0,,0.0,,0.0,,0.0,,0.0,,0.0,,,,,,,,,,,,,0.0,0.0,0.0,,0,0,,0,0.0,2.0,,0.0,0.0,0.0,0,0.0,0.0,0.0,0.0,0.0,0.0,,,,,,0,,,,,1.1,https://www.jeuneafrique.com/pays/algerie/,2024-05-16 17:43:53,,,,,,,,0,0,0,0,0,0,0,0,0
79,algérie,5,https://www.france24.com/fr/tag/alg%C3%A9rie/,0,200.0,396.0,77.0,58.0,64.0,225.0,59359.0,83.0,28.0,31.0,1921.0,5.0,2126.0,8.0,1921.0,1992.467417960431,2126.0,1474.9318690355626,176.9999999999999,8.0,,,,,,,,,,,,,,,,,,,,,,,,,,,,,,,,,,,,,,,,,0,0,,0,,,,,,,0,,,,,,,,,,,,0,,,,,,,,,,,,,,,0,0,0,0,0,0,0,0,0
80,algérie,6,https://www.la-croix.com/Monde/Afrique/Algerie-vers-lelection-presidentielle,0,200.0,168.0,64.0,32.0,57.0,51.0,495.0,257.0,30.0,43.0,1212.0,9.0,1848.0,12.0,1212.0,1192.1946415074553,1848.0,3604.071738014857,1250.5000000000005,12.0,text/html; charset=UTF-8,200.0,OK,Indexable,,"Algérie : actu, info, données pays",34.0,289.0,"L'actu et les dernières infos sur l'Algérie, pays d'Afrique du Nord, dirigé par Abdelmadjid Tebboune depuis le 19 décembre 2019. Alger en est sa capitale",153.0,937.0,,0.0,0.0,,0.0,Algérie : dernières actus,25.0,,0.0,Les derniers articles,21.0,"Qui sont les bienheureux martyrs d’Algérie, fêtés le 8 mai ?",60.0,"max-snippet:-1, max-image-preview:large, max-video-preview:-1",,,,,,https://www.la-croix.com/Monde/Afrique/Algerie-vers-lelection-presidentielle,https://www.la-croix.com/Monde/Afrique/Algerie-vers-lelection-presidentielle?page=2,,,,,207532.0,26311.0,1896.0,476.0,0,0,Easy,0,0.0,2.0,,4.0,1.0,0.0,0,368.0,284.0,0.0,22.0,22.0,0.0,,,,,1bee78754ee6fc996cb71820ea349bc6,0,,,,,1.1,https://www.la-croix.com/Monde/Afrique/Algerie-vers-lelection-presidentielle,2024-05-16 17:44:27,0.0,0.0,0.0,0.0,,Indexable,,0,0,0,0,0,0,0,0,0
81,algérie,7,https://www.mfa.gov.dz/fr/discover-algeria/about-algeria,0,200.0,313.0,63.0,23.0,49.0,3.0,9.0,53.0,9.0,84.0,2361.0,,2330.0,10.0,2584.0,909.1105239357926,2901.0,1100.0450639526096,3.9999999999998863,12.0,text/html; charset=utf-8,200.0,OK,Indexable,,L'Algérie en bref,17.0,143.0,L'Algérie en bref,17.0,100.0,,0.0,0.0,,0.0,L'Algérie en bref,17.0,,0.0,,0.0,,0.0,,,,,,,,,,,,,91886.0,27420.0,2762.0,369.0,0,0,Fairly Easy,0,0.0,2.0,,2.0,1.0,0.0,0,62.0,61.0,0.0,9.0,9.0,0.0,,,,,93a5238b505847ee4cd69a2b33a1ae55,0,,,,,1.1,https://www.mfa.gov.dz/fr/discover-algeria/about-algeria,2024-05-16 17:43:54,0.0,0.0,0.0,0.0,,Indexable,,0,0,0,0,0,0,0,0,0
82,algérie,8,https://www.banquemondiale.org/fr/country/algeria,0,200.0,21.0,87.0,75.0,82.0,60168.0,35.0,97.0,273.0,56.0,1545.0,3.0,2139.0,1.0,2478.0,1615.913438078872,3019.0,3169.9580476304473,63.0,3.0,text/html;charset=utf-8,200.0,OK,Indexable,,Algérie,7.0,62.0,"Actualités et informations concernant les activités de la Banque mondiale dans Algérie. Accédez à tous les éléments relatifs à Algérie : données économiques, statistiques, projets, travaux de recherche et dernières actualités.",226.0,1385.0,,0.0,0.0,"Moyen-Orient et Afrique du Nord, Algeria(DZ)",44.0,La Banque mondiale en Algérie,29.0,,0.0,À LA UNE,8.0,L'Algérie en bref,17.0,,,,,,,https://www.banquemondiale.org/fr/country/algeria,,,,,,196745.0,29795.0,1048.0,185.0,0,0,Fairly Easy,0,0.0,2.0,,2.0,1.0,0.0,0,143.0,109.0,0.0,308.0,264.0,0.0,,,,,d40d40e632648e80d0b4f9a67cd5dcc7,0,"Wed, 15 May 2024 14:05:09 GMT",,,,1.1,https://www.banquemondiale.org/fr/country/algeria,2024-05-16 17:44:26,0.0,0.0,0.0,0.0,,Indexable,,0,0,0,0,0,0,0,0,0
83,algérie,9,https://www.lemonde.fr/algerie/,0,200.0,20.0,77.0,59.0,67.0,510.0,181385.0,209.0,49.0,63.0,1113.0,4.0,1380.0,31.0,890.0,1089.8080621446763,1152.0,1369.0,15.0,8.0,text/html;charset=UTF-8,200.0,OK,Indexable,,"Algérie - Actualités, vidéos et infos en direct",47.0,385.0,"Toute l’actualité sur le sujet Algérie. Consultez l’ensemble des articles, reportages, directs, photos et vidéos de la rubrique Algérie publiés par Le Monde.",157.0,939.0,,0.0,0.0,,0.0,Algérie,7.0,,0.0,,0.0,,0.0,"index, follow, noarchive",max-video-preview:3,max-image-preview:large,max-snippet:-1,,,https://www.lemonde.fr/algerie/,,,,,,364731.0,89872.0,3648.0,450.0,0,0,Easy,0,0.0,1.0,,12.0,1.0,0.0,0,306.0,241.0,0.0,18.0,18.0,0.0,,,,,754c2e78c298ad80e6e8ade91737392d,0,,,,,1.1,https://www.lemonde.fr/algerie/,2024-05-16 17:44:12,0.0,0.0,0.0,0.0,,Indexable,,0,0,0,0,0,0,0,0,0
84,algérie,10,https://www.francetvinfo.fr/monde/afrique/algerie/,0,200.0,40.0,67.0,23.0,60.0,111.0,713.0,72.0,14.0,,874.0,3.0,1223.0,1.0,874.0,1181.603580941724,1223.0,1180.993968226349,44.82636489128254,1.0,text/html; charset=UTF-8,200.0,OK,Indexable,,"Algérie - Actualité, infos et vidéos en direct",46.0,375.0,"Suivez en direct toute l'actualité 'Algérie' : vivez l'info en live, en images et en vidéos. Participez, commentez et partager avec Franceinfo en temps réel ! Retrouvez tous nos articles, directs, reportages, témoignages, photos et vidéos sur le thème 'Algérie'",261.0,1550.0,,0.0,0.0,,0.0,Algérie,7.0,,0.0,,0.0,,0.0,"index, follow, noarchive","max-snippet:300, max-image-preview:large, max-video-preview:3",,,,,https://www.francetvinfo.fr/monde/afrique/algerie/,https://www.francetvinfo.fr/monde/afrique/algerie/2.html,,,,,438954.0,60487.0,2992.0,595.0,0,0,Easy,0,0.0,3.0,,4.0,1.0,0.0,0,352.0,291.0,0.0,35.0,32.0,0.0,,,,,569a135c5dff7c9adcafeaeefd1f5489,0,,,,,1.1,https://www.francetvinfo.fr/monde/afrique/algerie/,2024-05-16 17:43:58,0.0,0.0,0.0,0.0,,Indexable,,0,0,0,0,0,0,0,0,0
85,algérie,11,https://www.lepoint.fr/tags/algerie,1,,,71.0,44.0,68.0,621.0,1138.0,0.0,0.0,,981.0,4.0,1197.0,3.0,981.0,1742.3354134348424,1197.0,1925.2147290600249,90.50000000000023,3.0,text/html; charset=UTF-8,200.0,OK,Indexable,,Algérie : Actualités et dernières infos,39.0,323.0,"Retrouvez toute l’actualité de Algérie. Suivez nos dernières informations, reportages, décryptages et analyses sur Le Point.",124.0,755.0,,0.0,0.0,,0.0,Algérie,7.0,,0.0,"Tensions Maroc-Algérie : le sport, le grand perdant",51.0,Algérie : le président Tebboune défend la doxa d’une économie spécifique,72.0,"index, follow, max-snippet:-1, max-image-preview:large, max-video-preview:-1",,,,,,https://www.lepoint.fr/tags/algerie,,,,,,419342.0,84936.0,8483.0,1310.0,0,0,Easy,0,0.0,1.0,,0.0,0.0,0.0,0,345.0,310.0,0.0,5.0,5.0,0.0,,,,,f8cf209c31fb71840c095d586371783d,0,,,,,1.1,https://www.lepoint.fr/tags/algerie,2024-05-16 17:44:00,0.0,0.0,0.0,0.0,,Indexable,,0,0,0,0,0,0,0,0,0
86,algérie,12,https://www.larousse.fr/encyclopedie/pays/Alg%C3%A9rie/104806,1,200.0,1255.0,64.0,39.0,56.0,20.0,98.0,22.0,12.0,75.0,1761.0,8.0,2604.0,48.0,1761.0,1647.528403475566,2604.0,2451.8486293808046,178.5,48.0,,,,,,,,,,,,,,,,,,,,,,,,,,,,,,,,,,,,,,,,,0,0,,0,,,,,,,0,,,,,,,,,,,,0,,,,,,,,,,,,,,,0,0,0,0,0,0,0,0,0
87,algérie,13,https://www.tf1info.fr/international/algerie-28-ans-apres-sa-disparition-un-homme-retrouve-sequestre-dans-l-enclos-de-son-voisin-2299463.html,1,,,,,,,,,,29.0,1255.0,5.0,2788.0,7.0,1255.0,1385.314198572612,2788.0,3596.161196711092,1202.499999999999,7.0,text/html; charset=utf-8,200.0,OK,Indexable,,"Algérie : 26 ans après sa disparition, un homme retrouvé séquestré dans l'enclos de son voisin | TF1 INFO",105.0,926.0,"[VIDÉO] ▶️ Un Algérien porté disparu depuis 26 ans a été retrouvé séquestré chez son voisin dans un village du centre de l'Algérie. L'homme, âgé de 45 ans aujourd'hui, avait disparu sans laisser de traces en 1998. Il aurait été incapable d'alerter sa famille en raison d'un ""sort"" qui lui aurait été jeté. - Algérie : 26 ans après sa disparition, un homme retrouvé séquestré dans l'enclos de son voisin (International) - TF1 INFO",429.0,2575.0,,0.0,0.0,"Insolite,Algérie,Disparition,Fait divers,vidéo International, article-video, vidéo, actualités, info, actu",106.0,"Algérie : 26 ans après sa disparition, un homme retrouvé séquestré dans l'enclos de son voisin",94.0,,0.0,"Un Algérien porté disparu depuis 26 ans a été retrouvé séquestré chez son voisin dans un village du centre de l'Algérie. L'homme, âgé de 45 ans aujourd'hui, avait disparu sans laisser de traces en 1998. Il aurait été incapable d'alerter sa famille en raison d'un ""sort"" qui lui aurait été jeté.",294.0,Sur le même thème,17.0,"index, follow, noarchive, max-snippet:-1, max-image-preview:large, max-video-preview:-1",,,,,,https://www.tf1info.fr/international/algerie-28-ans-apres-sa-disparition-un-homme-retrouve-sequestre-dans-l-enclos-de-son-voisin-2299463.html,,,,,,259196.0,60745.0,1284.0,249.0,0,0,Very Easy,0,0.0,1.0,,0.0,0.0,0.0,0,145.0,135.0,0.0,14.0,14.0,0.0,,,,,99f96cefe6cf19a3017c50afcd24b1a4,0,,,,,1.1,https://www.tf1info.fr/international/algerie-28-ans-apres-sa-disparition-un-homme-retrouve-sequestre-dans-l-enclos-de-son-voisin-2299463.html,2024-05-16 17:44:21,0.0,0.0,0.0,0.0,,Indexable,,0,0,0,0,0,0,0,0,0
88,algérie,14,https://airalgerie.dz/,1,200.0,135.0,81.0,67.0,77.0,6182.0,269.0,52.0,7.0,76.0,,,,,,,,,,,text/html; charset=UTF-8,200.0,OK,Indexable,,Accueil - Algérie,17.0,143.0,"La compagnie aérienne nationale de l'Algérie dans 4 continents, Europe, Afrique, Asie et Amérique en plus d'un réseau de plus de 32 aéroports intérieurs",152.0,941.0,"Site Officiel d'Air Algérie, réservez votre billet d'avion et profitez de nos  meilleures offres, gérez votre réservation et enregistrez-vous en ligne, billets pas chers Algérie, Paris Alger promo,",197.0,1135.0,,0.0,Offres et promotions au départ de,33.0,Besoin d’aide,13.0,Chers visiteurs,15.0,,0.0,"index, follow, max-image-preview:large, max-snippet:-1, max-video-preview:-1",,,,,,https://airalgerie.dz/,,,,,,203230.0,35354.0,816.0,258.0,0,0,Fairly Easy,0,0.0,0.0,,25.0,2.0,0.0,0,104.0,52.0,0.0,9.0,7.0,0.0,,,,,1b3236e6d401525bed52f8ea5a4cf695,0,"Wed, 15 May 2024 09:49:53 GMT",,,,1.1,https://airalgerie.dz/,2024-05-16 17:44:01,0.0,0.0,0.0,0.0,,Indexable,,0,0,0,0,0,0,0,0,0
89,algérie,15,https://www.ouest-france.fr/monde/algerie/en-algerie-un-homme-disparu-depuis-26-ans-retrouve-sequestre-chez-son-voisin-eae2409b-1ada-4d34-9903-bc4b99486c4f,1,,,,,,,,,,38.0,1039.0,3.0,1434.0,2.0,1110.0,1665.211320935335,1596.0,1258.005057768155,51.0,2.0,text/html;charset=utf-8,200.0,OK,Indexable,,"En Algérie, un homme disparu depuis 26 ans retrouvé séquestré chez son voisin",77.0,705.0,"Un homme de 45 ans, porté disparu depuis 26 ans, a été retrouvé séquestré chez son voisin, en Algérie, ont annoncé les autorités ce mardi 14 mai.
Le suspect, âgé de 61 ans, avait continué à vivre comme si de rien n’était.",221.0,1359.0,,0.0,0.0,,0.0,"En Algérie, un homme disparu depuis 26 ans retrouvé séquestré chez son voisin",77.0,,0.0,Retenu dans un enclos de bétail,31.0,,0.0,"max-snippet:-1,max-image-preview:large,max-video-preview:-1",,,,,,https://www.ouest-france.fr/monde/algerie/en-algerie-un-homme-disparu-depuis-26-ans-retrouve-sequestre-chez-son-voisin-eae2409b-1ada-4d34-9903-bc4b99486c4f,,,,,,164460.0,36789.0,800.0,215.0,0,0,Easy,0,0.0,2.0,,0.0,0.0,0.0,0,150.0,121.0,0.0,19.0,19.0,0.0,,,,,f65edfd82fcca62ee07671e65a754b91,0,"Thu, 16 May 2024 15:41:08 GMT",,,,1.1,https://www.ouest-france.fr/monde/algerie/en-algerie-un-homme-disparu-depuis-26-ans-retrouve-sequestre-chez-son-voisin-eae2409b-1ada-4d34-9903-bc4b99486c4f,2024-05-16 17:43:51,0.0,0.0,0.0,0.0,,Indexable,,0,0,0,0,0,0,0,0,0
90,algérie,16,https://fr.wiktionary.org/wiki/Alg%C3%A9rie,1,,,54.0,29.0,49.0,26.0,30.0,0.0,0.0,60.0,1065.0,2.0,1106.0,6.0,1065.0,1018.7085143807768,1106.0,926.9000000000001,1.0,6.0,,,,,,,,,,,,,,,,,,,,,,,,,,,,,,,,,,,,,,,,,0,0,,0,,,,,,,0,,,,,,,,,,,,0,,,,,,,,,,,,,,,0,0,0,0,0,0,0,0,0
91,algérie,18,https://www.universalis.fr/encyclopedie/algerie/,1,200.0,260.0,67.0,27.0,52.0,50.0,571.0,171.0,3.0,65.0,1089.0,2.0,1568.0,6.0,1089.0,2752.3680128733886,1568.0,2811.807830833801,876.5000000000007,6.0,text/html; charset=utf-8,200.0,OK,Indexable,,ALGÉRIE - Encyclopædia Universalis,34.0,317.0,"L’Algérie est le plus grand pays d’Afrique, grâce à l’incorporation du Sahara au territoire national , après l’indépendance. Bien que limitée au...",147.0,867.0,,0.0,0.0,,0.0,ALGÉRIE,7.0,,0.0,,0.0,,0.0,"index, all, follow",,,,,,https://www.universalis.fr/encyclopedie/algerie/,https://www.universalis.fr/encyclopedie/algerie/2-histoire/,,,,,167171.0,34723.0,1687.0,357.0,0,0,Fairly Easy,0,0.0,2.0,,8.0,2.0,0.0,0,205.0,174.0,0.0,2.0,2.0,0.0,,,,,a3fe38f81ce66289b216dabdad0de7de,0,,,,,1.1,https://www.universalis.fr/encyclopedie/algerie/,2024-05-16 17:44:27,0.0,0.0,0.0,0.0,,Indexable,,0,0,0,0,0,0,0,0,0
92,algérie,19,https://www.bfmtv.com/international/afrique/algerie/algerie-un-homme-disparu-depuis-26-ans-retrouve-sequestre-chez-son-voisin_AD-202405150074.html,1,,,,,,,,,,10.0,866.0,,1010.0,9.0,742.0,764.150754077861,1658.0,1035.5794379529257,30.0,10.0,text/html; charset=utf-8,200.0,OK,Indexable,,Algérie: un homme disparu depuis 26 ans retrouvé séquestré chez son voisin,74.0,678.0,"Âgé de 45 ans, l'homme avait disparu depuis 1998. Il a été retrouvé séquestré dans la maison de son voisin dans le centre de l'Algérie ce mardi 14 mai.",151.0,930.0,,0.0,0.0,,0.0,Algérie: un homme disparu depuis 26 ans retrouvé séquestré chez son voisin,74.0,,0.0,Le voisin vivait comme si de rien n'était,41.0,Les plus lus,12.0,"index, follow, noarchive, max-snippet:-1, max-image-preview:large, max-video-preview:10",,,,,,https://www.bfmtv.com/international/afrique/algerie/algerie-un-homme-disparu-depuis-26-ans-retrouve-sequestre-chez-son-voisin_AD-202405150074.html,,,,,,51322.0,12600.0,529.0,128.0,0,0,Very Easy,0,0.0,3.0,,0.0,0.0,0.0,0,121.0,90.0,0.0,28.0,25.0,0.0,,,,,affcbe12c9c8bb0d82d1289537467c2,0,,,,,1.1,https://www.bfmtv.com/international/afrique/algerie/algerie-un-homme-disparu-depuis-26-ans-retrouve-sequestre-chez-son-voisin_AD-202405150074.html,2024-05-16 17:44:05,0.0,0.0,0.0,0.0,,Indexable,,0,0,0,0,0,0,0,0,0
93,algérie,20,https://voyage.gc.ca/destinations/algerie,1,200.0,456.0,65.0,44.0,54.0,38.0,198.0,35.0,64.0,,1719.0,3.0,1966.0,1.0,1511.0,994.2201250599034,1646.0,2160.1973367344167,162.9999999999999,1.0,text/html; charset=utf-8,200.0,OK,Indexable,,Conseils et avertissements pour l'Algérie,41.0,359.0,Conseils aux voyageurs et avertissements officiels du gouvernement du Canada pour l'Algérie,91.0,581.0,,0.0,0.0,,0.0,Conseils aux voyageurs pour l'Algérie,37.0,Niveaux de risque,17.0,Sélection de la langue,22.0,Recherche,9.0,,,,,,,,,,,,,107163.0,38853.0,7324.0,1009.0,0,0,Normal,0,0.0,1.0,,19.0,1.0,0.0,0,57.0,36.0,0.0,81.0,64.0,0.0,,,,,f12ead8e551e6f614531ea1b854f0a71,0,,,,,1.1,https://voyage.gc.ca/destinations/algerie,2024-05-16 17:43:48,0.0,0.0,0.0,0.0,,Indexable,,0,0,0,0,0,0,0,0,0
