,Keyword,Position,Url,Top10,HTTP code BABBAR,TTFB (en ms) BABBAR,Page Value BABBAR,Page Trust BABBAR,Semantic Value BABBAR,Backlinks BABBAR,Backlinks host BABBAR,Host Outlinks BABBAR,Outlinks BABBAR,Score_1fr,Desktop First Contentful Paint Terrain,Desktop First Input Delay Terain,Desktop Largest Contentful Paint Terrain,Desktop Cumulative Layout Shift Terrain,Desktop First Contentful Paint Lab,Desktop Speed Index Lab,Desktop Largest Contentful Paint Lab,Desktop Time to Interactive Lab,Desktop Total Blocking Time Lab,Desktop Cumulative Layout Shift Lab,Content Type,Status Code,Status,Indexability_x,Indexability Status_x,Title 1,Title 1 Length,Title 1 Pixel Width,Title 2,Title 2 Length,Title 2 Pixel Width,Meta Description 1,Meta Description 1 Length,Meta Description 1 Pixel Width,Meta Keywords 1,Meta Keywords 1 Length,H1-1,H1-1 Length,H1-2,H1-2 Length,H2-1,H2-1 Length,H2-2,H2-2 Length,Meta Robots 1,Meta Robots 2,X-Robots-Tag 1,Meta Refresh 1,Canonical Link Element 1,Canonical Link Element 2,"rel=""next"" 1","rel=""prev"" 1","HTTP rel=""next"" 1","HTTP rel=""prev"" 1",amphtml Link Element,Size (bytes),Transferred (bytes),Word Count,Sentence Count,Average Words Per Sentence,Flesch Reading Ease Score,Readability,Text Ratio,Crawl Depth,Folder Depth,Link Score,Inlinks,Unique Inlinks,Unique JS Inlinks,% of Total,Outlinks,Unique Outlinks,Unique JS Outlinks,External Outlinks,Unique External Outlinks,Unique External JS Outlinks,Closest Similarity Match,No. Near Duplicates,Spelling Errors,Grammar Errors,Hash,Response Time,Last Modified,Redirect URL,Redirect Type,Cookies,HTTP Version,URL Encoded Address,Crawl Timestamp,Errors,Warnings,Total Types,Unique Types,Type-1,Indexability_y,Indexability Status_y,Title 1 score,Meta Description 1 score,Meta Keywords 1 score,H1-1 score,H1-2 score,H2-1 score,H2-2 score,Meta Robots 1 score,Url score
0,Croisière,1,https://www.msccroisieres.fr/,0,200.0,26.0,83.0,62.0,80.0,41477.0,1844.0,58.0,66.0,18.0,2710.0,14.0,5851.0,2.0,2672.0,972.9584429699064,4746.0,921.01602304535,0.0,28.0,text/html;charset=UTF-8,200.0,OK,Indexable,,Croisières en Méditerranée et dans le monde | MSC Croisières,60.0,545.0,,0.0,0.0,"MSC Croisières propose des vacances en Méditerranée, dans les Caraïbes, aux Émirats et dans le monde entier. Appelez maintenant au 01 70 74 00 55.",146.0,936.0,,0.0,,0.0,,0.0,nos offres,10.0,NOS MEILLEURES DESTINATIONS,27.0,"INDEX,FOLLOW",,,,https://www.msccroisieres.fr/,,,,,,,286683.0,44140.0,1190.0,226.0,0,0,Fairly Easy,0,0.0,0.0,,25.0,3.0,0.0,0,94.0,59.0,0.0,89.0,64.0,0.0,,,,,a798df560ec97abfeb47f2fee5a98e50,0,,,,,1.1,https://www.msccroisieres.fr/,2024-05-16 17:25:19,0.0,0.0,0.0,0.0,,Indexable,,0,0,0,0,0,0,0,0,0
1,Croisière,2,https://www.costacroisieres.fr/,0,200.0,1057.0,79.0,53.0,69.0,1034.0,255.0,0.0,2.0,,3152.0,10.0,5194.0,11.0,2468.0,7521.730561447144,4549.0,4887.870267611676,526.0,25.0,text/html;charset=utf-8,200.0,OK,Indexable,,Costa Croisières: voyages et vacances en croisière | Costa Croisières,69.0,606.0,,0.0,0.0,Découvrez les offres exclusives et les destinations de rêve Costa Croisières avec le Meilleur Prix Garanti. Visitez le site et préparez votre voyage en croisière !,163.0,965.0,,0.0,,0.0,,0.0,,0.0,,0.0,,,,,https://www.costacroisieres.fr/,,,,,,,124281.0,24251.0,0.0,,0,0,,0,0.0,0.0,,0.0,0.0,0.0,0,0.0,0.0,0.0,0.0,0.0,0.0,,,,,bc4e7189a0446fa37e98a780510432a,0,,,,,1.1,https://www.costacroisieres.fr/,2024-05-16 17:25:19,0.0,0.0,0.0,0.0,,Indexable,,0,0,0,0,0,0,0,0,0
2,Croisière,3,https://www.croisieres.fr/,0,200.0,134.0,89.0,49.0,86.0,263854.0,16258.0,103.0,30.0,95.2,1580.0,3.0,1785.0,5.0,2016.0,873.0324077157068,2026.0,2462.7171140735063,555.9879881930381,19.0,text/html; charset=UTF-8,200.0,OK,Indexable,,croisieres.fr 2024-2025 : Plus de 9000 offres de croisières,59.0,509.0,,0.0,0.0,"Embarquez sur l'une de nos 9000 offres et promotion de croisiere parmi plus de 30 compagnies maritimes comme Costa Croisières, MSC Croisière, Royal Caribbean, Croisieurope, Hurtigruten... en méditerranée, caraibes, Spitzberg, Danube, Cuba... Conseils , infos et devis gratuit",275.0,1714.0,,0.0,Toutes les croisières au meilleur prix,38.0,,0.0,Last Minute Printemps,21.0,Best Seller été,15.0,"index, follow",,,,https://www.croisieres.fr/,,,,,,,557151.0,97860.0,6909.0,1581.0,0,0,Fairly Easy,0,0.0,0.0,,9.0,4.0,0.0,0,232.0,104.0,0.0,59.0,31.0,0.0,,,,,b9a565a2192404b3cda54ffc2ab99005,0,"Thu, 25 Apr 2024 07:40:11 GMT",,,,1.1,https://www.croisieres.fr/,2024-05-16 17:25:06,0.0,0.0,0.0,0.0,,Indexable,,0,0,0,0,0,0,0,0,0
3,Croisière,4,https://voyages.carrefour.fr/accueil/croisiere,0,200.0,48.0,73.0,36.0,,0.0,12803.0,102.0,25.0,37.0,468.0,6.0,973.0,9.0,573.0,916.7637353980052,1058.0,1516.0292980447439,136.9985661642051,22.0,text/html; charset=UTF-8,403.0,Forbidden,Non-Indexable,Client Error,,0.0,0.0,,0.0,0.0,,0.0,0.0,,0.0,,0.0,,0.0,,0.0,,0.0,,,,,,,,,,,,0.0,0.0,0.0,,0,0,,0,0.0,1.0,,0.0,0.0,0.0,0,0.0,0.0,0.0,0.0,0.0,0.0,,,,,,0,,,,,1.1,https://voyages.carrefour.fr/accueil/croisiere,2024-05-16 17:25:30,,,,,,,,0,0,0,0,0,0,0,0,0
4,Croisière,5,"https://www.abcroisiere.com/fr/croisieres/croisiere/destination,0,0/",0,200.0,10.0,81.0,49.0,69.0,141.0,13828.0,106.0,9.0,,762.0,4.0,1479.0,6.0,1093.0,3207.632796576735,1573.0,7779.66304262873,2231.0893081494505,6.0,text/html;charset=UTF-8,200.0,OK,Indexable,,Croisière pas cher : toutes les offres croisières en promo,58.0,497.0,,0.0,0.0,"Réservez votre croisière en promo parmi 5192 croisières. Découvrez les itinéraires de croisière pas cher de tous les armateurs : MSC, Costa, Ponant, CroisiEurope... Comparez nos offres de croisière pas chère et trouvez le meilleur tarif en quelques clics !",256.0,1557.0,"croisières, croisière pas cher, croisière Méditerranée, croisière Caraïbes, croisière Nil / Egypte",98.0,Croisières pas cher !,21.0,,0.0,Ports de départ en Croisière :,30.0,Croisière en promo,18.0,"index,follow",,,,"https://www.abcroisiere.com/fr/croisieres/croisiere/destination,0,0/",,"https://www.abcroisiere.com/fr/croisieres/croisiere/destination,0,0/?pageNo=2",,,,,599138.0,109901.0,2983.0,599.0,0,0,Very Easy,0,0.0,4.0,,16.0,5.0,0.0,0,233.0,101.0,0.0,1.0,1.0,0.0,,,,,c914f13e80c19749a3b0e9b03516bb95,0,"Thu, 16 May 2024 10:17:42 GMT",,,,1.1,"https://www.abcroisiere.com/fr/croisieres/croisiere/destination,0,0/",2024-05-16 17:25:32,0.0,0.0,0.0,0.0,,Indexable,,0,0,0,0,0,0,0,0,0
5,Croisière,6,https://okcroisiere.fr/,0,200.0,90.0,71.0,33.0,62.0,99.0,445.0,35.0,6.0,90.0,1243.0,4.0,1712.0,0.0,1530.0,805.530091836427,1729.0,871.6080882340589,0.0,4.0,text/html; charset=UTF-8,200.0,OK,Indexable,,Comparateur croisières pas chères 2024-2025 dès 139€,52.0,496.0,,0.0,0.0,"Découvrez des croisières pas chères pour 2024 et 2025 ! Évadez-vous vers des destinations de rêve comme les Caraïbes, la Méditerranée, ou les îles grecques. Profitez des meilleures offres et réservez dès maintenant votre voyage inoubliable au meilleur prix sur notre site. Vivez l'aventure d'une croisière luxueuse à un tarif abordable !",337.0,2059.0,,0.0,Votre croisière pas chère !,27.0,,0.0,Des facilités de paiement,25.0,"Le printemps, la saison idéale pour partir explorer les trésors de la Sicile !",78.0,,,,,https://okcroisiere.fr/,,,,,,,315925.0,46615.0,7118.0,1392.0,0,0,Fairly Easy,0,0.0,0.0,,2.0,1.0,0.0,0,39.0,36.0,0.0,6.0,6.0,0.0,,,,,126623f2b9f763ee955a620571332ce0,0,,,,,1.1,https://okcroisiere.fr/,2024-05-16 17:25:24,0.0,0.0,0.0,0.0,,Indexable,,0,0,0,0,0,0,0,0,0
6,Croisière,7,https://centralcruise.com/,0,200.0,49.0,80.0,65.0,70.0,396.0,4528.0,181.0,0.0,98.6,1003.0,3.0,1324.0,1.0,1533.0,1104.3345581214148,1891.0,1372.0056663436646,53.316484173339745,4.0,text/html; charset=UTF-8,200.0,OK,Indexable,,Croisières CENTRALCRUISE : réservez votre croisière au meilleur tarif,69.0,609.0,,0.0,0.0,"L'agence de voyage spécialisée croisières CentralCruise trouve la croisière de vos rêves, de la Méditerranée aux fjords de Norvège… ☎ 04 22 13 21 07",148.0,915.0,,0.0,Agence Spécialisée Croisière : Centralcruise,44.0,,0.0,Trouvez votre croisière,23.0,Les meilleures offres de croisières du moment,45.0,,,,,https://centralcruise.com/,,,,,,,257260.0,32478.0,4198.0,755.0,0,0,Easy,0,0.0,0.0,,9.0,3.0,0.0,0,559.0,182.0,0.0,0.0,0.0,0.0,,,,,c25901b35ee0be82fbd1ac6278bf6ba1,0,"Thu, 16 May 2024 15:25:27 GMT",,,,1.1,https://centralcruise.com/,2024-05-16 17:25:27,0.0,0.0,0.0,0.0,,Indexable,,0,0,0,0,0,0,0,0,0
7,Croisière,8,https://croisiere.promovacances.com/,0,200.0,151.0,84.0,54.0,82.0,25680.0,127.0,36.0,37.0,90.0,1505.0,4.0,2365.0,4.0,1941.0,1571.4258427457562,2580.0,4063.23126857157,582.5000000000002,6.0,text/html;charset=UTF-8,200.0,OK,Indexable,,"Croisière pas chère 2024-2025 : croisières pas chères en Méditerranée, Caraïbes, Fiords",87.0,772.0,,0.0,0.0,"Croisière pas cher 2024 : toutes les offres MSC, Costa, croisières en Méditerranée, Caraïbes... sont sur Promovacances, en 1 clic !",131.0,799.0,,0.0,Croisière : des croisières pas chères pour de grandes vacances !,64.0,,0.0,Nos bons plans,14.0,Nos plus belles destinations,28.0,"index,follow",,,,https://croisiere.promovacances.com/,,,,,,,294790.0,52079.0,1523.0,310.0,0,0,Fairly Easy,0,0.0,0.0,,9.0,3.0,0.0,0,91.0,66.0,0.0,9.0,8.0,0.0,,,,,4fed2259b39af47c9dfc10cea1d3c516,0,,,,,1.1,https://croisiere.promovacances.com/,2024-05-16 17:25:29,0.0,0.0,0.0,0.0,,Indexable,,0,0,0,0,0,0,0,0,0
8,Croisière,9,https://www.bateauxparisiens.com/,0,200.0,6108.0,76.0,51.0,70.0,794.0,113.0,27.0,5.0,,7076.0,3.0,8348.0,4.0,2054.0,1223.0488531103456,2636.0,2355.326360344081,103.0,5.0,text/html;charset=UTF-8,200.0,OK,Indexable,,Bateaux Parisiens – N°1 des croisières sur la Seine,51.0,448.0,,0.0,0.0,Profitez d'un moment privilégié et magique pour une Croisière au centre de Paris !,82.0,503.0,,0.0,Bateaux Parisiens,17.0,La Croisière Commentée,22.0,Les croisières dîner,20.0,Fête des Mères,14.0,,,,,https://www.bateauxparisiens.com/,,,,,,,48121.0,9648.0,482.0,145.0,0,0,Easy,0,0.0,0.0,,3.0,1.0,0.0,0,55.0,34.0,0.0,4.0,4.0,0.0,,,,,131199555c26456e0b0d74dd16e03d3b,0,,,,,1.1,https://www.bateauxparisiens.com/,2024-05-16 17:25:44,0.0,0.0,0.0,0.0,,Indexable,,0,0,0,0,0,0,0,0,0
9,Croisière,10,https://www.tourisme-libournais.com/activites/croisiere-libourne-vayres/,0,200.0,706.0,62.0,52.0,53.0,13.0,36.0,27.0,7.0,,917.0,3.0,1768.0,1.0,917.0,2140.348912077926,1768.0,4896.173028425538,310.4999999999998,1.0,text/html; charset=UTF-8,200.0,OK,Indexable,,Croisière commentée sur la Dordogne de Libourne à Vayres,56.0,524.0,,0.0,0.0,"Entre Libourne et le Château de Vayres, embarquez pour une croisière commentée sur la Dordogne et profitez d'un bon verre de vin offert pendant la traversée.",157.0,977.0,,0.0,Embarquez pour une croisière sur la Dordogne de Libourne à Vayres,65.0,,0.0,Larguez les amarres depuis le port Libournais,45.0,Au programme de la saison 2024,30.0,"index, follow, max-image-preview:large, max-snippet:-1, max-video-preview:-1",,,,https://www.tourisme-libournais.com/activites/croisiere-libourne-vayres/,,,,,,,54142.0,12526.0,552.0,78.0,0,0,Very Easy,0,0.0,2.0,,1.0,1.0,0.0,0,32.0,28.0,0.0,9.0,7.0,0.0,,,,,17a6b8ccb8a806e83198d86aef0e3682,0,,,,,1.1,https://www.tourisme-libournais.com/activites/croisiere-libourne-vayres/,2024-05-16 17:25:17,0.0,0.0,0.0,0.0,,Indexable,,0,0,0,0,0,0,0,0,0
10,Croisière,11,https://www.croisieurope.com/,1,200.0,562.0,83.0,53.0,79.0,24534.0,2445.0,105.0,6.0,43.0,1890.0,3.0,3649.0,74.0,2025.0,3793.109211018688,3085.0,3766.0772540234816,516.0000000000005,16.0,text/html; charset=utf-8,200.0,OK,Indexable,,CroisiEurope : N°1 de la croisière fluviale en Europe  | CroisiEurope,69.0,577.0,,0.0,0.0,"Leader Européen de la croisière fluviale - Croisières sur les canaux, fleuves et mers en Europe et dans le Monde à bord de bateaux à taille humaine.",148.0,903.0,,0.0,Toutes nos croisières et destinations dans le monde,51.0,,0.0,Nos offres du moment,20.0,,0.0,,,,,https://www.croisieurope.com/,,,,,,,302687.0,57814.0,236.0,54.0,0,0,Normal,0,0.0,0.0,,7.0,3.0,0.0,0,156.0,111.0,0.0,4.0,4.0,0.0,,,,,665fb9f366e417ac7a3c7a54f1d62ce8,0,,,,,1.1,https://www.croisieurope.com/,2024-05-16 17:25:14,0.0,0.0,0.0,0.0,,Indexable,,0,0,0,0,0,0,0,0,0
11,Croisière,12,https://www.ponant.com/,1,200.0,80.0,81.0,65.0,73.0,2380.0,413.0,128.0,22.0,,5583.0,8.0,6143.0,3.0,2216.0,1981.758266666629,2492.0,3709.112743743539,418.0000000000009,4.0,text/html; charset=UTF-8,200.0,OK,Indexable,,PONANT - N°1 croisière de luxe et expédition en mer | Ponant,60.0,539.0,,0.0,0.0,"Embarquez à bord de nos prestigieux navires de croisière à la découverte de destinations d’exception : des glaces de l'Antarctique aux lagons du Pacifique, des plages des Caraïbes aux rivages asiatiques.",203.0,1255.0,"croisière, croisières, bateau de croisière, croisière de luxe, catalogue croisière, Ponant",90.0,Quelle sera votre prochaine croisière de luxe avec PONANT ?,59.0,,0.0,Explore,7.0,Inspire,7.0,"INDEX,FOLLOW",,,,https://www.ponant.com/,,,,,,,146254.0,32964.0,1251.0,323.0,0,0,Fairly Easy,0,0.0,0.0,,27.0,2.0,0.0,0,239.0,140.0,0.0,12.0,8.0,0.0,,,,,c2c3e3c67e3cce62ec75a6d4d5c3e3e8,0,,,,,1.1,https://www.ponant.com/,2024-05-16 17:25:28,0.0,0.0,0.0,0.0,,Indexable,,0,0,0,0,0,0,0,0,0
12,Croisière,13,https://www.royalcaribbean.com/fra/fr/cruises,1,200.0,712.0,69.0,11.0,,0.0,2080.0,81.0,11.0,43.0,1646.0,2.0,4732.0,12.0,3818.0,3663.4278071584677,4376.0,6386.7256064428075,3203.721086815037,20.0,text/html; charset=utf-8,200.0,OK,Indexable,,Find a Cruise | Search the Best Cruises for 2024 & 2025,55.0,487.0,,0.0,0.0,Search for cruises with Royal Caribbean. Start planning your next cruise vacation by finding the best travel destinations & departure ports.,140.0,850.0,,0.0,,0.0,,0.0,,0.0,,0.0,"index, follow",,,,https://www.royalcaribbean.com/fra/fr/cruises,,,,,,,885637.0,99130.0,180.0,53.0,0,0,Fairly Easy,0,0.0,2.0,,2.0,2.0,0.0,0,109.0,82.0,0.0,11.0,11.0,0.0,,,,,b865bccbc1dc553eb134cc88e97781d0,0,,,,,1.1,https://www.royalcaribbean.com/fra/fr/cruises,2024-05-16 17:25:30,0.0,0.0,0.0,0.0,,Indexable,,0,0,0,0,0,0,0,0,0
13,Croisière,14,https://www.msccroisieres.fr/offres-croisieres/depart-de-france,1,200.0,35.0,71.0,44.0,,0.0,1366.0,46.0,58.0,,1934.0,5.0,2111.0,8.0,2672.0,3253.0481329973136,4746.0,6679.19313159253,3629.500000000001,28.0,text/html; charset=utf-8,200.0,OK,Indexable,,Croisières au départ de France  | MSC Croisières,48.0,420.0,,0.0,0.0,"Embarquez pour une croisière de rêve en partant de France Métropolitaine. Embarquez depuis Marseille, le Havre ou Cannes vers la Méditerranée et l'Europe du Nord.",162.0,1021.0,,0.0,CROISIÈRES AU DÉPART DE FRANCE MÉTROPOLITAINE,45.0,,0.0,Embarquez pour une croisière de rêve en partant de France Métropolitaine !,74.0,,0.0,"INDEX,FOLLOW",,,,https://www.msccroisieres.fr/offres-croisieres/depart-de-france,,,,,,,516913.0,100866.0,360.0,70.0,0,0,Fairly Easy,0,0.0,1.0,,14.0,3.0,0.0,0,68.0,48.0,0.0,82.0,58.0,0.0,,,,,c6c52e238fbff3dabaaa7dae1e5651f2,0,,,,,1.1,https://www.msccroisieres.fr/offres-croisieres/depart-de-france,2024-05-16 17:25:34,0.0,0.0,0.0,0.0,,Indexable,,0,0,0,0,0,0,0,0,0
14,Croisière,15,https://fr.wikipedia.org/wiki/Croisi%C3%A8re,1,,,67.0,22.0,58.0,66.0,4.0,0.0,0.0,89.0,862.0,2.0,927.0,6.0,862.0,778.6969200441755,927.0,316.5,0.0,6.0,,,,,,,,,,,,,,,,,,,,,,,,,,,,,,,,,,,,,,,,0,0,,0,,,,,,,0,,,,,,,,,,,,0,,,,,,,,,,,,,,,0,0,0,0,0,0,0,0,0
15,Croisière,16,https://www.rive-gauche.fr/,1,200.0,151.0,83.0,44.0,62.0,25.0,10500.0,128.0,0.0,68.0,1483.0,3.0,4806.0,4.0,1257.0,1724.5574592639591,2136.0,4014.8599636779404,37.0,8.0,text/html; charset=UTF-8,200.0,OK,Indexable,,"Voyages Rive Gauche - Spécialiste Croisière, Voyage Organisé au départ de chez vous !",85.0,764.0,,0.0,0.0,"Agence de Voyage : Spécialiste Croisière Méditerranée, Voyage Organisé, Circuit France Europe Monde (Promo, Dernières Minutes) Meilleur rapport qualité prix depuis 27 ans.",171.0,1075.0,"voyage, voyages, circuits, vrg, rive gauche, voyages rive gauche, croisière, croisières fluviales, costa, costa croisiere, abcroisiere, croisières maritimes, bien-être, séjours, séjour avec excursions, séjour longue durée, grand voyage, spectacle, spectacles, déjeuner spectacle, embarquement a domicile",303.0,,0.0,,0.0,Circuit Rêve de Chine 5* NL & Croisière au fil du Yang-Tsé,58.0,,0.0,all,,,,,,,,,,,90180.0,19753.0,746.0,216.0,0,0,Very Easy,0,0.0,0.0,,25.0,1.0,0.0,0,191.0,130.0,0.0,0.0,0.0,0.0,,,,,2a0435e90785988fb5c8042005a67a62,0,,,,,1.1,https://www.rive-gauche.fr/,2024-05-16 17:25:27,0.0,0.0,0.0,0.0,,Indexable,,0,0,0,0,0,0,0,0,0
16,Croisière,17,https://www.lidl-voyages.fr/serp.html?s_c.PRODUCT_TYPE=CROISIERE,1,200.0,14.0,78.0,35.0,68.0,9.0,29451.0,83.0,18.0,62.0,1624.0,4.0,2680.0,18.0,1662.0,1677.381224392821,2919.0,1786.0193564713309,433.0,19.0,text/html,200.0,OK,Indexable,,Croisière : Découvrez nos offres - Lidl Voyages,47.0,408.0,,0.0,0.0,"Découvrez, dès maintenant, toutes nos offres « Croisière ». Lidl Voyages vous fait voyager à prix de rêve !",107.0,645.0,,0.0,Croisière,9.0,,0.0,Croisière - Nos offres,22.0,Déesses du Nil et Giftun Azur - OFFRE INTERNET (070524) Egypte Mer Rouge,72.0,,,,,,,,,,,,1010272.0,185154.0,1839.0,409.0,0,0,Very Easy,0,0.0,0.0,,4.0,2.0,0.0,0,90.0,87.0,0.0,33.0,18.0,0.0,,,,,33fac966a5e91fb1427f4d1265f89756,0,"Thu, 16 May 2024 15:18:03 GMT",,,,1.1,https://www.lidl-voyages.fr/serp.html?s_c.PRODUCT_TYPE=CROISIERE,2024-05-16 17:25:21,0.0,0.0,0.0,0.0,,Indexable,,0,0,0,0,0,0,0,0,0
17,Croisière,18,https://www.planete-croisiere.com/,1,200.0,1101.0,80.0,27.0,61.0,48.0,140016.0,38.0,4.0,43.0,1237.0,3.0,1824.0,55.0,1424.0,3068.871032494603,1747.0,6024.6004325226495,1173.7108442977428,16.0,text/html; charset=UTF-8,200.0,OK,Indexable,,Réservez votre Croisière All Inclusive avec Planète Croisière,61.0,527.0,Réservez votre Croisière All Inclusive avec Planète Croisière,61.0,527.0,"Avec Planète Croisière, réservez votre croisière au meilleur prix, un choix de plus de 15 000 croisières (Costa, MSC , Royal Caribbean, ...)",140.0,835.0,Croisière All Inclusive,23.0,PLANÈTE CROISIÈRE : RÉSERVEZ LA CROISIÈRE ALL-INCLUSIVE DE VOS RÊVES,68.0,,0.0,RECHERCHEZ VOTRE Croisière All Inclusive,40.0,La selection prêt-a-partir planète croisière,44.0,"index, follow",,,,https://www.planete-croisiere.com/,,,,,,,55332.0,12036.0,406.0,71.0,0,0,Easy,0,0.0,0.0,,12.0,3.0,0.0,0,50.0,40.0,0.0,3.0,2.0,0.0,,,,,8eea58616e9cde7876ad11e0b8318dd2,0,,,,,1.1,https://www.planete-croisiere.com/,2024-05-16 17:25:09,0.0,0.0,0.0,0.0,,Indexable,,0,0,0,0,0,0,0,0,0
18,Croisière,19,https://capsurlamarne.fr/croisieres-cap-sur-la-marne-programme-et-reservations/,1,200.0,1428.0,59.0,29.0,49.0,36.0,49.0,31.0,37.0,27.0,1847.0,2.0,2123.0,6.0,1847.0,1812.4012780284993,2123.0,1018.1049264782582,0.0,6.0,text/html; charset=UTF-8,200.0,OK,Indexable,,Programme et réservations - Cap sur la Marne,44.0,405.0,,0.0,0.0,"Embarquez à bord du Francilien pour des croisières sur la Marne commentées, dégustations, familiales ou navettes tout près de Paris.",132.0,829.0,,0.0,Programme et réservations,25.0,,0.0,Croisières Cap sur la Marne,27.0,Départ de Nogent-sur-Marne (94),31.0,"index, follow, max-image-preview:large, max-snippet:-1, max-video-preview:-1",,,,https://capsurlamarne.fr/croisieres-cap-sur-la-marne-programme-et-reservations/,,,,,,,201844.0,36976.0,1687.0,309.0,0,0,Very Easy,0,0.0,1.0,,12.0,1.0,0.0,0,73.0,30.0,0.0,62.0,38.0,0.0,,,,,d816abb5395a57555726625da51e5f0c,0,,,,,1.1,https://capsurlamarne.fr/croisieres-cap-sur-la-marne-programme-et-reservations/,2024-05-16 17:25:40,0.0,0.0,0.0,0.0,,Indexable,,0,0,0,0,0,0,0,0,0
19,Croisière,20,https://www.brittany-ferries.fr/navires/ferries-croisiere,1,200.0,101.0,69.0,31.0,,0.0,1035.0,61.0,3.0,,1170.0,2.0,3222.0,10.0,1170.0,3368.046515082461,3222.0,3678.7519010685064,952.6359954058919,10.0,text/html,200.0,OK,Non-Indexable,Canonicalised,Brittany Ferries,16.0,134.0,,0.0,0.0,,0.0,0.0,,0.0,,0.0,,0.0,,0.0,,0.0,"max-snippet:-1, max-image-preview:standard, max-video-preview:-1",,,,https://www.brittany-ferries.fr/app-shell,,,,,,,103552.0,12881.0,243.0,82.0,0,0,Fairly Hard,0,0.0,1.0,,1.0,1.0,0.0,0,63.0,62.0,0.0,3.0,3.0,0.0,,,,,1cc3ca1cb0fa9a5460bdf85fb326423,0,,,,,1.1,https://www.brittany-ferries.fr/navires/ferries-croisiere,2024-05-16 17:25:11,0.0,0.0,0.0,0.0,,Non-Indexable,Canonicalised,0,0,0,0,0,0,0,0,0
20,croisière,1,https://www.msccroisieres.fr/,0,200.0,26.0,83.0,62.0,80.0,41477.0,1844.0,58.0,66.0,18.0,2710.0,14.0,5851.0,2.0,2672.0,972.9584429699064,4746.0,921.01602304535,0.0,28.0,text/html;charset=UTF-8,200.0,OK,Indexable,,Croisières en Méditerranée et dans le monde | MSC Croisières,60.0,545.0,,0.0,0.0,"MSC Croisières propose des vacances en Méditerranée, dans les Caraïbes, aux Émirats et dans le monde entier. Appelez maintenant au 01 70 74 00 55.",146.0,936.0,,0.0,,0.0,,0.0,nos offres,10.0,NOS MEILLEURES DESTINATIONS,27.0,"INDEX,FOLLOW",,,,https://www.msccroisieres.fr/,,,,,,,286683.0,44140.0,1190.0,226.0,0,0,Fairly Easy,0,0.0,0.0,,25.0,3.0,0.0,0,94.0,59.0,0.0,89.0,64.0,0.0,,,,,a798df560ec97abfeb47f2fee5a98e50,0,,,,,1.1,https://www.msccroisieres.fr/,2024-05-16 17:25:19,0.0,0.0,0.0,0.0,,Indexable,,0,0,0,0,0,0,0,0,0
21,croisière,2,https://www.costacroisieres.fr/,0,200.0,1057.0,79.0,53.0,69.0,1034.0,255.0,0.0,2.0,,3152.0,10.0,5194.0,11.0,2468.0,7521.730561447144,4549.0,4887.870267611676,526.0,25.0,text/html;charset=utf-8,200.0,OK,Indexable,,Costa Croisières: voyages et vacances en croisière | Costa Croisières,69.0,606.0,,0.0,0.0,Découvrez les offres exclusives et les destinations de rêve Costa Croisières avec le Meilleur Prix Garanti. Visitez le site et préparez votre voyage en croisière !,163.0,965.0,,0.0,,0.0,,0.0,,0.0,,0.0,,,,,https://www.costacroisieres.fr/,,,,,,,124281.0,24251.0,0.0,,0,0,,0,0.0,0.0,,0.0,0.0,0.0,0,0.0,0.0,0.0,0.0,0.0,0.0,,,,,bc4e7189a0446fa37e98a780510432a,0,,,,,1.1,https://www.costacroisieres.fr/,2024-05-16 17:25:19,0.0,0.0,0.0,0.0,,Indexable,,0,0,0,0,0,0,0,0,0
22,croisière,3,https://www.croisieres.fr/,0,200.0,134.0,89.0,49.0,86.0,263854.0,16258.0,103.0,30.0,95.2,1580.0,3.0,1785.0,5.0,2016.0,873.0324077157068,2026.0,2462.7171140735063,555.9879881930381,19.0,text/html; charset=UTF-8,200.0,OK,Indexable,,croisieres.fr 2024-2025 : Plus de 9000 offres de croisières,59.0,509.0,,0.0,0.0,"Embarquez sur l'une de nos 9000 offres et promotion de croisiere parmi plus de 30 compagnies maritimes comme Costa Croisières, MSC Croisière, Royal Caribbean, Croisieurope, Hurtigruten... en méditerranée, caraibes, Spitzberg, Danube, Cuba... Conseils , infos et devis gratuit",275.0,1714.0,,0.0,Toutes les croisières au meilleur prix,38.0,,0.0,Last Minute Printemps,21.0,Best Seller été,15.0,"index, follow",,,,https://www.croisieres.fr/,,,,,,,557151.0,97860.0,6909.0,1581.0,0,0,Fairly Easy,0,0.0,0.0,,9.0,4.0,0.0,0,232.0,104.0,0.0,59.0,31.0,0.0,,,,,b9a565a2192404b3cda54ffc2ab99005,0,"Thu, 25 Apr 2024 07:40:11 GMT",,,,1.1,https://www.croisieres.fr/,2024-05-16 17:25:06,0.0,0.0,0.0,0.0,,Indexable,,0,0,0,0,0,0,0,0,0
23,croisière,4,https://voyages.carrefour.fr/accueil/croisiere,0,200.0,48.0,73.0,36.0,,0.0,12803.0,102.0,25.0,37.0,468.0,6.0,973.0,9.0,573.0,916.7637353980052,1058.0,1516.0292980447439,136.9985661642051,22.0,text/html; charset=UTF-8,403.0,Forbidden,Non-Indexable,Client Error,,0.0,0.0,,0.0,0.0,,0.0,0.0,,0.0,,0.0,,0.0,,0.0,,0.0,,,,,,,,,,,,0.0,0.0,0.0,,0,0,,0,0.0,1.0,,0.0,0.0,0.0,0,0.0,0.0,0.0,0.0,0.0,0.0,,,,,,0,,,,,1.1,https://voyages.carrefour.fr/accueil/croisiere,2024-05-16 17:25:30,,,,,,,,0,0,0,0,0,0,0,0,0
24,croisière,5,"https://www.abcroisiere.com/fr/croisieres/croisiere/destination,0,0/",0,200.0,10.0,81.0,49.0,69.0,141.0,13828.0,106.0,9.0,,762.0,4.0,1479.0,6.0,1093.0,3207.632796576735,1573.0,7779.66304262873,2231.0893081494505,6.0,text/html;charset=UTF-8,200.0,OK,Indexable,,Croisière pas cher : toutes les offres croisières en promo,58.0,497.0,,0.0,0.0,"Réservez votre croisière en promo parmi 5192 croisières. Découvrez les itinéraires de croisière pas cher de tous les armateurs : MSC, Costa, Ponant, CroisiEurope... Comparez nos offres de croisière pas chère et trouvez le meilleur tarif en quelques clics !",256.0,1557.0,"croisières, croisière pas cher, croisière Méditerranée, croisière Caraïbes, croisière Nil / Egypte",98.0,Croisières pas cher !,21.0,,0.0,Ports de départ en Croisière :,30.0,Croisière en promo,18.0,"index,follow",,,,"https://www.abcroisiere.com/fr/croisieres/croisiere/destination,0,0/",,"https://www.abcroisiere.com/fr/croisieres/croisiere/destination,0,0/?pageNo=2",,,,,599138.0,109901.0,2983.0,599.0,0,0,Very Easy,0,0.0,4.0,,16.0,5.0,0.0,0,233.0,101.0,0.0,1.0,1.0,0.0,,,,,c914f13e80c19749a3b0e9b03516bb95,0,"Thu, 16 May 2024 10:17:42 GMT",,,,1.1,"https://www.abcroisiere.com/fr/croisieres/croisiere/destination,0,0/",2024-05-16 17:25:32,0.0,0.0,0.0,0.0,,Indexable,,0,0,0,0,0,0,0,0,0
25,croisière,6,https://okcroisiere.fr/,0,200.0,90.0,71.0,33.0,62.0,99.0,445.0,35.0,6.0,90.0,1243.0,4.0,1712.0,0.0,1530.0,805.530091836427,1729.0,871.6080882340589,0.0,4.0,text/html; charset=UTF-8,200.0,OK,Indexable,,Comparateur croisières pas chères 2024-2025 dès 139€,52.0,496.0,,0.0,0.0,"Découvrez des croisières pas chères pour 2024 et 2025 ! Évadez-vous vers des destinations de rêve comme les Caraïbes, la Méditerranée, ou les îles grecques. Profitez des meilleures offres et réservez dès maintenant votre voyage inoubliable au meilleur prix sur notre site. Vivez l'aventure d'une croisière luxueuse à un tarif abordable !",337.0,2059.0,,0.0,Votre croisière pas chère !,27.0,,0.0,Des facilités de paiement,25.0,"Le printemps, la saison idéale pour partir explorer les trésors de la Sicile !",78.0,,,,,https://okcroisiere.fr/,,,,,,,315925.0,46615.0,7118.0,1392.0,0,0,Fairly Easy,0,0.0,0.0,,2.0,1.0,0.0,0,39.0,36.0,0.0,6.0,6.0,0.0,,,,,126623f2b9f763ee955a620571332ce0,0,,,,,1.1,https://okcroisiere.fr/,2024-05-16 17:25:24,0.0,0.0,0.0,0.0,,Indexable,,0,0,0,0,0,0,0,0,0
26,croisière,7,https://centralcruise.com/,0,200.0,49.0,80.0,65.0,70.0,396.0,4528.0,181.0,0.0,98.6,1003.0,3.0,1324.0,1.0,1533.0,1104.3345581214148,1891.0,1372.0056663436646,53.316484173339745,4.0,text/html; charset=UTF-8,200.0,OK,Indexable,,Croisières CENTRALCRUISE : réservez votre croisière au meilleur tarif,69.0,609.0,,0.0,0.0,"L'agence de voyage spécialisée croisières CentralCruise trouve la croisière de vos rêves, de la Méditerranée aux fjords de Norvège… ☎ 04 22 13 21 07",148.0,915.0,,0.0,Agence Spécialisée Croisière : Centralcruise,44.0,,0.0,Trouvez votre croisière,23.0,Les meilleures offres de croisières du moment,45.0,,,,,https://centralcruise.com/,,,,,,,257260.0,32478.0,4198.0,755.0,0,0,Easy,0,0.0,0.0,,9.0,3.0,0.0,0,559.0,182.0,0.0,0.0,0.0,0.0,,,,,c25901b35ee0be82fbd1ac6278bf6ba1,0,"Thu, 16 May 2024 15:25:27 GMT",,,,1.1,https://centralcruise.com/,2024-05-16 17:25:27,0.0,0.0,0.0,0.0,,Indexable,,0,0,0,0,0,0,0,0,0
27,croisière,8,https://croisiere.promovacances.com/,0,200.0,151.0,84.0,54.0,82.0,25680.0,127.0,36.0,37.0,90.0,1505.0,4.0,2365.0,4.0,1941.0,1571.4258427457562,2580.0,4063.23126857157,582.5000000000002,6.0,text/html;charset=UTF-8,200.0,OK,Indexable,,"Croisière pas chère 2024-2025 : croisières pas chères en Méditerranée, Caraïbes, Fiords",87.0,772.0,,0.0,0.0,"Croisière pas cher 2024 : toutes les offres MSC, Costa, croisières en Méditerranée, Caraïbes... sont sur Promovacances, en 1 clic !",131.0,799.0,,0.0,Croisière : des croisières pas chères pour de grandes vacances !,64.0,,0.0,Nos bons plans,14.0,Nos plus belles destinations,28.0,"index,follow",,,,https://croisiere.promovacances.com/,,,,,,,294790.0,52079.0,1523.0,310.0,0,0,Fairly Easy,0,0.0,0.0,,9.0,3.0,0.0,0,91.0,66.0,0.0,9.0,8.0,0.0,,,,,4fed2259b39af47c9dfc10cea1d3c516,0,,,,,1.1,https://croisiere.promovacances.com/,2024-05-16 17:25:29,0.0,0.0,0.0,0.0,,Indexable,,0,0,0,0,0,0,0,0,0
28,croisière,9,https://www.bateauxparisiens.com/,0,200.0,6108.0,76.0,51.0,70.0,794.0,113.0,27.0,5.0,,7076.0,3.0,8348.0,4.0,2054.0,1223.0488531103456,2636.0,2355.326360344081,103.0,5.0,text/html;charset=UTF-8,200.0,OK,Indexable,,Bateaux Parisiens – N°1 des croisières sur la Seine,51.0,448.0,,0.0,0.0,Profitez d'un moment privilégié et magique pour une Croisière au centre de Paris !,82.0,503.0,,0.0,Bateaux Parisiens,17.0,La Croisière Commentée,22.0,Les croisières dîner,20.0,Fête des Mères,14.0,,,,,https://www.bateauxparisiens.com/,,,,,,,48121.0,9648.0,482.0,145.0,0,0,Easy,0,0.0,0.0,,3.0,1.0,0.0,0,55.0,34.0,0.0,4.0,4.0,0.0,,,,,131199555c26456e0b0d74dd16e03d3b,0,,,,,1.1,https://www.bateauxparisiens.com/,2024-05-16 17:25:44,0.0,0.0,0.0,0.0,,Indexable,,0,0,0,0,0,0,0,0,0
29,croisière,10,https://www.tourisme-libournais.com/activites/croisiere-libourne-vayres/,0,200.0,706.0,62.0,52.0,53.0,13.0,36.0,27.0,7.0,,917.0,3.0,1768.0,1.0,917.0,2140.348912077926,1768.0,4896.173028425538,310.4999999999998,1.0,text/html; charset=UTF-8,200.0,OK,Indexable,,Croisière commentée sur la Dordogne de Libourne à Vayres,56.0,524.0,,0.0,0.0,"Entre Libourne et le Château de Vayres, embarquez pour une croisière commentée sur la Dordogne et profitez d'un bon verre de vin offert pendant la traversée.",157.0,977.0,,0.0,Embarquez pour une croisière sur la Dordogne de Libourne à Vayres,65.0,,0.0,Larguez les amarres depuis le port Libournais,45.0,Au programme de la saison 2024,30.0,"index, follow, max-image-preview:large, max-snippet:-1, max-video-preview:-1",,,,https://www.tourisme-libournais.com/activites/croisiere-libourne-vayres/,,,,,,,54142.0,12526.0,552.0,78.0,0,0,Very Easy,0,0.0,2.0,,1.0,1.0,0.0,0,32.0,28.0,0.0,9.0,7.0,0.0,,,,,17a6b8ccb8a806e83198d86aef0e3682,0,,,,,1.1,https://www.tourisme-libournais.com/activites/croisiere-libourne-vayres/,2024-05-16 17:25:17,0.0,0.0,0.0,0.0,,Indexable,,0,0,0,0,0,0,0,0,0
30,croisière,11,https://www.croisieurope.com/,1,200.0,562.0,83.0,53.0,79.0,24534.0,2445.0,105.0,6.0,43.0,1890.0,3.0,3649.0,74.0,2025.0,3793.109211018688,3085.0,3766.0772540234816,516.0000000000005,16.0,text/html; charset=utf-8,200.0,OK,Indexable,,CroisiEurope : N°1 de la croisière fluviale en Europe  | CroisiEurope,69.0,577.0,,0.0,0.0,"Leader Européen de la croisière fluviale - Croisières sur les canaux, fleuves et mers en Europe et dans le Monde à bord de bateaux à taille humaine.",148.0,903.0,,0.0,Toutes nos croisières et destinations dans le monde,51.0,,0.0,Nos offres du moment,20.0,,0.0,,,,,https://www.croisieurope.com/,,,,,,,302687.0,57814.0,236.0,54.0,0,0,Normal,0,0.0,0.0,,7.0,3.0,0.0,0,156.0,111.0,0.0,4.0,4.0,0.0,,,,,665fb9f366e417ac7a3c7a54f1d62ce8,0,,,,,1.1,https://www.croisieurope.com/,2024-05-16 17:25:14,0.0,0.0,0.0,0.0,,Indexable,,0,0,0,0,0,0,0,0,0
31,croisière,12,https://www.ponant.com/,1,200.0,80.0,81.0,65.0,73.0,2380.0,413.0,128.0,22.0,,5583.0,8.0,6143.0,3.0,2216.0,1981.758266666629,2492.0,3709.112743743539,418.0000000000009,4.0,text/html; charset=UTF-8,200.0,OK,Indexable,,PONANT - N°1 croisière de luxe et expédition en mer | Ponant,60.0,539.0,,0.0,0.0,"Embarquez à bord de nos prestigieux navires de croisière à la découverte de destinations d’exception : des glaces de l'Antarctique aux lagons du Pacifique, des plages des Caraïbes aux rivages asiatiques.",203.0,1255.0,"croisière, croisières, bateau de croisière, croisière de luxe, catalogue croisière, Ponant",90.0,Quelle sera votre prochaine croisière de luxe avec PONANT ?,59.0,,0.0,Explore,7.0,Inspire,7.0,"INDEX,FOLLOW",,,,https://www.ponant.com/,,,,,,,146254.0,32964.0,1251.0,323.0,0,0,Fairly Easy,0,0.0,0.0,,27.0,2.0,0.0,0,239.0,140.0,0.0,12.0,8.0,0.0,,,,,c2c3e3c67e3cce62ec75a6d4d5c3e3e8,0,,,,,1.1,https://www.ponant.com/,2024-05-16 17:25:28,0.0,0.0,0.0,0.0,,Indexable,,0,0,0,0,0,0,0,0,0
32,croisière,13,https://www.royalcaribbean.com/fra/fr/cruises,1,200.0,712.0,69.0,11.0,,0.0,2080.0,81.0,11.0,43.0,1646.0,2.0,4732.0,12.0,3818.0,3663.4278071584677,4376.0,6386.7256064428075,3203.721086815037,20.0,text/html; charset=utf-8,200.0,OK,Indexable,,Find a Cruise | Search the Best Cruises for 2024 & 2025,55.0,487.0,,0.0,0.0,Search for cruises with Royal Caribbean. Start planning your next cruise vacation by finding the best travel destinations & departure ports.,140.0,850.0,,0.0,,0.0,,0.0,,0.0,,0.0,"index, follow",,,,https://www.royalcaribbean.com/fra/fr/cruises,,,,,,,885637.0,99130.0,180.0,53.0,0,0,Fairly Easy,0,0.0,2.0,,2.0,2.0,0.0,0,109.0,82.0,0.0,11.0,11.0,0.0,,,,,b865bccbc1dc553eb134cc88e97781d0,0,,,,,1.1,https://www.royalcaribbean.com/fra/fr/cruises,2024-05-16 17:25:30,0.0,0.0,0.0,0.0,,Indexable,,0,0,0,0,0,0,0,0,0
33,croisière,14,https://www.msccroisieres.fr/offres-croisieres/depart-de-france,1,200.0,35.0,71.0,44.0,,0.0,1366.0,46.0,58.0,,1934.0,5.0,2111.0,8.0,2672.0,3253.0481329973136,4746.0,6679.19313159253,3629.500000000001,28.0,text/html; charset=utf-8,200.0,OK,Indexable,,Croisières au départ de France  | MSC Croisières,48.0,420.0,,0.0,0.0,"Embarquez pour une croisière de rêve en partant de France Métropolitaine. Embarquez depuis Marseille, le Havre ou Cannes vers la Méditerranée et l'Europe du Nord.",162.0,1021.0,,0.0,CROISIÈRES AU DÉPART DE FRANCE MÉTROPOLITAINE,45.0,,0.0,Embarquez pour une croisière de rêve en partant de France Métropolitaine !,74.0,,0.0,"INDEX,FOLLOW",,,,https://www.msccroisieres.fr/offres-croisieres/depart-de-france,,,,,,,516913.0,100866.0,360.0,70.0,0,0,Fairly Easy,0,0.0,1.0,,14.0,3.0,0.0,0,68.0,48.0,0.0,82.0,58.0,0.0,,,,,c6c52e238fbff3dabaaa7dae1e5651f2,0,,,,,1.1,https://www.msccroisieres.fr/offres-croisieres/depart-de-france,2024-05-16 17:25:34,0.0,0.0,0.0,0.0,,Indexable,,0,0,0,0,0,0,0,0,0
34,croisière,15,https://fr.wikipedia.org/wiki/Croisi%C3%A8re,1,,,67.0,22.0,58.0,66.0,4.0,0.0,0.0,89.0,862.0,2.0,927.0,6.0,862.0,778.6969200441755,927.0,316.5,0.0,6.0,,,,,,,,,,,,,,,,,,,,,,,,,,,,,,,,,,,,,,,,0,0,,0,,,,,,,0,,,,,,,,,,,,0,,,,,,,,,,,,,,,0,0,0,0,0,0,0,0,0
35,croisière,16,https://www.rive-gauche.fr/,1,200.0,151.0,83.0,44.0,62.0,25.0,10500.0,128.0,0.0,68.0,1483.0,3.0,4806.0,4.0,1257.0,1724.5574592639591,2136.0,4014.8599636779404,37.0,8.0,text/html; charset=UTF-8,200.0,OK,Indexable,,"Voyages Rive Gauche - Spécialiste Croisière, Voyage Organisé au départ de chez vous !",85.0,764.0,,0.0,0.0,"Agence de Voyage : Spécialiste Croisière Méditerranée, Voyage Organisé, Circuit France Europe Monde (Promo, Dernières Minutes) Meilleur rapport qualité prix depuis 27 ans.",171.0,1075.0,"voyage, voyages, circuits, vrg, rive gauche, voyages rive gauche, croisière, croisières fluviales, costa, costa croisiere, abcroisiere, croisières maritimes, bien-être, séjours, séjour avec excursions, séjour longue durée, grand voyage, spectacle, spectacles, déjeuner spectacle, embarquement a domicile",303.0,,0.0,,0.0,Circuit Rêve de Chine 5* NL & Croisière au fil du Yang-Tsé,58.0,,0.0,all,,,,,,,,,,,90180.0,19753.0,746.0,216.0,0,0,Very Easy,0,0.0,0.0,,25.0,1.0,0.0,0,191.0,130.0,0.0,0.0,0.0,0.0,,,,,2a0435e90785988fb5c8042005a67a62,0,,,,,1.1,https://www.rive-gauche.fr/,2024-05-16 17:25:27,0.0,0.0,0.0,0.0,,Indexable,,0,0,0,0,0,0,0,0,0
36,croisière,17,https://www.lidl-voyages.fr/serp.html?s_c.PRODUCT_TYPE=CROISIERE,1,200.0,14.0,78.0,35.0,68.0,9.0,29451.0,83.0,18.0,62.0,1624.0,4.0,2680.0,18.0,1662.0,1677.381224392821,2919.0,1786.0193564713309,433.0,19.0,text/html,200.0,OK,Indexable,,Croisière : Découvrez nos offres - Lidl Voyages,47.0,408.0,,0.0,0.0,"Découvrez, dès maintenant, toutes nos offres « Croisière ». Lidl Voyages vous fait voyager à prix de rêve !",107.0,645.0,,0.0,Croisière,9.0,,0.0,Croisière - Nos offres,22.0,Déesses du Nil et Giftun Azur - OFFRE INTERNET (070524) Egypte Mer Rouge,72.0,,,,,,,,,,,,1010272.0,185154.0,1839.0,409.0,0,0,Very Easy,0,0.0,0.0,,4.0,2.0,0.0,0,90.0,87.0,0.0,33.0,18.0,0.0,,,,,33fac966a5e91fb1427f4d1265f89756,0,"Thu, 16 May 2024 15:18:03 GMT",,,,1.1,https://www.lidl-voyages.fr/serp.html?s_c.PRODUCT_TYPE=CROISIERE,2024-05-16 17:25:21,0.0,0.0,0.0,0.0,,Indexable,,0,0,0,0,0,0,0,0,0
37,croisière,18,https://www.planete-croisiere.com/,1,200.0,1101.0,80.0,27.0,61.0,48.0,140016.0,38.0,4.0,43.0,1237.0,3.0,1824.0,55.0,1424.0,3068.871032494603,1747.0,6024.6004325226495,1173.7108442977428,16.0,text/html; charset=UTF-8,200.0,OK,Indexable,,Réservez votre Croisière All Inclusive avec Planète Croisière,61.0,527.0,Réservez votre Croisière All Inclusive avec Planète Croisière,61.0,527.0,"Avec Planète Croisière, réservez votre croisière au meilleur prix, un choix de plus de 15 000 croisières (Costa, MSC , Royal Caribbean, ...)",140.0,835.0,Croisière All Inclusive,23.0,PLANÈTE CROISIÈRE : RÉSERVEZ LA CROISIÈRE ALL-INCLUSIVE DE VOS RÊVES,68.0,,0.0,RECHERCHEZ VOTRE Croisière All Inclusive,40.0,La selection prêt-a-partir planète croisière,44.0,"index, follow",,,,https://www.planete-croisiere.com/,,,,,,,55332.0,12036.0,406.0,71.0,0,0,Easy,0,0.0,0.0,,12.0,3.0,0.0,0,50.0,40.0,0.0,3.0,2.0,0.0,,,,,8eea58616e9cde7876ad11e0b8318dd2,0,,,,,1.1,https://www.planete-croisiere.com/,2024-05-16 17:25:09,0.0,0.0,0.0,0.0,,Indexable,,0,0,0,0,0,0,0,0,0
38,croisière,19,https://capsurlamarne.fr/croisieres-cap-sur-la-marne-programme-et-reservations/,1,200.0,1428.0,59.0,29.0,49.0,36.0,49.0,31.0,37.0,27.0,1847.0,2.0,2123.0,6.0,1847.0,1812.4012780284993,2123.0,1018.1049264782582,0.0,6.0,text/html; charset=UTF-8,200.0,OK,Indexable,,Programme et réservations - Cap sur la Marne,44.0,405.0,,0.0,0.0,"Embarquez à bord du Francilien pour des croisières sur la Marne commentées, dégustations, familiales ou navettes tout près de Paris.",132.0,829.0,,0.0,Programme et réservations,25.0,,0.0,Croisières Cap sur la Marne,27.0,Départ de Nogent-sur-Marne (94),31.0,"index, follow, max-image-preview:large, max-snippet:-1, max-video-preview:-1",,,,https://capsurlamarne.fr/croisieres-cap-sur-la-marne-programme-et-reservations/,,,,,,,201844.0,36976.0,1687.0,309.0,0,0,Very Easy,0,0.0,1.0,,12.0,1.0,0.0,0,73.0,30.0,0.0,62.0,38.0,0.0,,,,,d816abb5395a57555726625da51e5f0c,0,,,,,1.1,https://capsurlamarne.fr/croisieres-cap-sur-la-marne-programme-et-reservations/,2024-05-16 17:25:40,0.0,0.0,0.0,0.0,,Indexable,,0,0,0,0,0,0,0,0,0
39,croisière,20,https://www.brittany-ferries.fr/navires/ferries-croisiere,1,200.0,101.0,69.0,31.0,,0.0,1035.0,61.0,3.0,,1170.0,2.0,3222.0,10.0,1170.0,3368.046515082461,3222.0,3678.7519010685064,952.6359954058919,10.0,text/html,200.0,OK,Non-Indexable,Canonicalised,Brittany Ferries,16.0,134.0,,0.0,0.0,,0.0,0.0,,0.0,,0.0,,0.0,,0.0,,0.0,"max-snippet:-1, max-image-preview:standard, max-video-preview:-1",,,,https://www.brittany-ferries.fr/app-shell,,,,,,,103552.0,12881.0,243.0,82.0,0,0,Fairly Hard,0,0.0,1.0,,1.0,1.0,0.0,0,63.0,62.0,0.0,3.0,3.0,0.0,,,,,1cc3ca1cb0fa9a5460bdf85fb326423,0,,,,,1.1,https://www.brittany-ferries.fr/navires/ferries-croisiere,2024-05-16 17:25:11,0.0,0.0,0.0,0.0,,Non-Indexable,Canonicalised,0,0,0,0,0,0,0,0,0
40,croisière costa,1,https://www.costacroisieres.fr/,0,200.0,1057.0,79.0,53.0,69.0,1034.0,255.0,0.0,2.0,,3152.0,10.0,5194.0,11.0,2468.0,7521.730561447144,4549.0,4887.870267611676,526.0,25.0,text/html;charset=utf-8,200.0,OK,Indexable,,Costa Croisières: voyages et vacances en croisière | Costa Croisières,69.0,606.0,,0.0,0.0,Découvrez les offres exclusives et les destinations de rêve Costa Croisières avec le Meilleur Prix Garanti. Visitez le site et préparez votre voyage en croisière !,163.0,965.0,,0.0,,0.0,,0.0,,0.0,,0.0,,,,,https://www.costacroisieres.fr/,,,,,,,124281.0,24251.0,0.0,,0,0,,0,0.0,0.0,,0.0,0.0,0.0,0,0.0,0.0,0.0,0.0,0.0,0.0,,,,,bc4e7189a0446fa37e98a780510432a,0,,,,,1.1,https://www.costacroisieres.fr/,2024-05-16 17:25:19,0.0,0.0,0.0,0.0,,Indexable,,0,0,0,0,0,0,0,0,0
41,croisière costa,2,"https://www.abcroisiere.com/fr/croisieres/croisiere-costa-croisieres/compagnie,7/",0,200.0,160.0,80.0,51.0,70.0,276.0,13831.0,116.0,6.0,,953.0,6.0,2488.0,6.0,1093.0,2744.3931758986932,1573.0,6722.752018236983,1653.999999999996,6.0,text/html;charset=UTF-8,200.0,OK,Indexable,,"Costa : Itinéraires Costa Croisière, tarifs et promos 2024 | ABCroisiere",72.0,611.0,,0.0,0.0,"Croisières Costa pas chères : à partir de 79€. Découvrez tous les itinéraires de Costa Croisières, photos et vidéos des navires Costa Croisières. Réservez votre croisière Costa au meilleur prix pour une croisière all inclusive ou dernière minute.",246.0,1484.0,"croisière Costa Croisières, croisière Costa Croisières pas cher, informations croisière Costa Croisières, réservation croisière Costa Croisières",144.0,Croisieres Costa,16.0,,0.0,Navires Costa Croisières,24.0,Croisière Costa Croisières,26.0,"index,follow",,,,"https://www.abcroisiere.com/fr/croisieres/croisiere-costa-croisieres/compagnie,7/",,,,,,,613678.0,107645.0,3591.0,675.0,0,0,Easy,0,0.0,4.0,,22.0,5.0,0.0,0,208.0,117.0,0.0,1.0,1.0,0.0,,,,,6b10695bea42fc9d652a299a6c2980a1,0,"Wed, 15 May 2024 23:27:40 GMT",,,,1.1,"https://www.abcroisiere.com/fr/croisieres/croisiere-costa-croisieres/compagnie,7/",2024-05-16 17:25:46,0.0,0.0,0.0,0.0,,Indexable,,0,0,0,0,0,0,0,0,0
42,croisière costa,3,https://centralcruise.com/croisieres/compagnie/costa-croisieres,0,200.0,215.0,80.0,61.0,71.0,405.0,4507.0,240.0,0.0,96.8,1477.0,3.0,1857.0,8.0,1533.0,1767.822999008959,1891.0,3501.7084483848416,850.0000000000002,4.0,text/html; charset=UTF-8,200.0,OK,Indexable,,"Croisière Costa Croisières : promos, avis, tarifs & destinations 2024 - 2025",76.0,650.0,,0.0,0.0,"Croisières Costa : Retrouvez ici les offres, destinations, promos, avis et croisières Costa 2024 - 2025 et faites-vous accompagner par nos spécialistes au : 04 22 13 21 07",171.0,1044.0,,0.0,Croisière Costa : les meilleures offres et destinations 2024 - 2025 - 2026,74.0,,0.0,Les bateaux de la compagnie Costa Croisières,44.0,Vidéo de présentation de la compagnie Costa Croisières,54.0,,,,,https://centralcruise.com/croisieres/compagnie/costa-croisieres,,,,,,,396084.0,35518.0,5195.0,1138.0,0,0,Easy,0,0.0,2.0,,40.0,3.0,0.0,0,608.0,241.0,0.0,0.0,0.0,0.0,,,,,864faff75365a0c23416e3ba42e3e17,0,"Thu, 16 May 2024 15:25:38 GMT",,,,1.1,https://centralcruise.com/croisieres/compagnie/costa-croisieres,2024-05-16 17:25:38,0.0,0.0,0.0,0.0,,Indexable,,0,0,0,0,0,0,0,0,0
43,croisière costa,4,https://www.croisieres.fr/c-2-costa-croisieres,0,200.0,100.0,80.0,60.0,65.0,110.0,15097.0,148.0,50.0,96.4,1869.0,3.0,1902.0,16.0,2016.0,813.0122036860731,2026.0,2470.118010693901,579.9999999999998,19.0,text/html; charset=UTF-8,200.0,OK,Indexable,,"Costa Croisières 2024 – 2025 : Offres de croisières, Avis , promos",66.0,577.0,,0.0,0.0,"Costa Croisières vous propose d'embarquez pour l'une des ses 815 croisiéres disponible à bord de l'un des ses navires. Tarifs, prix discount 2024 - 2025 vers de nombreuses destinations. Toutes les informations sur l'armateur, les photos des bateaux et cabines, les escales, les itinéraires...",292.0,1790.0,,0.0,Costa Croisières : Nos offres de croisières 2024 - 2025,55.0,,0.0,La flotte de Costa Croisières,29.0,Les destinations de Costa Croisières,36.0,"index, follow",,,,https://www.croisieres.fr/c-2-costa-croisieres,,,,,,,589274.0,72549.0,5970.0,1472.0,0,0,Easy,0,0.0,0.0,,14.0,4.0,0.0,0,243.0,125.0,0.0,50.0,25.0,0.0,,,,,b381c67eac494b86ef7472ab0bba66a4,0,"Thu, 25 Apr 2024 07:40:11 GMT",,,,1.1,https://www.croisieres.fr/c-2-costa-croisieres,2024-05-16 17:25:47,0.0,0.0,0.0,0.0,,Indexable,,0,0,0,0,0,0,0,0,0
44,croisière costa,5,https://www.destockagecroisieres.fr/compagnies-de-croisiere/costa-croisieres.html,0,200.0,221.0,81.0,48.0,63.0,105.0,9589.0,72.0,4.0,97.1,3055.0,3.0,3392.0,6.0,1592.0,1498.989436679251,2249.0,3570.252192331667,196.5,8.0,text/html; charset=UTF-8,200.0,OK,Indexable,,"Costa Croisières | Tarifs, promos & itinéraires 2024-2025",57.0,497.0,,0.0,0.0,,0.0,0.0,"croisieres, destockage, destockage croisieres, croisiere",56.0,Croisières COSTA CROISIERES :,29.0,Croisières COSTA CROISIERES,27.0,La compagnie COSTA CROISIERES,29.0,"Costa Croisières, une histoire couronnée de succès",50.0,"index,follow",,,,,,,,,,,361030.0,62266.0,4209.0,958.0,0,0,Fairly Easy,0,0.0,1.0,,14.0,2.0,0.0,0,188.0,72.0,0.0,6.0,4.0,0.0,,,,,467eb4d867418e333d48c4573ecc265f,0,,,,,1.1,https://www.destockagecroisieres.fr/compagnies-de-croisiere/costa-croisieres.html,2024-05-16 17:25:17,0.0,0.0,0.0,0.0,,Indexable,,0,0,0,0,0,0,0,0,0
45,croisière costa,6,https://www.havas-voyages.fr/croisiere/costa-croisieres,0,200.0,1264.0,58.0,23.0,,0.0,1.0,20.0,9.0,56.0,2604.0,4.0,2917.0,3.0,2604.0,1859.8043509357808,2917.0,5369.291114378568,1162.4822755873192,3.0,text/html;charset=UTF-8,200.0,OK,Indexable,,Découvrez les Croisières Costa,30.0,275.0,,0.0,0.0,"Embarquez pour nos croisières Costa en promo pour vos vacances en Méditerranée, en Europe du Nord, en Asie, aux Caraibes aux Emirats ou dans l'Océan Indien",155.0,999.0,,0.0,,0.0,,0.0,"Costa Croisières, un rêve qui devient réalité et dépasse vos attentes",69.0,Inscription à notre newsletter,30.0,,,,,https://www.havas-voyages.fr/croisiere/costa-croisieres,,,,,,,154553.0,26389.0,1321.0,260.0,0,0,Fairly Easy,0,0.0,1.0,,2.0,1.0,0.0,0,42.0,34.0,0.0,0.0,0.0,0.0,,,,,f1e2bc9c9d93b3e09118dcddf112f3e7,0,,,,,1.1,https://www.havas-voyages.fr/croisiere/costa-croisieres,2024-05-16 17:25:25,0.0,0.0,0.0,0.0,,Indexable,,0,0,0,0,0,0,0,0,0
46,croisière costa,7,https://www.croisierenet.com/comp_2/croisiere/croisieres/costa-croisieres/index.html,0,200.0,10.0,72.0,42.0,66.0,167.0,638.0,118.0,22.0,93.0,1754.0,3.0,3066.0,9.0,2148.0,1114.2556574877449,2951.0,1929.907957253844,321.5,11.0,text/html; charset=UTF-8,200.0,OK,Indexable,,"Croisières Costa Croisières 2024 - 2025 : Offres et promos, itinéraires, navires...",83.0,697.0,,0.0,0.0,"Costa Croisières - 1736 croisières disponible avec Costa Croisières, tarifs 2024 - 2025 vers de nombreuses destinations. Toutes les informations sur l'armateur, les photos des bateaux et cabines, descriptifs des escales, les itinéraires, Webcam des bateaux les promotions 2024.",277.0,1715.0,,0.0,croisière Costa Croisières,26.0,,0.0,Les navires de Costa Croisières,31.0,Nos Coups de Coeur,18.0,"index, follow",,,,https://www.croisierenet.com/comp_2/croisiere/croisieres/costa-croisieres/index.html,,,,,,,588593.0,44137.0,5929.0,1546.0,0,0,Very Easy,0,0.0,4.0,,3.0,2.0,0.0,0,131.0,111.0,0.0,10.0,10.0,0.0,,,,,28244468dcd0aed3d57564c567d939af,0,,,,,1.1,https://www.croisierenet.com/comp_2/croisiere/croisieres/costa-croisieres/index.html,2024-05-16 17:25:22,0.0,0.0,0.0,0.0,,Indexable,,0,0,0,0,0,0,0,0,0
47,croisière costa,8,"https://www.abcroisiere.com/fr/croisieres/croisiere-costa-croisieres/mediterranee/compagnie,destination,7,53,0/",0,200.0,132.0,80.0,47.0,67.0,36.0,13828.0,119.0,6.0,,641.0,5.0,1225.0,6.0,1093.0,2856.2244402467345,1573.0,6859.135065857651,1730.4999999999955,6.0,text/html;charset=UTF-8,200.0,OK,Indexable,,"Croisière Méditerranée avec Costa Croisières 2024 : Itinéraires, tarifs et promos !",83.0,709.0,,0.0,0.0,"200 Croisière Méditerranée avec Costa Croisières : promo itinéraires 2024. Réservez une croisière Costa Méditerranée pas cher au départ de Marseille, en dernière minute ou all inclusive.",186.0,1146.0,,0.0,Méditerranée avec Costa,23.0,,0.0,Top Croisières,14.0,Quand partir en croisières,26.0,"index,follow",,,,"https://www.abcroisiere.com/fr/croisieres/croisiere-costa-croisieres/mediterranee/compagnie,destination,7,53,0/",,,,,,,609898.0,105554.0,2699.0,567.0,0,0,Easy,0,0.0,5.0,,9.0,5.0,0.0,0,213.0,119.0,0.0,1.0,1.0,0.0,,,,,6f156e9b6a77e9704c7ad1ae0920668f,0,"Thu, 16 May 2024 12:12:07 GMT",,,,1.1,"https://www.abcroisiere.com/fr/croisieres/croisiere-costa-croisieres/mediterranee/compagnie,destination,7,53,0/",2024-05-16 17:25:24,0.0,0.0,0.0,0.0,,Indexable,,0,0,0,0,0,0,0,0,0
48,croisière costa,9,https://www.costakreuzfahrten.ch/fr/cruises.html?page=1,0,200.0,111.0,,,,0.0,0.0,1.0,2.0,25.0,1996.0,3.0,3665.0,24.0,1996.0,10002.638238761218,3665.0,9447.801476168215,1586.4738781230799,24.0,text/html;charset=utf-8,200.0,OK,Non-Indexable,Canonicalised,Croisières 2024: découvrez les offres | Costa Croisières,56.0,487.0,,0.0,0.0,Découvrez les prix et les offres exclusives Costa Croisières. Réservez votre croisière et préparez-vous à vivre des vacances de rêve!,133.0,807.0,,0.0,,0.0,,0.0,,0.0,,0.0,,,,,https://www.costakreuzfahrten.ch/fr/cruises.html,,,,,,,66491.0,18051.0,0.0,,0,0,,0,0.0,1.0,,0.0,0.0,0.0,0,0.0,0.0,0.0,0.0,0.0,0.0,,,,,4d09a2d86fdfee75a594a55a7fe597d2,0,,,,,1.1,https://www.costakreuzfahrten.ch/fr/cruises.html?page=1,2024-05-16 17:25:46,0.0,0.0,0.0,0.0,,Non-Indexable,Canonicalised,0,0,0,0,0,0,0,0,0
49,croisière costa,10,https://voyages.carrefour.fr/accueil/croisiere/costa,0,,,52.0,20.0,,0.0,7.0,0.0,0.0,41.0,573.0,6.0,1058.0,22.0,573.0,673.4670620448791,1058.0,1477.0698633036973,67.00000000000011,22.0,text/html; charset=UTF-8,403.0,Forbidden,Non-Indexable,Client Error,,0.0,0.0,,0.0,0.0,,0.0,0.0,,0.0,,0.0,,0.0,,0.0,,0.0,,,,,,,,,,,,0.0,0.0,0.0,,0,0,,0,0.0,2.0,,0.0,0.0,0.0,0,0.0,0.0,0.0,0.0,0.0,0.0,,,,,,0,,,,,1.1,https://voyages.carrefour.fr/accueil/croisiere/costa,2024-05-16 17:25:06,,,,,,,,0,0,0,0,0,0,0,0,0
50,croisière costa,11,https://www.croisiland.com/fr/croisieres/costa-croisieres-3/liste.html,1,200.0,6840.0,81.0,22.0,,0.0,14740.0,184.0,5.0,,,,,,,,,,,,text/html; charset=UTF-8,200.0,OK,Indexable,,"Croisières Costa Croisières 2024-2025 : Navires, Itinéraires",60.0,517.0,,0.0,0.0,Embarquez avec Costa Croisières pour une croisière inoubliable et au meilleur prix. Découvrez tous les navires et destinations disponibles !,140.0,859.0,,0.0,Costa Croisières 2024-2025,26.0,,0.0,Croisière Allemagne,19.0,"Croisière Baléares, Espagne, France, Italie",43.0,"all, index, follow",,,,,,,,,,,385489.0,33082.0,1382.0,363.0,0,0,Fairly Easy,0,0.0,3.0,,147.0,2.0,0.0,0,388.0,184.0,0.0,5.0,5.0,0.0,,,,,f44f2f101345c37923527649ad9ddd2,0,,,,,1.1,https://www.croisiland.com/fr/croisieres/costa-croisieres-3/liste.html,2024-05-16 17:25:12,0.0,0.0,0.0,0.0,,Indexable,,0,0,0,0,0,0,0,0,0
51,croisière costa,12,https://www.croisieres.com/compagnie/costa-croisieres,1,200.0,200.0,78.0,58.0,66.0,87.0,3682.0,164.0,0.0,,1456.0,3.0,1859.0,2.0,1456.0,1648.9648270787984,1859.0,4103.765644647847,612.9999999999991,2.0,text/html; charset=UTF-8,200.0,OK,Indexable,,"Croisière Costa : promos, prix, avis 2024 - 2025",48.0,413.0,,0.0,0.0,"À la recherche d'une croisière Costa ? Voici tous les itinéraires 2024, 2025, 2026 au meilleur prix - Promos & avis en un clic !",128.0,761.0,,0.0,"Croisière Costa : ports de départs, prix, avis et itinéraires",61.0,,0.0,Vidéo de présentation de la compagnie Costa Croisières,54.0,Costa Croisières : l’histoire,29.0,,,,,https://www.croisieres.com/compagnie/costa-croisieres,,,,,,,553595.0,30854.0,5596.0,1245.0,0,0,Easy,0,0.0,1.0,,3.0,1.0,0.0,0,395.0,164.0,0.0,0.0,0.0,0.0,,,,,c13badc3da42ce3f2439bbce617437f2,0,"Thu, 16 May 2024 15:25:27 GMT",,,,1.1,https://www.croisieres.com/compagnie/costa-croisieres,2024-05-16 17:25:27,0.0,0.0,0.0,0.0,,Indexable,,0,0,0,0,0,0,0,0,0
52,croisière costa,13,https://www.azur-croisieres.com/2-compagnie-costa-croisieres,1,200.0,410.0,82.0,22.0,41.0,2.0,14915.0,176.0,0.0,95.5,2269.0,2.0,2878.0,9.0,2269.0,759.6982630250881,2878.0,1381.2237888446034,225.5,9.0,text/html; charset=UTF-8,200.0,OK,Indexable,,"Croisières Costa Croisières - Catalogue 2024, 2025",50.0,448.0,,0.0,0.0,"Destinations de rêve, promotions, avis: notre catalogue de 7 croisières Costa Croisières satisfera vos besoins d'évasion 2024, 2025, les plus exigeants.",152.0,931.0,,0.0,croisières Costa Croisières 2024-2025-2026,42.0,,0.0,Histoire / Présentation de la compagnie,39.0,Une flotte de 13 navires construits entre 1993 et 2019,54.0,"index,follow",,,,,,,,,,,397860.0,30968.0,4874.0,1118.0,0,0,Easy,0,0.0,0.0,,1.0,1.0,0.0,0,181.0,177.0,0.0,0.0,0.0,0.0,,,,,d6b6892323f7d7bdc4c07c9c7d1916eb,0,"Tue, 26 Mar 2024 09:30:20 GMT",,,,1.1,https://www.azur-croisieres.com/2-compagnie-costa-croisieres,2024-05-16 17:25:20,0.0,0.0,0.0,0.0,,Indexable,,0,0,0,0,0,0,0,0,0
53,croisière costa,14,https://tour-du-monde-croisiere.fr/produit/costa-2026,1,200.0,868.0,61.0,19.0,,0.0,51.0,36.0,3.0,62.0,1946.0,,3332.0,20.0,1946.0,2088.532082982454,3332.0,3796.732386287131,364.4999999999998,20.0,text/html; charset=UTF-8,200.0,OK,Indexable,,Croisière tour du monde Costa 2026 (à bord du Costa Deliziosa),62.0,563.0,,0.0,0.0,"Croisière tour du monde Costa 2026, embarquez sans tarder pour cette extraordinaire aventure mondiale à bord du Costa Deliziosa, au départ de Marseille !",153.0,958.0,,0.0,Croisière tour du monde Costa 2026,34.0,,0.0,Description,11.0,Vidéo du tour du monde Costa Croisières en 2026,47.0,"index, follow, max-image-preview:large, max-snippet:-1, max-video-preview:-1",,,,https://tour-du-monde-croisiere.fr/produit/costa-2026,,,,,,,148973.0,20766.0,1411.0,325.0,0,0,Very Easy,0,0.0,1.0,,11.0,1.0,0.0,0,82.0,41.0,0.0,3.0,3.0,0.0,,,,,af1e835a2c4e84ac5983c7d93807c74f,0,,,,,1.1,https://tour-du-monde-croisiere.fr/produit/costa-2026,2024-05-16 17:25:47,0.0,0.0,0.0,0.0,,Indexable,,0,0,0,0,0,0,0,0,0
54,croisière costa,15,https://www.croisiere-club.com/bateau-croisiere/costa-croisieres-2.html,1,200.0,991.0,67.0,25.0,58.0,19.0,136.0,28.0,5.0,73.0,756.0,3.0,887.0,1.0,756.0,2845.2707796163368,887.0,2845.2707796163368,0.0,1.0,text/html; charset=UTF-8,200.0,OK,Indexable,,Offres spéciales et promos Croisières Costa | Croisière en famille,66.0,571.0,,0.0,0.0,"Retrouvez ici l'intégralité des croisières Costa 2023-24 et 2025, les prix et les itinéraires. Bons plans et conseils et devis gratuit.",135.0,785.0,"costa, croisieres,itinéraires, prix, bons plans",47.0,Croisière Club,14.0,"Croisières Costa croisières: Promotions, infos et réservations",62.0,Découvrez l'ensemble des offres de croisières proposées par Costa,65.0,,0.0,,,,,https://www.croisiere-club.com/bateau-croisiere/costa-croisieres-2.html,,,,,,,48150.0,14262.0,844.0,157.0,0,0,Normal,0,0.0,1.0,,5.0,1.0,0.0,0,43.0,30.0,0.0,6.0,5.0,0.0,,,,,f94bec06c7880cdb759d680155fcdda,0,,,,,1.1,https://www.croisiere-club.com/bateau-croisiere/costa-croisieres-2.html,2024-05-16 17:25:45,0.0,0.0,0.0,0.0,,Indexable,,0,0,0,0,0,0,0,0,0
55,croisière costa,16,https://www.costacroisieres.be/cruises.html?page=1,1,200.0,67.0,,,,0.0,0.0,1.0,2.0,25.0,1210.0,3.0,4844.0,48.0,2658.0,9538.582010748432,4565.0,7792.3341649131125,1514.9482608462367,32.0,text/html;charset=utf-8,200.0,OK,Non-Indexable,Canonicalised,Croisières 2024: réserver maintenant | Costa Croisières,55.0,485.0,,0.0,0.0,Découvrez toutes les croisières Costa! Profitez des offres pour réserver vos vacances et vivre une expérience unique à bord de nos navires 🛳!,142.0,867.0,,0.0,,0.0,,0.0,,0.0,,0.0,,,,,https://www.costacroisieres.be/cruises.html,,,,,,,59497.0,16464.0,0.0,,0,0,,0,0.0,0.0,,0.0,0.0,0.0,0,0.0,0.0,0.0,0.0,0.0,0.0,,,,,aacbb7bd94c908c3bfe5506c7e880c9c,0,,,,,1.1,https://www.costacroisieres.be/cruises.html?page=1,2024-05-16 17:25:44,0.0,0.0,0.0,0.0,,Non-Indexable,Canonicalised,0,0,0,0,0,0,0,0,0
56,croisière costa,17,https://croisieres.lastminute.com/compagnies-de-croisieres/costa-croisieres-10.html,1,,,43.0,,38.0,1.0,1.0,0.0,0.0,40.0,1398.0,5.0,2025.0,2.0,1398.0,1791.7736722760446,2025.0,4451.516674895684,1970.9996713209482,2.0,text/html; charset=UTF-8,403.0,Forbidden,Non-Indexable,Client Error,,0.0,0.0,,0.0,0.0,,0.0,0.0,,0.0,,0.0,,0.0,,0.0,,0.0,,,,,,,,,,,,0.0,0.0,0.0,,0,0,,0,0.0,1.0,,0.0,0.0,0.0,0,0.0,0.0,0.0,0.0,0.0,0.0,,,,,,0,,,,,1.1,https://croisieres.lastminute.com/compagnies-de-croisieres/costa-croisieres-10.html,2024-05-16 17:25:35,,,,,,,,0,0,0,0,0,0,0,0,0
57,croisière costa,18,http://www.croisieres-mediterranee.com/voyage/iles-grecques-costa-croisieres/dt-cp-53-50-7/,1,200.0,960.0,64.0,1.0,,0.0,7.0,54.0,1.0,70.0,3283.0,2.0,3414.0,1.0,3283.0,387.3574089489976,3414.0,1390.2785060029148,4.0,1.0,text/html;charset=UTF-8,200.0,OK,Indexable,,Croisière Méditerranée : Des croisières avec Costa et MSC en Méditerranée,73.0,662.0,,0.0,0.0,Retrouvez nos plus belles croisieres en méditerranée avec les plus grands Armateurs de croisieres méditerranée Costa MSC,120.0,766.0,"croisiere méditerranée, croisieres méditerranée, croisière méditerranée, croisières méditerranée",96.0,Croisieres en Méditerranée,26.0,,0.0,Méditerranée Orientale - Costa Croisières - 7 jours,51.0,Méditerranée Orientale - Costa Croisières - 9 jours,51.0,noodp,,,,,,,,,,,90496.0,14188.0,1425.0,283.0,0,0,Fairly Easy,0,0.0,3.0,,1.0,1.0,0.0,0,58.0,56.0,0.0,1.0,1.0,0.0,,,,,ef95072aba276e68c7a39e0deceefee,0,,,,,1.1,http://www.croisieres-mediterranee.com/voyage/iles-grecques-costa-croisieres/dt-cp-53-50-7/,2024-05-16 17:25:46,0.0,0.0,0.0,0.0,,Indexable,,0,0,0,0,0,0,0,0,0
58,croisière costa,19,https://brochuresvacances.fr/bateaux-costa-croisieres.html,1,200.0,2618.0,41.0,0.0,,0.0,1.0,11.0,5.0,,3031.0,3.0,3696.0,6.0,3031.0,3576.622598676704,3696.0,4249.540455633263,593.8001876634326,6.0,text/html; charset=UTF-8,200.0,OK,Indexable,,Costa Croisières Visitez tous les bateaux de croisières,55.0,477.0,,0.0,0.0,"Bateaux Costa Croisières chaque navire propose des atmosphères uniques et vous mènera dans le monde entier, avec tout le confort à bord.",136.0,870.0,,0.0,logo,4.0,VISITEZ LES BATEAUX COSTA CROISIERES,36.0,TOUS LES NAVIRES,16.0,VISITEZ LA FLOTTE DES NAVIRES COSTA CROISIERES.,47.0,"index, follow, max-image-preview:large, max-snippet:-1, max-video-preview:-1",,,,https://brochuresvacances.fr/bateaux-costa-croisieres.html,,,,,,,96714.0,18306.0,1444.0,214.0,0,0,Normal,0,0.0,0.0,,18.0,1.0,0.0,0,28.0,10.0,0.0,21.0,20.0,0.0,,,,,ca179396b0e28c3b79a7645ea49ea00,0,,,,,1.1,https://brochuresvacances.fr/bateaux-costa-croisieres.html,2024-05-16 17:25:42,0.0,0.0,0.0,0.0,,Indexable,,0,0,0,0,0,0,0,0,0
59,croisière costa,20,https://www.planete-croisiere.com/tour-du-monde-costa-croisieres/destination,1,200.0,2045.0,64.0,10.0,,0.0,28.0,23.0,2.0,76.0,1424.0,2.0,1747.0,16.0,1424.0,2010.0680711111477,1747.0,5664.498189417176,2301.209629448198,16.0,text/html; charset=UTF-8,200.0,OK,Indexable,,"Tour du Monde Costa Croisières : prix, itinéraires 2024/2025",60.0,531.0,"Tour du Monde Costa Croisières : prix, itinéraires 2024/2025",60.0,531.0,"Réservez au meilleur prix votre tour du monde inoubliable avec Costa Croisières et Planète Croisière. Découvrez les itinéraires, les navires Costa et bien plus.",160.0,966.0,Croisière Tour du Monde Costa,29.0,Tour du Monde Costa Croisières,30.0,,0.0,Embarquez pour un tour du monde en 2024 et 2025 avec Costa Croisières,69.0,Toutes les croisières Tour du Monde Costa Croisières,52.0,"index, follow",,,,https://www.planete-croisiere.com/tour-du-monde-costa-croisieres/destination,,,,,,,72791.0,16775.0,2758.0,368.0,0,0,Easy,0,0.0,1.0,,4.0,1.0,0.0,0,31.0,24.0,0.0,3.0,2.0,0.0,,,,,c0328a5223f48b2adcfffab1e7bd92d3,0,,,,,1.1,https://www.planete-croisiere.com/tour-du-monde-costa-croisieres/destination,2024-05-16 17:25:47,0.0,0.0,0.0,0.0,,Indexable,,0,0,0,0,0,0,0,0,0
60,croisière méditerranée,1,https://www.msccroisieres.fr/nos-croisieres/destinations/mediterranee,0,200.0,42.0,70.0,44.0,62.0,54.0,151.0,122.0,89.0,20.0,2547.0,5.0,2993.0,7.0,2672.0,1260.399360354977,4746.0,1691.701670854299,363.9953216079631,28.0,text/html;charset=UTF-8,200.0,OK,Indexable,,Croisières en Méditerranée | MSC Croisières,43.0,388.0,,0.0,0.0,"Découvrez avec MSC Croisières les plus beaux endroits de la Méditerranée : l'Italie, les îles grecques, la Côte d'Azur, Barcelone et bien plus encore !",151.0,905.0,,0.0,CROISIÈRES EN MÉDITERRANÉE,26.0,,0.0,Pays de la Méditerranée,23.0,Croisière en Grèce et dans les îles grecques,44.0,"INDEX,FOLLOW",,,,https://www.msccroisieres.fr/nos-croisieres/destinations/mediterranee,,,,,,,266971.0,47838.0,2954.0,451.0,0,0,Fairly Easy,0,0.0,2.0,,13.0,2.0,0.0,0,184.0,124.0,0.0,88.0,64.0,0.0,,,,,a57b0151dd18c5becc3391360696bebb,0,,,,,1.1,https://www.msccroisieres.fr/nos-croisieres/destinations/mediterranee,2024-05-16 17:25:37,0.0,0.0,0.0,0.0,,Indexable,,0,0,0,0,0,0,0,0,0
61,croisière méditerranée,2,https://www.costacroisieres.fr/destinations/mediterranee.html,0,200.0,140.0,69.0,48.0,62.0,192.0,51.0,0.0,2.0,21.0,2957.0,4.0,5192.0,12.0,2468.0,5419.176301684473,4549.0,5668.104329410641,974.5,25.0,text/html;charset=utf-8,200.0,OK,Indexable,,Croisières en Méditerranée : prix des vacances Îles grecques | Costa Croisières,79.0,693.0,,0.0,0.0,Envie d’embarquer pour une croisière sur la mer Méditerranée ? Découvrez les meilleures offres promotionnelles et embarquez avec Costa Croisières. Choisissez votre itinéraire pour passer des vacances de rêve !,209.0,1305.0,,0.0,,0.0,,0.0,,0.0,,0.0,,,,,https://www.costacroisieres.fr/destinations/mediterranee.html,,,,,,,123839.0,25464.0,0.0,,0,0,,0,0.0,1.0,,0.0,0.0,0.0,0,0.0,0.0,0.0,0.0,0.0,0.0,,,,,69e4841e6eb9316936ee459e7484bc45,0,,,,,1.1,https://www.costacroisieres.fr/destinations/mediterranee.html,2024-05-16 17:25:10,0.0,0.0,0.0,0.0,,Indexable,,0,0,0,0,0,0,0,0,0
62,croisière méditerranée,3,"https://www.abcroisiere.com/fr/croisieres/croisiere-mediterranee/destination,53,0/",0,200.0,10.0,81.0,48.0,69.0,225.0,13828.0,122.0,9.0,,1077.0,4.0,2416.0,6.0,1093.0,2486.087436538019,1573.0,6833.96781210873,1092.3123056254258,6.0,text/html;charset=UTF-8,200.0,OK,Indexable,,Croisières Méditerranée 2024 : promo et tout inclus | ABcroisière,65.0,569.0,,0.0,0.0,"Croisière en Méditerranée : forfait tout inclus avec boisson et promo jusqu'à -60% ! Réservez une croisière en Méditerranée au départ de Marseille ou Nice, avec les compagnies Costa Croisières, MSC Croisières et bien d'autres.",226.0,1392.0,"croisière Méditerranée, croisière Méditerranée pas cher, informations croisière Méditerranée, réservation croisière Méditerranée",128.0,Croisières Méditerranée,23.0,,0.0,Croisière Méditerranée,22.0,Top Croisières,14.0,"index,follow",,,,"https://www.abcroisiere.com/fr/croisieres/croisiere-mediterranee/destination,53,0/",,"https://www.abcroisiere.com/fr/croisieres/croisiere-mediterranee/destination,53,0/?pageNo=2",,,,,605891.0,111864.0,3326.0,646.0,0,0,Easy,0,0.0,4.0,,8.0,5.0,0.0,0,260.0,119.0,0.0,1.0,1.0,0.0,,,,,c4b521b20ed1280638746071b182db88,0,"Thu, 16 May 2024 08:46:38 GMT",,,,1.1,"https://www.abcroisiere.com/fr/croisieres/croisiere-mediterranee/destination,53,0/",2024-05-16 17:25:24,0.0,0.0,0.0,0.0,,Indexable,,0,0,0,0,0,0,0,0,0
63,croisière méditerranée,4,https://www.msccroisieres.fr/,0,200.0,26.0,83.0,62.0,80.0,41477.0,1844.0,58.0,66.0,18.0,2710.0,14.0,5851.0,2.0,2672.0,972.9584429699064,4746.0,921.01602304535,0.0,28.0,text/html;charset=UTF-8,200.0,OK,Indexable,,Croisières en Méditerranée et dans le monde | MSC Croisières,60.0,545.0,,0.0,0.0,"MSC Croisières propose des vacances en Méditerranée, dans les Caraïbes, aux Émirats et dans le monde entier. Appelez maintenant au 01 70 74 00 55.",146.0,936.0,,0.0,,0.0,,0.0,nos offres,10.0,NOS MEILLEURES DESTINATIONS,27.0,"INDEX,FOLLOW",,,,https://www.msccroisieres.fr/,,,,,,,286683.0,44140.0,1190.0,226.0,0,0,Fairly Easy,0,0.0,0.0,,25.0,3.0,0.0,0,94.0,59.0,0.0,89.0,64.0,0.0,,,,,a798df560ec97abfeb47f2fee5a98e50,0,,,,,1.1,https://www.msccroisieres.fr/,2024-05-16 17:25:19,0.0,0.0,0.0,0.0,,Indexable,,0,0,0,0,0,0,0,0,0
64,croisière méditerranée,5,https://www.destockagecroisieres.fr/croisieres/destination-mediterranee.html,0,200.0,133.0,83.0,48.0,67.0,225.0,10308.0,94.0,8.0,99.0,1285.0,5.0,1657.0,9.0,1592.0,1846.6612375620116,2249.0,3459.9857928303663,434.889667923032,8.0,text/html; charset=UTF-8,200.0,OK,Indexable,,"Croisières Méditerranée 2024-2025 : Tarif, promos & Itinéraires",63.0,553.0,,0.0,0.0,"Découvrez tous nos itinéraires en Méditerranée au départ de Marseille, Nice ou Cannes à prix imbattables ! Vous pourrez choisir de partir en pension complète ou tout inclus avec les compagnies telles que Costa Croisières et MSC Croisières",238.0,1481.0,"croisieres, destockage, destockage croisieres, croisiere",56.0,Croisières Méditerranée :,25.0,Croisières Méditerranée,23.0,Quelles sont les escales pour une croisière en Méditerranée ?,61.0,Quels sont les ports de départs de France pour une croisière en Méditerranée?,77.0,"index,follow",,,,,,,,,,,360126.0,67230.0,5854.0,1250.0,0,0,Normal,0,0.0,1.0,,10.0,2.0,0.0,0,204.0,106.0,0.0,10.0,8.0,0.0,,,,,7021ad4cd6b7995c65423fd51aa90e3,0,,,,,1.1,https://www.destockagecroisieres.fr/croisieres/destination-mediterranee.html,2024-05-16 17:25:32,0.0,0.0,0.0,0.0,,Indexable,,0,0,0,0,0,0,0,0,0
65,croisière méditerranée,6,https://centralcruise.com/croisiere/destination/mediterranee,0,200.0,1466.0,81.0,63.0,76.0,1406.0,4498.0,239.0,0.0,,2747.0,4.0,3293.0,18.0,1533.0,2701.687328326041,1891.0,2806.3599355906717,271.5000000000002,4.0,text/html; charset=UTF-8,200.0,OK,Indexable,,"Croisière Méditerranée : offres, avis, promotions & tarifs 2024 ✔ 2025",70.0,603.0,,0.0,0.0,"Dénichez votre croisière Méditerranée au meilleur tarif, au départ du port qui vous convient et basez-vous sur les avis de nos croisiéristes 2024 ✔ 2025",152.0,925.0,,0.0,Croisière Méditerranée : les meilleures offres et compagnies 2024 ✔ 2025,72.0,,0.0,Les plus belles escales de votre croisière en Méditerranée,58.0,Que faire pendant votre croisière en Méditerranée ?,51.0,,,,,https://centralcruise.com/croisiere/destination/mediterranee,,,,,,,406891.0,36222.0,4614.0,1044.0,0,0,Easy,0,0.0,2.0,,9.0,3.0,0.0,0,639.0,240.0,0.0,0.0,0.0,0.0,,,,,88cea178f23732fd3cee7e22e080a228,0,"Thu, 16 May 2024 15:25:10 GMT",,,,1.1,https://centralcruise.com/croisiere/destination/mediterranee,2024-05-16 17:25:10,0.0,0.0,0.0,0.0,,Indexable,,0,0,0,0,0,0,0,0,0
66,croisière méditerranée,7,https://www.croisieres.fr/destinations/d-35-mediterranee,0,200.0,84.0,80.0,40.0,48.0,31.0,15242.0,152.0,50.0,96.2,1491.0,3.0,1532.0,14.0,2016.0,808.473030593861,2026.0,2358.382156596228,672.9999999999999,19.0,text/html; charset=UTF-8,200.0,OK,Indexable,,Croisières Méditerranée 2024 – 2025: Prix et promos,51.0,467.0,,0.0,0.0,"Embarquez pour une croisière Méditerranée : 2043 offres de croisières Méditerranée pour 2024 - 2025 avec les armateurs ... tous les itinéraires, tarifs et promotions, escales, avis de nos clients... Conseils et devis gratuit",224.0,1351.0,,0.0,Nos offres de croisières Méditerranée 2024 - 2025,49.0,,0.0,Les bateaux en croisières Méditerranée,38.0,Liens utiles,12.0,"index, follow",,,,https://www.croisieres.fr/destinations/d-35-mediterranee,,,,,,,432592.0,62928.0,3778.0,926.0,0,0,Fairly Easy,0,0.0,1.0,,14.0,4.0,0.0,0,234.0,119.0,0.0,50.0,25.0,0.0,,,,,cfa9d20ae7632b214a470ce2012c6135,0,"Thu, 25 Apr 2024 07:40:11 GMT",,,,1.1,https://www.croisieres.fr/destinations/d-35-mediterranee,2024-05-16 17:25:39,0.0,0.0,0.0,0.0,,Indexable,,0,0,0,0,0,0,0,0,0
67,croisière méditerranée,8,https://www.croisierenet.com/croisiere-mediterranee/d-4/destination.html,0,,,74.0,38.0,55.0,72.0,791.0,0.0,0.0,97.0,1610.0,3.0,2777.0,10.0,2148.0,1311.9915394910943,2951.0,2229.128252431544,571.4949094749709,11.0,text/html; charset=UTF-8,200.0,OK,Indexable,,Croisière Méditerranée 2024 - 2025 : 3666 croisières en promos,62.0,561.0,,0.0,0.0,"Embarquez pour une des 3666 croisières Méditerranée: Découvrez toutes nos croisières Méditerranée 2024 - 2025 avec les armateurs ... les itinéraires, tarifs, promotions, avis et conseils de nos clients. Conseils et devis gratuit",228.0,1394.0,,0.0,croisière Méditerranée,22.0,,0.0,Nos Coups de Coeur,18.0,Tout savoir sur Méditerranée,28.0,"index, follow",,,,https://www.croisierenet.com/croisiere-mediterranee/d-4/destination.html,,,,,,,487884.0,40045.0,4895.0,1190.0,0,0,Easy,0,0.0,2.0,,2.0,2.0,0.0,0,176.0,146.0,0.0,10.0,10.0,0.0,,,,,dd75bb8a23585259e7c0e00bed0e996d,0,,,,,1.1,https://www.croisierenet.com/croisiere-mediterranee/d-4/destination.html,2024-05-16 17:25:11,0.0,0.0,0.0,0.0,,Indexable,,0,0,0,0,0,0,0,0,0
68,croisière méditerranée,9,https://www.planete-croisiere.com/mediterranee/destination,0,200.0,482.0,73.0,16.0,43.0,1.0,1828.0,38.0,2.0,98.6,1407.0,,2133.0,21.0,1424.0,1723.5879966725706,1747.0,3629.693222770107,822.9999999999991,16.0,text/html; charset=UTF-8,200.0,OK,Indexable,,"Croisière Méditerranée : prix, départs, itinéraires 2024-2025",61.0,521.0,"Croisière Méditerranée : prix, départs, itinéraires 2024-2025",61.0,521.0,"Réservez votre croisière en Méditerranée tout inclus avec Planète Croisière. Embarquez pour l'Espagne, l'Italie, la Grèce et tant d'autres ! Les offres 2024/2025.",162.0,978.0,Croisière Méditerranée,22.0,Croisières Méditerranée,23.0,,0.0,Réservez une croisière en Méditerranée : les meilleures offres 2024-2025,72.0,Toutes les croisières Méditerranée,34.0,"index, follow",,,,https://www.planete-croisiere.com/mediterranee/destination,,https://www.planete-croisiere.com/mediterranee/destination/page-2,,,,,318715.0,31258.0,5801.0,1211.0,0,0,Easy,0,0.0,1.0,,5.0,2.0,0.0,0,47.0,39.0,0.0,3.0,2.0,0.0,,,,,557c0110f3cb681019e35e90d24ac9a0,0,,,,,1.1,https://www.planete-croisiere.com/mediterranee/destination,2024-05-16 17:25:35,0.0,0.0,0.0,0.0,,Indexable,,0,0,0,0,0,0,0,0,0
69,croisière méditerranée,10,"https://www.promocroisiere.com/fr/croisieres/croisiere-mediterranee/destination,53,0/",0,200.0,21.0,83.0,52.0,62.0,43.0,12355.0,68.0,0.0,78.0,562.0,4.0,566.0,9.0,1342.0,1168.9573773902412,1401.0,2988.2741837644908,192.50000000000068,5.0,text/html;charset=UTF-8,200.0,OK,Indexable,,Croisière Méditerranée 2024 : itinéraires tout inclus,53.0,451.0,,0.0,0.0,Croisières Méditerranée 2024 à partir de 79€ - Tous les itinéraires de croisière Méditerranée avec le détail des escales et excursions. Profitez d'une promotion sur votre croisière maritime en Méditerranée pas chere.,216.0,1317.0,"croisière méditerranée, croisière méditerranée pas cher, croisières méditerranée pas chères, croisière méditerranée en promo, croisière méditerranée discount",157.0,Croisière Méditerranée en promo,31.0,,0.0,,0.0,Quels itinéraires pour une croisière en Méditerranée ?,54.0,"index,follow",,,,"https://www.promocroisiere.com/fr/croisieres/croisiere-mediterranee/destination,53,0/",,,,,,,135556.0,32186.0,1599.0,297.0,0,0,Fairly Easy,0,0.0,4.0,,1.0,1.0,0.0,0,68.0,65.0,0.0,0.0,0.0,0.0,,,,,4b5e216b623d9a7a91b7d192aee11c27,0,,,,,1.1,"https://www.promocroisiere.com/fr/croisieres/croisiere-mediterranee/destination,53,0/",2024-05-16 17:25:06,0.0,0.0,0.0,0.0,,Indexable,,0,0,0,0,0,0,0,0,0
70,croisière méditerranée,11,https://www.royalcaribbean.com/fra/fr/mediterranean-cruises,1,,,69.0,11.0,,38.0,2095.0,0.0,0.0,80.0,3818.0,4.0,4376.0,20.0,3818.0,5899.081600054924,4376.0,8857.51222754478,3481.9967042150483,20.0,text/html;charset=utf-8,200.0,OK,Indexable,,Croisières Méditerranée : parcourez la Méditerranée sur un navire de croisière | Royal Caribbean Cruises,104.0,912.0,,0.0,0.0,Retrouvez les offres de croisières les plus alléchantes dans la Méditerranée et préparez-vous à explorer l'île de Santorin sur la côte amalfitaine de l'Italie à bord d'un navire Royal Caribbean Cruises.,202.0,1203.0,"Mediterranean,Europe",20.0,CROISIÈRES EN MÉDITERRANÉE,26.0,,0.0,CROISIÈRES : LES PLUS BELLES,28.0,Réalisez des économies substantielles avec nos offres de croisières dans la Méditerranée,88.0,,,,,https://www.royalcaribbean.com/fra/fr/mediterranean-cruises,,,,,,,353170.0,41384.0,2151.0,357.0,0,0,Fairly Hard,0,0.0,2.0,,6.0,2.0,0.0,0,164.0,125.0,0.0,11.0,11.0,0.0,,,,,3a2af3a9e69b338012dc04a8ff334610,0,"Mon, 13 May 2024 09:40:23 GMT",,,,1.1,https://www.royalcaribbean.com/fra/fr/mediterranean-cruises,2024-05-16 17:25:21,0.0,0.0,0.0,0.0,,Indexable,,0,0,0,0,0,0,0,0,0
71,croisière méditerranée,12,https://www.ponant.com/destinations/mediterranee,1,,,71.0,55.0,61.0,154.0,422.0,0.0,0.0,91.0,2703.0,4.0,2816.0,2.0,2216.0,1742.8943070763034,2492.0,4284.005845052781,331.5,4.0,text/html; charset=UTF-8,200.0,OK,Indexable,,Croisières Méditerranée sur un yacht de luxe | Ponant,53.0,471.0,,0.0,0.0,Découvrez nos croisières sur la mer Méditerranée : expéditions et escales exceptionnelles. Jusqu'à -30% sur votre croisière 5* avec PONANT,138.0,868.0,"Destination list page,The Mediterranean",39.0,Croisières Méditerranée,23.0,,0.0,Découvrez nos 65 croisières,27.0,Nos croisières Méditerranée,27.0,"INDEX,FOLLOW",,,,https://www.ponant.com/destinations/mediterranee,,https://www.ponant.com/destinations/mediterranee?p=2,,,,,896808.0,97562.0,8621.0,1845.0,0,0,Very Easy,0,0.0,1.0,,218.0,2.0,0.0,0,609.0,259.0,0.0,4.0,4.0,0.0,,,,,f1b6b7ddf5baae9f778766bd253a49c7,0,,,,,1.1,https://www.ponant.com/destinations/mediterranee,2024-05-16 17:25:30,0.0,0.0,0.0,0.0,,Indexable,,0,0,0,0,0,0,0,0,0
72,croisière méditerranée,13,https://voyages.carrefour.fr/accueil/croisiere,1,200.0,48.0,73.0,36.0,,0.0,12803.0,102.0,25.0,37.0,468.0,6.0,973.0,9.0,573.0,916.7637353980052,1058.0,1516.0292980447439,136.9985661642051,22.0,text/html; charset=UTF-8,403.0,Forbidden,Non-Indexable,Client Error,,0.0,0.0,,0.0,0.0,,0.0,0.0,,0.0,,0.0,,0.0,,0.0,,0.0,,,,,,,,,,,,0.0,0.0,0.0,,0,0,,0,0.0,1.0,,0.0,0.0,0.0,0,0.0,0.0,0.0,0.0,0.0,0.0,,,,,,0,,,,,1.1,https://voyages.carrefour.fr/accueil/croisiere,2024-05-16 17:25:30,,,,,,,,0,0,0,0,0,0,0,0,0
73,croisière méditerranée,14,"https://croisiere.promovacances.com/fr/croisieres/croisiere-mediterranee/destination,53,0/",1,200.0,182.0,66.0,33.0,54.0,1.0,88.0,33.0,36.0,83.0,746.0,4.0,1349.0,8.0,1941.0,1375.545420544213,2580.0,3181.2164510050225,134.5,6.0,text/html;charset=UTF-8,200.0,OK,Indexable,,Croisières en Méditerranée 2024 : Bons plans & Croisières pas chères en Méditerranée en 1 clic !,96.0,849.0,,0.0,0.0,"Croisière Méditerranée : 1000 croisières en Méditerranée à partir de 79 €. Retrouvez les plus beaux bateaux de croisière, escales et itinéraires de croisières en Méditerranée en 1 clic sur Promovacances &#9755; Réservez maintenant !",232.0,1387.0,"croisières Méditerranée, croisière Méditerranée, croisière Méditerranée pas chère, croisière Méditerranée pas cher",114.0,Croisière Méditerranée,22.0,,0.0,,0.0,"La Méditerranée, une multitude d'îles et de cultures à découvrir en croisière",77.0,"index,follow",,,,"https://croisiere.promovacances.com/fr/croisieres/croisiere-mediterranee/destination,53,0/",,,,,,,172303.0,33801.0,1747.0,321.0,0,0,Fairly Easy,0,0.0,4.0,,5.0,2.0,0.0,0,75.0,61.0,0.0,7.0,7.0,0.0,,,,,e491626ff0206ba1732a8022ffed76bb,0,,,,,1.1,"https://croisiere.promovacances.com/fr/croisieres/croisiere-mediterranee/destination,53,0/",2024-05-16 17:25:22,0.0,0.0,0.0,0.0,,Indexable,,0,0,0,0,0,0,0,0,0
74,croisière méditerranée,15,http://www.croisieres-mediterranee.com/voyage/egypte/py-EG/,1,200.0,1512.0,55.0,1.0,,0.0,18.0,60.0,1.0,67.0,3283.0,2.0,3414.0,1.0,3283.0,612.5177140993654,3414.0,1904.5581754308428,17.0,1.0,text/html;charset=UTF-8,200.0,OK,Indexable,,Croisière Méditerranée : Des croisières avec Costa et MSC en Méditerranée,73.0,662.0,,0.0,0.0,Retrouvez nos plus belles croisieres en méditerranée avec les plus grands Armateurs de croisieres méditerranée Costa MSC,120.0,766.0,"croisiere méditerranée, croisieres méditerranée, croisière méditerranée, croisières méditerranée",96.0,Croisieres en Méditerranée,26.0,,0.0,Méditerranée Orientale - Celebrity Cruises - 11 jours,53.0,Iles grecques - MSC Croisières - 12 jours,41.0,noodp,,,,,,,,,,,94201.0,14622.0,1484.0,280.0,0,0,Fairly Easy,0,0.0,3.0,,1.0,1.0,0.0,0,59.0,59.0,0.0,1.0,1.0,0.0,,,,,27a17ecb843c2883b3fceb19eb3627a2,0,,,,,1.1,http://www.croisieres-mediterranee.com/voyage/egypte/py-EG/,2024-05-16 17:25:18,0.0,0.0,0.0,0.0,,Indexable,,0,0,0,0,0,0,0,0,0
75,croisière méditerranée,16,https://www.costacroisieres.fr/,1,200.0,1057.0,79.0,53.0,69.0,1034.0,255.0,0.0,2.0,,3152.0,10.0,5194.0,11.0,2468.0,7521.730561447144,4549.0,4887.870267611676,526.0,25.0,text/html;charset=utf-8,200.0,OK,Indexable,,Costa Croisières: voyages et vacances en croisière | Costa Croisières,69.0,606.0,,0.0,0.0,Découvrez les offres exclusives et les destinations de rêve Costa Croisières avec le Meilleur Prix Garanti. Visitez le site et préparez votre voyage en croisière !,163.0,965.0,,0.0,,0.0,,0.0,,0.0,,0.0,,,,,https://www.costacroisieres.fr/,,,,,,,124281.0,24251.0,0.0,,0,0,,0,0.0,0.0,,0.0,0.0,0.0,0,0.0,0.0,0.0,0.0,0.0,0.0,,,,,bc4e7189a0446fa37e98a780510432a,0,,,,,1.1,https://www.costacroisieres.fr/,2024-05-16 17:25:19,0.0,0.0,0.0,0.0,,Indexable,,0,0,0,0,0,0,0,0,0
76,croisière méditerranée,17,https://www.croisiland.com/fr/croisieres/destination-mediterranee-1/,1,200.0,4376.0,81.0,22.0,,0.0,14505.0,194.0,5.0,,5238.0,3.0,5641.0,0.0,5238.0,3767.1839213348444,5641.0,1809.4652075084734,87.5,0.0,text/html; charset=UTF-8,200.0,OK,Indexable,,"Croisière Méditerranée 2024-2025 avec MSC, Costa Croisières",59.0,550.0,,0.0,0.0,Réservez une croisière en Mer Méditerranée au départ du port de Marseille avec MSC Croisières ou Costa Croisières. Nombreux navires et itinéraires disponibles !,160.0,997.0,,0.0,Croisière Méditerranée 2024-2025,32.0,,0.0,"Croisière Espagne, France, Italie, Malte",40.0,"Croisière Espagne, France, Italie",33.0,"all, index, follow",,,,,,,,,,,411373.0,40779.0,2615.0,509.0,0,0,Fairly Easy,0,0.0,3.0,,143.0,2.0,0.0,0,409.0,196.0,0.0,5.0,5.0,0.0,,,,,714d405caf54a74a415bf44ae0f43482,0,,,,,1.1,https://www.croisiland.com/fr/croisieres/destination-mediterranee-1/,2024-05-16 17:25:35,0.0,0.0,0.0,0.0,,Indexable,,0,0,0,0,0,0,0,0,0
77,croisière méditerranée,18,"https://www.abcroisiere.com/fr/croisieres/croisiere/destination,0,0/",1,200.0,10.0,81.0,49.0,69.0,141.0,13828.0,106.0,9.0,,762.0,4.0,1479.0,6.0,1093.0,3207.632796576735,1573.0,7779.66304262873,2231.0893081494505,6.0,text/html;charset=UTF-8,200.0,OK,Indexable,,Croisière pas cher : toutes les offres croisières en promo,58.0,497.0,,0.0,0.0,"Réservez votre croisière en promo parmi 5192 croisières. Découvrez les itinéraires de croisière pas cher de tous les armateurs : MSC, Costa, Ponant, CroisiEurope... Comparez nos offres de croisière pas chère et trouvez le meilleur tarif en quelques clics !",256.0,1557.0,"croisières, croisière pas cher, croisière Méditerranée, croisière Caraïbes, croisière Nil / Egypte",98.0,Croisières pas cher !,21.0,,0.0,Ports de départ en Croisière :,30.0,Croisière en promo,18.0,"index,follow",,,,"https://www.abcroisiere.com/fr/croisieres/croisiere/destination,0,0/",,"https://www.abcroisiere.com/fr/croisieres/croisiere/destination,0,0/?pageNo=2",,,,,599138.0,109901.0,2983.0,599.0,0,0,Very Easy,0,0.0,4.0,,16.0,5.0,0.0,0,233.0,101.0,0.0,1.0,1.0,0.0,,,,,c914f13e80c19749a3b0e9b03516bb95,0,"Thu, 16 May 2024 10:17:42 GMT",,,,1.1,"https://www.abcroisiere.com/fr/croisieres/croisiere/destination,0,0/",2024-05-16 17:25:32,0.0,0.0,0.0,0.0,,Indexable,,0,0,0,0,0,0,0,0,0
78,croisière méditerranée,19,https://www.croisieres.fr/c-24-ponant/d-35-mediterranee,1,200.0,1778.0,52.0,13.0,,22.0,57.0,125.0,50.0,,2016.0,3.0,2026.0,19.0,2016.0,847.4105096329646,2026.0,1822.9316126778122,275.0,19.0,text/html; charset=UTF-8,200.0,OK,Indexable,,Ponant : Croisiere Méditerranée à partir de 290 €,49.0,427.0,,0.0,0.0,"Embarquez pour une croisière Méditerranée avec Ponant : 17 croisières 2024 - 2025 disponibles à partir de 290 €. Retrouvez toutes nos promos, les itinéraires, les navires de la compagnie, les avis de nos clients, les itinéraires... Conseils et devis gratuits",258.0,1557.0,,0.0,Croisière Méditerranée Ponant,29.0,,0.0,autres destinations,19.0,Toute la flotte de Ponant,25.0,"index, follow",,,,https://www.croisieres.fr/c-24-ponant/d-35-mediterranee,,,,,,,371471.0,53295.0,1150.0,526.0,0,0,Easy,0,0.0,1.0,,0.0,0.0,0.0,0,200.0,100.0,0.0,50.0,25.0,0.0,,,,,ba8663f209b49e25316849b375acb686,0,"Thu, 25 Apr 2024 07:40:11 GMT",,,,1.1,https://www.croisieres.fr/c-24-ponant/d-35-mediterranee,2024-05-16 17:25:31,0.0,0.0,0.0,0.0,,Indexable,,0,0,0,0,0,0,0,0,0
79,croisière méditerranée,20,https://www.starcroisieres.com/croisieres-par-destination/mediterranee.html,1,200.0,1970.0,76.0,44.0,55.0,11.0,379.0,0.0,0.0,,2139.0,2.0,2969.0,8.0,1774.0,4110.472903337436,2156.0,4023.388233745887,226.5,3.0,text/html; charset=UTF-8,200.0,OK,Indexable,,"Croisières en Méditerranée 2024, 2025, 2026 : prix & promos sur les départs",75.0,667.0,,0.0,0.0,"Croisières en Méditerranée au meilleur prix : réservez votre croisière pour un départ en 2024, 2025, 2026.",106.0,646.0,,0.0,Les croisières en Méditerranée disponibles,42.0,,0.0,Pourquoi choisir une croisière en Méditerranée ?,48.0,Les escales à visiter lors d'une croisière en Méditerranée :,60.0,,,,,https://www.starcroisieres.com/croisieres-par-destination/mediterranee.html,,,,,,,5335748.0,924951.0,5262.0,1093.0,0,0,Fairly Easy,0,0.0,1.0,,2.0,1.0,0.0,0,92.0,51.0,0.0,5.0,5.0,0.0,,,,,433b7d00b6e00ef98c1fbaeaffdc9599,0,,,,,1.1,https://www.starcroisieres.com/croisieres-par-destination/mediterranee.html,2024-05-16 17:25:49,0.0,0.0,0.0,0.0,,Indexable,,0,0,0,0,0,0,0,0,0
80,croisière sur le nil,1,https://voyages.carrefour.fr/serp?s_c.site=B2C&s_c.destination=MCBM.EG&ref_c.type_produit=croisieres,0,200.0,44.0,58.0,20.0,,0.0,187.0,61.0,23.0,39.0,552.0,6.0,1093.0,68.0,573.0,826.1979883096789,1058.0,1668.0449340799303,260.99702423311714,22.0,text/html; charset=UTF-8,403.0,Forbidden,Non-Indexable,Client Error,,0.0,0.0,,0.0,0.0,,0.0,0.0,,0.0,,0.0,,0.0,,0.0,,0.0,,,,,,,,,,,,0.0,0.0,0.0,,0,0,,0,0.0,0.0,,0.0,0.0,0.0,0,0.0,0.0,0.0,0.0,0.0,0.0,,,,,,0,,,,,1.1,https://voyages.carrefour.fr/serp?s_c.site=B2C&s_c.destination=MCBM.EG&ref_c.type_produit=croisieres,2024-05-16 17:25:42,,,,,,,,0,0,0,0,0,0,0,0,0
81,croisière sur le nil,2,https://www.croisieurope.com/destination/croisiere-egypte-nil,0,200.0,2618.0,75.0,49.0,44.0,1.0,2442.0,104.0,6.0,58.0,2025.0,3.0,3085.0,16.0,2025.0,2076.057704017988,3085.0,3369.338646384989,646.5,16.0,text/html; charset=utf-8,200.0,OK,Indexable,,Croisières sur le Nil en Egypte 2024  | CroisiEurope,52.0,439.0,,0.0,0.0,Croisières de 8 à 11 jours sur le Nil avec CroisiEurope. Découvrez les sites historiques de l'Egypte antique. Accompagnateur CroisiEurope et un conférencier égyptologue à bord. Départs 2024.,190.0,1184.0,,0.0,Croisières sur le Nil en Egypte,31.0,,0.0,,0.0,,0.0,,,,,https://www.croisieurope.com/destination/croisiere-egypte-nil,,,,,,,299866.0,54796.0,653.0,114.0,0,0,Fairly Easy,0,0.0,1.0,,3.0,3.0,0.0,0,151.0,110.0,0.0,4.0,4.0,0.0,,,,,245bc9868dd8651878e9f4af44a66e27,0,,,,,1.1,https://www.croisieurope.com/destination/croisiere-egypte-nil,2024-05-16 17:25:16,0.0,0.0,0.0,0.0,,Indexable,,0,0,0,0,0,0,0,0,0
82,croisière sur le nil,3,https://www.selectour.com/egypte/croisiere,0,200.0,13.0,77.0,18.0,67.0,285.0,132.0,38.0,2.0,81.0,1482.0,3.0,1912.0,3.0,1482.0,1538.00530091101,1912.0,3660.665372373381,505.0000000000009,3.0,text/html;charset=UTF-8,200.0,OK,Indexable,,"Croisière Egypte : prix, départs & itinéraires",46.0,376.0,,0.0,0.0,Croisière Egypte : découvrez nos meilleures offres et embarquez dès maintenant avec Selectour. Détente & escapades inoubliables vous attendent !,144.0,912.0,,0.0,CROISIÈRE EN EGYPTE SUR LE NIL - 70 VOYAGES,43.0,,0.0,Votre projet de voyage,22.0,Dernière ligne droite avant de prendre le large,47.0,,,,,https://www.selectour.com/egypte/croisiere,,,,,,,142786.0,27792.0,2947.0,513.0,0,0,Easy,0,0.0,1.0,,1.0,1.0,0.0,0,53.0,41.0,0.0,1.0,1.0,0.0,,,,,d575241b814ba650e7ced8cd85854783,0,,,,,1.1,https://www.selectour.com/egypte/croisiere,2024-05-16 17:25:23,0.0,0.0,0.0,0.0,,Indexable,,0,0,0,0,0,0,0,0,0
83,croisière sur le nil,4,https://www.fr.lastminute.com/sejour/croisieres-en-egypte.html,0,200.0,271.0,44.0,7.0,,0.0,2.0,70.0,10.0,40.0,557.0,3.0,1071.0,1.0,1032.0,2053.835609031169,1813.0,4087.8614963141467,363.0,10.0,text/html; charset=UTF-8,403.0,Forbidden,Non-Indexable,Client Error,,0.0,0.0,,0.0,0.0,,0.0,0.0,,0.0,,0.0,,0.0,,0.0,,0.0,,,,,,,,,,,,0.0,0.0,0.0,,0,0,,0,0.0,1.0,,0.0,0.0,0.0,0,0.0,0.0,0.0,0.0,0.0,0.0,,,,,,0,,,,,1.1,https://www.fr.lastminute.com/sejour/croisieres-en-egypte.html,2024-05-16 17:25:34,,,,,,,,0,0,0,0,0,0,0,0,0
84,croisière sur le nil,5,https://www.kuoni.fr/destinations/proche-et-moyen-orient/egypte/croisiere/,0,200.0,1497.0,76.0,50.0,,0.0,2176.0,295.0,11.0,85.0,2504.0,3.0,3930.0,3.0,2646.0,2673.971265253051,3420.0,2525.8012275925175,245.49999999999977,26.0,text/html; charset=UTF-8,200.0,OK,Indexable,,Croisière en Egypte : itinéraires au fil du Nil | Kuoni,55.0,440.0,,0.0,0.0,"Découvrez en croisière l’un des pays les plus envoûtants du monde, l'Égypte, grâce aux charmes incomparables du Nil, du désert et de la mer Rouge.",146.0,915.0,,0.0,Croisière Égypte,16.0,,0.0,Pourquoi choisir Kuoni ?,24.0,Les marques du groupe Kuoni France,34.0,max-image-preview:large,,,,https://www.kuoni.fr/destinations/proche-et-moyen-orient/egypte/croisiere/,,,,,,,1009083.0,169352.0,2755.0,689.0,0,0,Easy,0,0.0,4.0,,17.0,1.0,0.0,0,810.0,297.0,0.0,12.0,9.0,0.0,,,,,42938fba3976a028ce3814d2f1d3b897,0,,,,,1.1,https://www.kuoni.fr/destinations/proche-et-moyen-orient/egypte/croisiere/,2024-05-16 17:25:06,0.0,0.0,0.0,0.0,,Indexable,,0,0,0,0,0,0,0,0,0
85,croisière sur le nil,6,https://www.lidl-voyages.fr/serp.html?s_c.PRODUCT_TYPE=CROISIERE&s_c.DEST=EGY,0,200.0,16.0,59.0,20.0,,0.0,7.0,38.0,18.0,62.0,1624.0,4.0,2680.0,18.0,1662.0,1446.9530750283388,2919.0,1193.6046004575708,505.0,19.0,text/html;charset=UTF-8,200.0,OK,Indexable,,Croisière Egypte – Lidl Voyages,31.0,279.0,,0.0,0.0,"Découvrez, dès maintenant, toutes nos offres « Croisière Egypte ». Lidl Voyages vous fait voyager à prix de rêve !",114.0,691.0,,0.0,Croisière Egypte,16.0,,0.0,Croisière Egypte - Nos offres,29.0,Déesses du Nil et Giftun Azur - OFFRE INTERNET (070524) Egypte Mer Rouge,72.0,,,,,,,,,,,,1034374.0,190048.0,1478.0,353.0,0,0,Very Easy,0,0.0,0.0,,2.0,2.0,0.0,0,48.0,40.0,0.0,33.0,18.0,0.0,,,,,49a61a561629031c172c606fc74b06b6,0,,,,,1.1,https://www.lidl-voyages.fr/serp.html?s_c.PRODUCT_TYPE=CROISIERE&s_c.DEST=EGY,2024-05-16 17:25:24,0.0,0.0,0.0,0.0,,Indexable,,0,0,0,0,0,0,0,0,0
86,croisière sur le nil,7,https://www.havas-voyages.fr/croisiere/egypte,0,200.0,365.0,65.0,22.0,,0.0,1506.0,40.0,10.0,52.0,2604.0,4.0,2917.0,3.0,2604.0,2282.4371665606855,2917.0,4779.636872540686,514.9999999999998,3.0,,0.0,Connection Timeout,Non-Indexable,No Response,,0.0,0.0,,0.0,0.0,,0.0,0.0,,0.0,,0.0,,0.0,,0.0,,0.0,,,,,,,,,,,,0.0,0.0,0.0,,0,0,,0,0.0,1.0,,0.0,0.0,0.0,0,0.0,0.0,0.0,0.0,0.0,0.0,,,,,,0,,,,,,https://www.havas-voyages.fr/croisiere/egypte,2024-05-16 17:25:35,,,,,,,,0,0,0,0,0,0,0,0,0
87,croisière sur le nil,8,https://www.leclercvoyages.com/search?m_c.desti=EG.LXR,0,200.0,22.0,43.0,6.0,,0.0,2600.0,299.0,13.0,82.0,2347.0,4.0,2854.0,2.0,2097.0,2676.3739106964476,2986.0,3464.9708884022402,411.5000000000002,7.0,text/html;charset=UTF-8,200.0,OK,Indexable,,"Voyage Louxor et la vallee du Nil, sejour Louxor et la vallee du Nil, vacances Louxor et la vallee du Nil avec Voyages Leclerc",126.0,1077.0,,0.0,0.0,"Louxor et la vallée du Nil : Hôtels, locations, courts ou longs séjours, circuits ou croisières, trouvez vos vacances en ligne avec Voyages Leclerc",147.0,880.0,"E.Leclerc, Leclerc, Voyages",27.0,Voyages Egypte - Louxor et la vallée du Nil,43.0,,0.0,Croisière Soleil du Nil 5* - Vente Flash,40.0,Croisière Trésors du Nil 5*,27.0,,,,,https://www.leclercvoyages.com/search?m_c.desti=EG.LXR,,https://www.leclercvoyages.com/search?m_c.desti=EG.LXR&pageNum=2,,,,,317599.0,35225.0,1505.0,325.0,0,0,Easy,0,0.0,0.0,,22.0,1.0,0.0,0,733.0,280.0,0.0,11.0,11.0,0.0,,,,,11718a2161b56c6e74e6360a72592ebe,0,,,,,1.1,https://www.leclercvoyages.com/search?m_c.desti=EG.LXR,2024-05-16 17:25:06,0.0,0.0,0.0,0.0,,Indexable,,0,0,0,0,0,0,0,0,0
88,croisière sur le nil,9,https://www.terdav.com/ps-egypte/at-navigation,0,200.0,295.0,65.0,37.0,51.0,14.0,18.0,110.0,4.0,77.0,964.0,3.0,1198.0,8.0,964.0,1589.0150805655383,1198.0,1709.6,2.0,8.0,text/html; charset=utf-8,200.0,OK,Indexable,,Croisière en Egypte | Croisière sur le Nil,42.0,344.0,,0.0,0.0,Navigation en Egypte ➤ Découvrez 9 voyages d'aventure en Egypte et partez avec Terres d'Aventure. ✓ Infos pratiques ✓ Avis voyageurs - ✆ 01 70 82 90 00,151.0,941.0,,0.0,Croisière Egypte,16.0,,0.0,Où partir en Egypte,19.0,Croisière felouque sur le Nil,29.0,"index, follow",,,,https://www.terdav.com/ps-egypte/at-navigation,,,,,,,190288.0,190288.0,2237.0,431.0,0,0,Easy,0,0.0,1.0,,4.0,1.0,0.0,0,139.0,113.0,0.0,2.0,2.0,0.0,,,,,87b5493cc86ace973d6718597c0be02c,0,,,,,1.1,https://www.terdav.com/ps-egypte/at-navigation,2024-05-16 17:25:20,0.0,0.0,0.0,0.0,,Indexable,,0,0,0,0,0,0,0,0,0
89,croisière sur le nil,10,"https://www.promovacances.com/vacances/voyage-croisiere/sejour-croisiere-egypte/theme,/pays,62/ville,/",0,200.0,224.0,60.0,4.0,42.0,1.0,5.0,94.0,12.0,72.0,791.0,5.0,1123.0,8.0,791.0,1917.3155010300356,1123.0,5007.4584487898765,1487.4999999999998,8.0,text/html;charset=UTF-8,200.0,OK,Indexable,,Croisière Egypte : Croisière pas cher Egypte | Promovacances,60.0,541.0,,0.0,0.0,Croisière Egypte : de nombreuses Croisières Egypte à petit prix avec Promovacances. ⇨réservez maintenant votre croisiere !,122.0,761.0,,0.0,"Croisière Egypte, prix promo",28.0,,0.0,La Météo Egypte,15.0,Hôtels et Voyages Egypte : visiter et découvrir ...,51.0,"index, follow",,,,"https://www.promovacances.com/vacances/voyage-croisiere/sejour-croisiere-egypte/theme,/pays,62/ville,/",,"https://www.promovacances.com/vacances/voyage-croisiere/sejour-croisiere-egypte/theme,/pays,62/ville,/?pageNumber=2",,,,,621292.0,93933.0,1927.0,528.0,0,0,Very Easy,0,0.0,6.0,,2.0,1.0,0.0,0,112.0,97.0,0.0,7.0,7.0,0.0,,,,,68e3c6a8f875d4d635a2de5db2c8d4dd,0,"Thu, 16 May 2024 14:47:06 GMT",,,,1.1,"https://www.promovacances.com/vacances/voyage-croisiere/sejour-croisiere-egypte/theme,/pays,62/ville,/",2024-05-16 17:25:42,0.0,0.0,0.0,0.0,,Indexable,,0,0,0,0,0,0,0,0,0
90,croisière sur le nil,11,https://www.nile-aviation.fr/nos-croisi%C3%A8res-sur-le-nil/croisi%C3%A8re-sur-le-nil-amon/,1,200.0,1283.0,62.0,4.0,,0.0,67.0,60.0,18.0,87.0,876.0,2.0,1010.0,4.0,876.0,1009.7944344964757,1010.0,1671.5508997275128,42.000000000000114,4.0,,,,,,,,,,,,,,,,,,,,,,,,,,,,,,,,,,,,,,,,0,0,,0,,,,,,,0,,,,,,,,,,,,0,,,,,,,,,,,,,,,0,0,0,0,0,0,0,0,0
91,croisière sur le nil,12,https://www.voyage-prive.com/ppl/voyage-egypte-louxor-croisiere-splendeur-du-nil-et-visites-avec-ou-sans-le-caire/49911?,1,0.0,0.0,,,,0.0,0.0,0.0,0.0,90.0,1449.0,3.0,2868.0,18.0,1449.0,2513.581834246308,2868.0,3114.5458814947438,176.5,18.0,text/html; charset=UTF-8,200.0,OK,Indexable,,"Croisière Splendeur du Nil 5* et visites, avec ou sans le Caire - Louxor - Jusqu'à -70% | Voyage Privé",102.0,869.0,,0.0,0.0,Faites un voyage à travers le temps au fil du Nil sur les traces des pharaons avec Voyage Privé.,96.0,585.0,html-meta-keywords,18.0,,0.0,,0.0,Nos Engagements,15.0,,0.0,max-image-preview:large,,,,https://www.voyage-prive.com/ppl/voyage-egypte-louxor-croisiere-splendeur-du-nil-et-visites-avec-ou-sans-le-caire/49911?,,,,,,,293678.0,57603.0,4020.0,632.0,0,0,Easy,0,0.0,2.0,,3.0,1.0,0.0,0,71.0,65.0,0.0,18.0,17.0,0.0,,,,,c1ae218f4a5e3ba3432f9dd781f53aee,0,,,,,1.1,https://www.voyage-prive.com/ppl/voyage-egypte-louxor-croisiere-splendeur-du-nil-et-visites-avec-ou-sans-le-caire/49911?,2024-05-16 17:25:15,0.0,0.0,0.0,0.0,,Indexable,,0,0,0,0,0,0,0,0,0
92,croisière sur le nil,13,https://www.croisieurope.com/croisiere/croisiere-nil-terre-pharaons-classique,1,200.0,427.0,57.0,32.0,,0.0,7.0,106.0,6.0,67.0,2025.0,3.0,3085.0,16.0,2025.0,3880.911190449794,3085.0,4051.5938412031664,968.4999999999998,16.0,text/html; charset=utf-8,200.0,OK,Indexable,,Croisière sur le Nil en Egypte depuis Louxor  | CroisiEurope,60.0,509.0,,0.0,0.0,"Croisière de 8 jours sur le Nil au départ de Louxor avec CroisiEurope. Visitez les plus beaux sites de la Haute-Egypte : Karnak, Louxor, Edfou, Philae, Kom Ombo. Départs 2024.",175.0,1073.0,,0.0,Croisière sur le Nil : sur la Terre des Pharaons (formule port/port),68.0,,0.0,Croisière,9.0,Itinéraire,10.0,,,,,https://www.croisieurope.com/croisiere/croisiere-nil-terre-pharaons-classique,,,,,,,345001.0,64333.0,1140.0,283.0,0,0,Easy,0,0.0,1.0,,12.0,2.0,0.0,0,166.0,112.0,0.0,4.0,4.0,0.0,,,,,865002669cdf387b368e228a1d06148d,0,,,,,1.1,https://www.croisieurope.com/croisiere/croisiere-nil-terre-pharaons-classique,2024-05-16 17:25:48,0.0,0.0,0.0,0.0,,Indexable,,0,0,0,0,0,0,0,0,0
93,croisière sur le nil,14,https://www.jettours.com/f/croisieres,1,200.0,200.0,77.0,20.0,,12.0,23119.0,246.0,4.0,73.0,1269.0,3.0,1785.0,1.0,1269.0,1930.8202157753046,1785.0,3415.8307202067936,329.49999999999955,1.0,text/html;charset=UTF-8,200.0,,Indexable,,"Croisières, Voyage et séjours Croisières | Jet tours",52.0,441.0,,0.0,0.0,Agence de voyages spécialisé Croisières. Contactez nos spécialistes pour créer votre voyage sur mesure.,103.0,653.0,,0.0,Voyages Croisières,18.0,,0.0,Croisière Merveilles au Fil du Nil (avec visites) ****,54.0,Croisière Au Fil Du Nil 5 * Luxe,32.0,,,,,https://www.jettours.com/f/croisieres,,,,,,,182108.0,36208.0,2192.0,439.0,0,0,Easy,0,0.0,1.0,,6.0,1.0,0.0,0,329.0,248.0,0.0,4.0,4.0,0.0,,,,,e51a0783197b5a8616cc94b5c852256f,0,,,,,1.1,https://www.jettours.com/f/croisieres,2024-05-16 17:25:12,0.0,0.0,0.0,0.0,,Indexable,,0,0,0,0,0,0,0,0,0
94,croisière sur le nil,15,https://www.tui.fr/croisiere-les-legendes-du-nil_EGYCTEGY/,1,200.0,31.0,62.0,38.0,,1.0,47.0,145.0,24.0,88.0,2357.0,5.0,2648.0,11.0,1812.0,1692.7556243218833,2109.0,1716.941799774427,66.00000000000011,8.0,text/html; charset=utf-8,200.0,OK,Indexable,,Croisière Les légendes du Nil : Réservez en ligne |  Avis et Tarifs  | TUI France,81.0,663.0,,0.0,0.0,"Croisière Les légendes du Nil : services et équipements, photos, réservation, avis et tarifs. Chèques Vacances. Réservez votre séjour avec TUI France",149.0,918.0,,0.0,Croisière Les légendes du Nil,29.0,Conditions Générales de Vente,29.0,Egypte,6.0,Résumé,6.0,,,,,https://www.tui.fr/croisiere-les-legendes-du-nil_EGYCTEGY/,,,,,,,185026.0,40545.0,2675.0,467.0,0,0,Easy,0,0.0,1.0,,3.0,1.0,0.0,0,184.0,149.0,0.0,24.0,23.0,0.0,,,,,2d3517b0a70c8aa2d2784f7450cf758,0,,,,,1.1,https://www.tui.fr/croisiere-les-legendes-du-nil_EGYCTEGY/,2024-05-16 17:25:26,0.0,0.0,0.0,0.0,,Indexable,,0,0,0,0,0,0,0,0,0
95,croisière sur le nil,16,"https://www.abcroisiere.com/fr/croisieres/croisiere-nil/destination,314,462/",1,200.0,3402.0,80.0,47.0,67.0,38.0,13828.0,74.0,6.0,87.0,1093.0,3.0,1573.0,6.0,1093.0,2000.8304913857476,1573.0,5008.0118358072705,857.9880274784698,6.0,text/html;charset=UTF-8,200.0,OK,Indexable,,Croisière sur le Nil 2024 - Voyage en Egypte | AB croisière,59.0,503.0,,0.0,0.0,"Croisière sur le Nil à la découverte de l'Egypte : 8 croisières Nil à partir de 945€. Escales à Louxor, le Caire, Edfou, Esna, Assouan et Kom Ombo.",147.0,880.0,"croisière Nil, croisière Nil pas cher, informations croisière Nil, réservation croisière Nil",92.0,Croisières Nil,14.0,,0.0,Croisière Nil,13.0,Croisières Fluviales,20.0,,,,,"https://www.abcroisiere.com/fr/croisieres/croisiere-nil/destination,314,462/",,,,,,,345948.0,86462.0,2165.0,350.0,0,0,Very Easy,0,0.0,4.0,,7.0,5.0,0.0,0,139.0,75.0,0.0,1.0,1.0,0.0,,,,,7b527254d3cdd0415624e4e6553dd852,0,"Thu, 16 May 2024 14:46:45 GMT",,,,1.1,"https://www.abcroisiere.com/fr/croisieres/croisiere-nil/destination,314,462/",2024-05-16 17:25:20,0.0,0.0,0.0,0.0,,Indexable,,0,0,0,0,0,0,0,0,0
96,croisière sur le nil,17,https://www.maisonsduvoyage.com/afrique/egypte/croisiere,1,200.0,664.0,56.0,22.0,52.0,28.0,40.0,251.0,3.0,77.0,1809.0,3.0,2432.0,5.0,1809.0,2702.000263479849,2432.0,3514.936869078445,312.9202257761349,5.0,text/html; charset=UTF-8,200.0,OK,Indexable,,"Croisière Egypte, sur le nil en felouque & luxe (Afrique) - Les Maisons du Voyage",81.0,701.0,,0.0,0.0,Envie de Croisière Non Egypte? Découvrez la sélection des Maisons du Voyage ou contactez-nous pour vos envies de voyage sur mesure.,131.0,850.0,Croisière,9.0,Croisière Egypte,16.0,,0.0,LES CLÉS POUR BIEN PRÉPARER VOTRE CROISIÈRE EN ÉGYPTE,53.0,OÙ PARTIR EN CROISIÈRE EN ÉGYPTE ? Top 5 des sites incontournables pour une croisière de luxe sur le nil,104.0,"INDEX,FOLLOW",,,,https://www.maisonsduvoyage.com/afrique/egypte/croisiere,,,,,,,282534.0,57935.0,2645.0,679.0,0,0,Very Easy,0,0.0,2.0,,22.0,1.0,0.0,0,459.0,221.0,0.0,3.0,3.0,0.0,,,,,270847d237ced7c89fcf95b176cdceea,0,,,,,1.1,https://www.maisonsduvoyage.com/afrique/egypte/croisiere,2024-05-16 17:25:28,0.0,0.0,0.0,0.0,,Indexable,,0,0,0,0,0,0,0,0,0
97,croisière sur le nil,18,https://www.rivagesdumonde.fr/destination/croisiere-sur-le-nil,1,200.0,243.0,69.0,29.0,,0.0,424.0,97.0,3.0,42.0,1553.0,4.0,4345.0,1.0,1553.0,3550.3010115154075,4345.0,6668.019370273736,166.5,1.0,text/html; charset=UTF-8,200.0,OK,Indexable,,Croisière sur le Nil - Croisière de luxe - Rivages du Monde,59.0,499.0,,0.0,0.0,Embarquez pour une croisière sur le Nil. Vous voguerez à bord d'un bateau de croisière de luxe et bénéficierez d'un accompagnement entièrement francophone.,155.0,988.0,,0.0,Croisière sur le Nil,20.0,,0.0,Croisière fluviale aux sources de l’Humanité.,45.0,Croisière sur le Nil,20.0,"INDEX,FOLLOW",,,,https://www.rivagesdumonde.fr/destination/croisiere-sur-le-nil,,,,,,,148873.0,18828.0,894.0,233.0,0,0,Very Easy,0,0.0,1.0,,19.0,1.0,0.0,0,167.0,95.0,0.0,3.0,3.0,0.0,,,,,4789e44e94346eb8e0ea52babd1ac450,0,,,,,1.1,https://www.rivagesdumonde.fr/destination/croisiere-sur-le-nil,2024-05-16 17:25:45,0.0,0.0,0.0,0.0,,Indexable,,0,0,0,0,0,0,0,0,0
98,croisière sur le nil,19,https://www.filovent.com/croisiere/egypte,1,200.0,6691.0,78.0,45.0,56.0,16.0,13995.0,71.0,6.0,76.0,1785.0,3.0,2093.0,2.0,1424.0,1281.0932208715758,1691.0,1291.015145416071,87.5,99.0,text/html; charset=UTF-8,200.0,OK,Indexable,,Croisière en Égypte sur le Nil,30.0,251.0,,0.0,0.0,Offrez-vous une croisière inoubliable en Égypte à bord d'un dahabieh. Longez le Nil et partez à la découverte des sites archéologiques et des vestiges égyptiens.,161.0,989.0,,0.0,Croisières en Egypte,20.0,,0.0,Filtrez les résultats,21.0,Contactez nos conseillers afin de dénicher votre future croisière,65.0,,,,,https://www.filovent.com/croisiere/egypte,https://www.filovent.com/croisiere/egypte,,,,,,362758.0,52677.0,3172.0,687.0,0,0,Very Easy,0,0.0,1.0,,12.0,1.0,0.0,0,114.0,97.0,0.0,4.0,4.0,0.0,,,,,804d17093f7e0c95061aefea29009270,0,,,,,1.1,https://www.filovent.com/croisiere/egypte,2024-05-16 17:25:12,0.0,0.0,0.0,0.0,,Indexable,,0,0,0,0,0,0,0,0,0
99,croisière sur le nil,20,https://voyages.carrefour.fr/sejour-etranger/louxor/croisiere-le-nil-en-bleu?pageType=product&s_pid=337337,1,200.0,3025.0,52.0,19.0,,0.0,24.0,45.0,30.0,39.0,573.0,6.0,1058.0,22.0,573.0,549.3081984972298,1058.0,1181.0701459286292,44.0,22.0,text/html; charset=UTF-8,403.0,Forbidden,Non-Indexable,Client Error,,0.0,0.0,,0.0,0.0,,0.0,0.0,,0.0,,0.0,,0.0,,0.0,,0.0,,,,,,,,,,,,0.0,0.0,0.0,,0,0,,0,0.0,2.0,,0.0,0.0,0.0,0,0.0,0.0,0.0,0.0,0.0,0.0,,,,,,0,,,,,1.1,https://voyages.carrefour.fr/sejour-etranger/louxor/croisiere-le-nil-en-bleu?pageType=product&s_pid=337337,2024-05-16 17:25:40,,,,,,,,0,0,0,0,0,0,0,0,0
