,Keyword,Position,Url,Top10,HTTP code BABBAR,TTFB (en ms) BABBAR,Page Value BABBAR,Page Trust BABBAR,Semantic Value BABBAR,Backlinks BABBAR,Backlinks host BABBAR,Host Outlinks BABBAR,Outlinks BABBAR,Desktop First Contentful Paint Terrain,Desktop First Input Delay Terain,Desktop Largest Contentful Paint Terrain,Desktop Cumulative Layout Shift Terrain,Desktop First Contentful Paint Lab,Desktop Speed Index Lab,Desktop Largest Contentful Paint Lab,Desktop Time to Interactive Lab,Desktop Total Blocking Time Lab,Desktop Cumulative Layout Shift Lab,Content Type,Status Code,Status,Indexability_x,Indexability Status_x,Title 1,Title 1 Length,Title 1 Pixel Width,Meta Description 1,Meta Description 1 Length,Meta Description 1 Pixel Width,Meta Keywords 1,Meta Keywords 1 Length,H1-1,H1-1 Length,H1-2,H1-2 Length,H2-1,H2-1 Length,H2-2,H2-2 Length,Meta Robots 1,Meta Robots 2,Meta Robots 3,X-Robots-Tag 1,Meta Refresh 1,Canonical Link Element 1,Canonical Link Element 2,"rel=""next"" 1","rel=""prev"" 1","HTTP rel=""next"" 1","HTTP rel=""prev"" 1",amphtml Link Element,Size (bytes),Transferred (bytes),Word Count,Sentence Count,Average Words Per Sentence,Flesch Reading Ease Score,Readability,Text Ratio,Crawl Depth,Folder Depth,Link Score,Inlinks,Unique Inlinks,Unique JS Inlinks,% of Total,Outlinks,Unique Outlinks,Unique JS Outlinks,External Outlinks,Unique External Outlinks,Unique External JS Outlinks,Closest Similarity Match,No. Near Duplicates,Spelling Errors,Grammar Errors,Hash,Response Time,Last Modified,Redirect URL,Redirect Type,Cookies,HTTP Version,URL Encoded Address,Crawl Timestamp,Errors,Warnings,Total Types,Unique Types,Type-1,Indexability_y,Indexability Status_y,Title 1 score,Meta Description 1 score,Meta Keywords 1 score,H1-1 score,H1-2 score,H2-1 score,H2-2 score,Meta Robots 1 score,Url score
0,Data analyse,1,https://datascientest.com/data-analysis-tout-savoir,0,200.0,2001.0,64.0,18.0,56.0,47.0,140.0,62.0,13.0,3217.0,3.0,3907.0,6.0,3217.0,5733.669273665508,3907.0,11469.13199429357,2447.064796453446,6.0,text/html; charset=UTF-8,200.0,OK,Indexable,,La Data Analysis ou Analyse de Données,38.0,358.0,"La Data Analysis, ou analyse de données, est de plus en plus utilisée dans les entreprises de tous les secteurs. Découvrez tout ce que vous devez savoir à ce sujet.",164.0,1005.0,,0.0,La Data Analysis ou Analyse de Données,38.0,,0.0,"La Data Analysis, ou analyse de données, est de plus en plus utilisée dans les entreprises de tous les secteurs. Découvrez tout ce que vous devez savoir à ce sujet.",164.0,DataScientest News,18.0,"index, follow, max-image-preview:large, max-snippet:-1, max-video-preview:-1",,,,,https://datascientest.com/data-analysis-tout-savoir,,,,,,,264443.0,38311.0,1728.0,269.0,0,0,Normal,0,0.0,0.0,,13.0,1.0,0.0,0,149.0,64.0,0.0,20.0,11.0,0.0,,,,,131fe093103788f9bb295e7a0bf2a9a3,0,,,,,1.1,https://datascientest.com/data-analysis-tout-savoir,2024-05-17 16:25:21,0.0,0.0,0.0,0.0,,Indexable,,0,0,0,0,0,0,0,0,0
1,Data analyse,2,https://www.data-bird.co/blog/analyse-de-donnees-definition,0,200.0,1122.0,61.0,23.0,44.0,2.0,45.0,55.0,5.0,2050.0,3.0,2486.0,4.0,2050.0,2051.427119510219,2486.0,6737.138391925984,580.5000000000002,4.0,text/html,200.0,OK,Indexable,,"Analyse de données : définition, enjeux et méthodes de la data analysis [2023]",78.0,686.0,"Le métier de Data Analyst est de plus en plus valorisé par les entreprises. D’après l’institut Cooptalis, c’est le troisième métier le plus recherché dans le secteur des nouvelles technologies en 2023",200.0,1205.0,,0.0,"Analyse de données : définition, enjeux et méthodes de la data analysis [2023]",78.0,,0.0,L’importance croissante de la data analyse en entreprise,56.0,Les outils du Data analyst,26.0,,,,,,https://www.data-bird.co/blog/analyse-de-donnees-definition,https://www.data-bird.co/blog/analyse-de-donnees-definition,,,,,,102556.0,25830.0,3693.0,523.0,0,0,Normal,0,0.0,1.0,,17.0,2.0,0.0,0,134.0,55.0,0.0,7.0,5.0,0.0,,,,,ea4f3e8f1fb2b525fecd1e7cb35e3bff,0,,,,,1.1,https://www.data-bird.co/blog/analyse-de-donnees-definition,2024-05-17 16:25:21,0.0,0.0,0.0,0.0,,Indexable,,0,0,0,0,0,0,0,0,0
2,Data analyse,3,https://www.alteryx.com/fr/glossary/data-analytics,0,200.0,536.0,51.0,18.0,46.0,3.0,5.0,113.0,31.0,2095.0,3.0,2355.0,10.0,2095.0,1699.138447359063,2355.0,4768.286017246828,271.5,10.0,text/html; charset=utf-8,200.0,OK,Indexable,,Qu'est-ce que la Data Analytics ? | Alteryx,43.0,362.0,"La data analytics, ou l'analytique de la donnée, consiste à explorer, transformer et analyser les données afin d'identifier les tendances et les schémas qui révèlent des informations exploitables pertinentes et améliorent l'efficacité, ce qui contribue à optimiser la prise de décision.<br>",290.0,1709.0,,0.0,Analytique des données,22.0,,0.0,Qu'est-ce que la Data Analytics ?,33.0,Le processus de Data Analytics,30.0,"index, follow, max-image-preview:large, max-snippet:-1, max-video-preview:-1",,,,,https://www.alteryx.com/fr/glossary/data-analytics,,,,,,,1285024.0,89859.0,2505.0,498.0,0,0,Fairly Hard,0,0.0,2.0,,11.0,2.0,0.0,0,267.0,136.0,0.0,12.0,11.0,0.0,,,,,b691980f2ec71f952eb3559c0a0f4a0c,0,,,,,1.1,https://www.alteryx.com/fr/glossary/data-analytics,2024-05-17 16:25:43,0.0,0.0,0.0,0.0,,Indexable,,0,0,0,0,0,0,0,0,0
3,Data analyse,4,https://eminence.ch/4-types-analyse-donnees-data-analytics/,0,200.0,49.0,53.0,7.0,47.0,2.0,4.0,34.0,3.0,1613.0,5.0,2124.0,6.0,1613.0,806.4081409251846,2124.0,1258.0154646848384,21.5,6.0,text/html; charset=UTF-8,200.0,OK,Indexable,,Les 4 types d’analyse de données du Data Analytics,50.0,455.0,"Optimisez votre stratégie digitale avec le Data Analytics : collecte, stockage et analyses de données pour une croissance durable dans un marché compétitif.",156.0,967.0,,0.0,Les 4 types d’analyse de données du Data Analytics,50.0,,0.0,1. Qu’est-ce que le Data Analytics ?,36.0,2. Quelles données peut-on collecter avec le Data Analytics ?,61.0,"index, follow, max-image-preview:large, max-snippet:-1, max-video-preview:-1",,,,,https://eminence.ch/4-types-analyse-donnees-data-analytics/,,,,,,,404420.0,73214.0,1573.0,221.0,0,0,Fairly Hard,0,0.0,1.0,,0.0,0.0,0.0,0,69.0,33.0,0.0,3.0,3.0,0.0,,,,,9510dcaa10c62ac982b43e4e67b7a2ec,0,"Fri, 17 May 2024 07:48:37 GMT",,,,1.1,https://eminence.ch/4-types-analyse-donnees-data-analytics/,2024-05-17 16:25:28,0.0,0.0,0.0,0.0,,Indexable,,0,0,0,0,0,0,0,0,0
4,Data analyse,5,https://www.ironhack.com/fr/blog/meilleure-facon-de-commencer-a-apprendre-l-analyse-des-donnees,0,200.0,429.0,60.0,13.0,,0.0,11.0,67.0,18.0,,,,,,1488.7035003029764,,4450.26600427443,963.0000000000002,,text/html; charset=utf-8,200.0,OK,Indexable,,Comment commencer à apprendre la data analyse ? | Ironhack Blog,63.0,596.0,"L’analyse de données (Data Analytics en anglais) a le vent en poupe. Elle qui permet de comprendre les réussites et d’anticiper les échecs est très demandée dans tous types d’entreprises, en France et à l’étranger.",214.0,1313.0,,0.0,Comment commencer à apprendre la data analyse ?,47.0,,0.0,Qu'est-ce que l'analyse des données,35.0,Comment acquérir des compétences en analyse de données ?,56.0,,,,,,https://www.ironhack.com/fr/blog/meilleure-facon-de-commencer-a-apprendre-l-analyse-des-donnees,,,,,,,933384.0,174836.0,1799.0,293.0,0,0,Normal,0,0.0,2.0,,1.0,1.0,0.0,0,134.0,83.0,0.0,8.0,8.0,0.0,,,,,6a4bf9a382a95229f88a6418e296bb5b,0,,,,,1.1,https://www.ironhack.com/fr/blog/meilleure-facon-de-commencer-a-apprendre-l-analyse-des-donnees,2024-05-17 16:25:38,0.0,0.0,0.0,0.0,,Indexable,,0,0,0,0,0,0,0,0,0
5,Data analyse,6,https://phedone.com/fr/blog/how-to-analyse-data/,0,200.0,296.0,46.0,6.0,,0.0,3.0,16.0,5.0,,,,,,642.8002943931983,,1496.3411305174664,119.5,,text/html; charset=UTF-8,200.0,OK,Indexable,,Data analysis : 8 conseils pour une analyse de données réussie. - Phedone,73.0,652.0,,0.0,0.0,,0.0,Customer ExperienceData analysis : 8 conseils pour une analyse de données réussie.,82.0,,0.0,Découvrez l'IA avancée quiautomatise le traitement de vos retours clients,73.0,Restez connecté à Phedone,25.0,,,,,,,,,,,,,60709.0,19103.0,71.0,15.0,0,0,Fairly Hard,0,0.0,3.0,,2.0,1.0,0.0,0,21.0,20.0,0.0,3.0,3.0,0.0,,,,,e5b08b267d321c8777918a94062291aa,0,,,,,1.1,https://phedone.com/fr/blog/how-to-analyse-data/,2024-05-17 16:25:37,0.0,0.0,0.0,0.0,,Indexable,,0,0,0,0,0,0,0,0,0
6,Data analyse,7,https://www.psbedu.paris/fr/actus/data-analytics-quest-ce-que-cest,0,,,53.0,23.0,,0.0,2.0,0.0,0.0,2084.0,4.0,2254.0,2.0,2084.0,1751.7136818750419,2254.0,2029.5949357482698,230.49999999999977,2.0,text/html; charset=utf-8,200.0,OK,Indexable,,Data Analytics : qu’est ce que c’est ? ,39.0,320.0,,0.0,0.0,,0.0,Data Analytics : qu’est ce que c’est ?,38.0,,0.0,L'analyse de données : à quoi ça sert ?,39.0,Les différentes étapes de l'analyse de données,46.0,,,,,,https://www.psbedu.paris/fr/actus/data-analytics-quest-ce-que-cest,,,,,,,101408.0,101408.0,1723.0,309.0,0,0,Fairly Easy,0,0.0,2.0,,0.0,0.0,0.0,0,147.0,76.0,0.0,6.0,6.0,0.0,,,,,9157c678c5731d7c58512acc14dad008,0,,,,,1.1,https://www.psbedu.paris/fr/actus/data-analytics-quest-ce-que-cest,2024-05-17 16:25:35,0.0,0.0,0.0,0.0,,Indexable,,0,0,0,0,0,0,0,0,0
7,Data analyse,8,https://www.clementine.jobs/fiches-metiers/metiers-du-big-data/data-analyst/,0,200.0,105.0,51.0,14.0,44.0,22.0,4.0,51.0,18.0,1673.0,,,102.0,1286.0,3161.129618283357,1788.0,2698.314112642582,324.0718557520873,100.0,text/html; charset=UTF-8,200.0,OK,Indexable,,"Data Analyst / Analyste de données, ça veut dire quoi ?",55.0,483.0,Le Data Analyst traite les extractions de bases de données. Il les analyse et se charge de leur interprétation afin d'en tirer des améliorations business.,154.0,922.0,,0.0,Data Analyst / Analyste de données,34.0,Data Analyst / Analyste de données,34.0,Qu’est-ce qu’un Data Analyst ?,30.0,Missions du Data Analyst,24.0,"index,follow",max-image-preview:large,,,,https://www.clementine.jobs/fiches-metiers/metiers-du-big-data/data-analyst/,,,,,,,95279.0,20221.0,993.0,176.0,0,0,Normal,0,0.0,3.0,,2.0,1.0,0.0,0,95.0,60.0,0.0,11.0,8.0,0.0,,,,,c5b3f86e82e8314485a78d5605389262,0,"Fri, 17 May 2024 14:18:19 GMT",,,,1.1,https://www.clementine.jobs/fiches-metiers/metiers-du-big-data/data-analyst/,2024-05-17 16:25:38,0.0,0.0,0.0,0.0,,Indexable,,0,0,0,0,0,0,0,0,0
8,Data analyse,9,https://www.mba-esg.com/actus/data-analyst,0,200.0,569.0,75.0,21.0,49.0,19.0,20.0,92.0,7.0,1916.0,2.0,2010.0,12.0,1525.0,2522.617295582294,1856.0,2938.860379644174,812.5000000000002,11.0,text/html; charset=utf-8,200.0,OK,Indexable,,"Data Analyst : Missions, Études, Salaire",40.0,344.0,Découvrez le parcours nécessaire d'un Data Analyst pour occuper ce poste. Il est chargé de l’exploitation des informations recueillies afin de faciliter les prises de décision.,176.0,1058.0,,0.0,"Qu'est-ce qu'un Data Analyst? Tout savoir sur le métier, le salaire, ...",72.0,,0.0,Fonction et missions,20.0,"Compétences, qualités et profil",31.0,,,,,,https://www.mba-esg.com/actus/data-analyst,,,,,,,175432.0,175432.0,1830.0,338.0,0,0,Normal,0,0.0,1.0,,3.0,1.0,0.0,0,138.0,93.0,0.0,7.0,7.0,0.0,,,,,c79d0e6a32b7ad9a8a1fe976daf39e34,0,,,,,1.1,https://www.mba-esg.com/actus/data-analyst,2024-05-17 16:25:30,0.0,0.0,0.0,0.0,,Indexable,,0,0,0,0,0,0,0,0,0
9,Data analyse,10,https://www.michaelpage.fr/advice/metiers/digital-marketing-communication/fiche-m%C3%A9tier-data-analyst,0,200.0,152.0,56.0,10.0,45.0,22.0,17.0,143.0,10.0,2633.0,2.0,2890.0,8.0,3548.0,2343.387401954381,3667.0,2769.1113539072526,652.4619172683819,1.0,,,,,,,,,,,,,,,,,,,,,,,,,,,,,,,,,,,,,,0,0,,0,,,,,,,0,,,,,,,,,,,,0,,,,,,,,,,,,,,,0,0,0,0,0,0,0,0,0
10,Data analyse,11,https://www.cidj.com/metiers/data-analyst-data-scientist,1,200.0,26.0,85.0,52.0,81.0,110.0,80.0,49.0,19.0,1211.0,2.0,1647.0,2.0,1322.0,1606.8417811604481,1608.0,3689.2291424896503,373.5,2.0,text/html; charset=UTF-8,200.0,OK,Indexable,,"Data analyst / Data scientist : métier, études, diplômes, salaire, formation | CIDJ",83.0,697.0,"Le data analyst et le data scientist sont de hauts responsables de la gestion et de l’analyse de « données massives » (Big data). Ces spécialistes des chiffres, des statistiques et des programmes informatiques traitent les données d'une entreprise pour en extraire les informations susceptibles de l'aider dans sa prise de décisions. A l'inverse du data scientist qui a une vision transverse, le data analyst prend en charge un type de données spécifique.",455.0,2771.0,,0.0,Data analyst / Data scientist,29.0,,0.0,Description métier,18.0,Études / Formation pour devenir Data analyst / Data scientist,61.0,,,,,,https://www.cidj.com/metiers/data-analyst-data-scientist,,,,,,,63024.0,14881.0,1498.0,238.0,0,0,Normal,0,0.0,1.0,,4.0,1.0,0.0,0,77.0,49.0,0.0,30.0,19.0,0.0,,,,,98861d35fcfe6c1689cc388da8b9ad0d,0,,,,,1.1,https://www.cidj.com/metiers/data-analyst-data-scientist,2024-05-17 16:25:41,0.0,0.0,0.0,0.0,,Indexable,,0,0,0,0,0,0,0,0,0
11,Data analyse,12,https://openclassrooms.com/fr/paths/804-data-analyst,1,200.0,444.0,67.0,26.0,,0.0,3.0,8.0,4.0,2173.0,3.0,6108.0,1.0,1428.0,2919.5904351835356,2837.0,5874.305438627646,1340.910274841634,10.0,text/html; charset=UTF-8,200.0,OK,Indexable,,- OpenClassrooms,16.0,163.0,,0.0,0.0,,0.0,,0.0,,0.0,"Devenir Data Analyst : explorer, analyser et exploiter des données pour aider à la prise de décision en entreprise",114.0,Nos formations vous permettent d'apprendre par la pratique,58.0,,,,,,,,,,,,,46389.0,15587.0,929.0,143.0,0,0,Normal,0,0.0,2.0,,3.0,1.0,0.0,0,13.0,9.0,0.0,6.0,4.0,0.0,,,,,825a8dfb6d6762a095e0a079cec125c,0,,,,,1.1,https://openclassrooms.com/fr/paths/804-data-analyst,2024-05-17 16:25:43,0.0,0.0,0.0,0.0,,Indexable,,0,0,0,0,0,0,0,0,0
12,Data analyse,13,https://www.studyrama.com/formations/fiches-metiers/informatique-electronique-numerique/data-analyst-95083,1,200.0,248.0,59.0,19.0,54.0,172.0,36.0,38.0,27.0,1630.0,,,51.0,1425.0,1252.2443202635282,1550.0,1509.3580461842114,121.99999999999977,66.0,text/html; charset=UTF-8,200.0,OK,Indexable,,"Devenir Data analyst - Fiche métier, formations et salaire - Studyrama",70.0,607.0,"Retrouvez tout ce qu'il faut savoir sur les missions du data analyst, mais aussi sa formation, ses compétences, son salaire les opportunités d'emploi.",150.0,917.0,data analyst débouchés salaire formation études,47.0,"Métier Data analyst : missions, formations et salaire",53.0,,0.0,,0.0,Rôle et missions du data analyst,32.0,"max-snippet:-1, max-video-preview:-1, max-image-preview:large",,,,,https://www.studyrama.com/formations/fiches-metiers/informatique-electronique-numerique/data-analyst-95083,,,,,,,257563.0,36164.0,1342.0,194.0,0,0,Normal,0,0.0,3.0,,2.0,1.0,0.0,0,67.0,56.0,0.0,16.0,10.0,0.0,,,,,41ed47a1d3b61a52f0dfa9ce88fe992f,0,"Fri, 17 May 2024 14:25:43 GMT",,,,1.1,https://www.studyrama.com/formations/fiches-metiers/informatique-electronique-numerique/data-analyst-95083,2024-05-17 16:25:42,0.0,0.0,0.0,0.0,,Indexable,,0,0,0,0,0,0,0,0,0
13,Data analyse,14,https://www.lewagon.com/fr/data-analytics-course,1,200.0,8.0,70.0,36.0,63.0,50.0,254.0,66.0,23.0,925.0,2.0,941.0,3.0,1660.0,1285.0021008119024,1853.0,1134.7063491652132,25.999999999999886,5.0,text/html; charset=utf-8,200.0,OK,Indexable,,Formation Data Analyst | Le Wagon,33.0,311.0,Formez-vous au métier de Data Analyst en seulement 9 semaines avec Le Wagon. Rejoignez les meilleures entreprises grâce à notre réseau partenaire.,146.0,932.0,,0.0,Changez de carrière avec notre formation en data analytics,58.0,,0.0,Devenez Data Analyst en quelques semaines,41.0,Ce que vous apprendrez pendant ce bootcamp data analytics,57.0,"index, follow",,,,,https://www.lewagon.com/fr/data-analytics-course,,,,,,,347480.0,66487.0,4520.0,775.0,0,0,Normal,0,0.0,1.0,,18.0,1.0,0.0,0,122.0,73.0,0.0,21.0,11.0,0.0,,,,,eb187cf36b3d400d8998f44851f758aa,0,,,,,1.1,https://www.lewagon.com/fr/data-analytics-course,2024-05-17 16:25:34,0.0,0.0,0.0,0.0,,Indexable,,0,0,0,0,0,0,0,0,0
14,Data analyse,15,https://www.apec.fr/tous-nos-metiers/informatique/data-analyst.html,1,200.0,29.0,58.0,18.0,52.0,8.0,4.0,38.0,13.0,763.0,4.0,1126.0,1.0,597.0,1356.7479300364594,1235.0,803.2423619402618,0.0,28.0,text/html;charset=UTF-8,200.0,OK,Indexable,,Data analyst - Fiche métier | Apec,34.0,294.0,"Tout savoir sur le métier de Data analyst : les missions, les compétences, le profil, le salaire. Accédez aux offres d’emploi associées.",136.0,813.0,,0.0,Data analyst F/H,16.0,Data analyst F/H,16.0,Vous avez déjà un compte ?,26.0,,0.0,"index, follow",,,,,,,,,,,,51335.0,14097.0,950.0,167.0,0,0,Fairly Hard,0,0.0,2.0,,5.0,1.0,0.0,0,49.0,43.0,0.0,10.0,10.0,0.0,,,,,41d354a94c4ccc8260e57fb8e763034e,0,,,,,1.1,https://www.apec.fr/tous-nos-metiers/informatique/data-analyst.html,2024-05-17 16:25:27,0.0,0.0,0.0,0.0,,Indexable,,0,0,0,0,0,0,0,0,0
15,Data analyse,16,https://www.lemagit.fr/definition/Lanalyse-des-donnees-Data-Analytics,1,200.0,114.0,57.0,28.0,48.0,1.0,29.0,153.0,24.0,1976.0,2.0,2200.0,13.0,1976.0,2269.681863415782,2200.0,3230.753418161931,659.998991597145,13.0,text/html;charset=UTF-8,200.0,OK,Indexable,,Que signifie L'analyse des données (Data Analytics)? - Definition IT de LeMagIT,79.0,695.0,"L'analyse des données (AD) est le processus qui consiste à examiner des ensembles de données afin de dégager des tendances et de tirer des conclusions sur les informations qu'ils contiennent. De plus en plus, l'analyse des données se fait à l'aide de systèmes et de logiciels spécialisés. Les technologies et techniques d'analyse des données sont largement utilisées dans les entreprises pour permettre aux organisations de prendre des décisions plus éclairées. Les scientifiques et les chercheurs utilisent également des outils d'analyse de données pour vérifier ou infirmer des modèles, des théories et des hypothèses scientifiques.",634.0,3929.0,,0.0,L'analyse des données (Data Analytics),38.0,,0.0,Qu'est-ce que l'analyse de données (Data Analytics) ?,53.0,Types d'analyse de données,26.0,noodp,noarchive,,,,https://www.lemagit.fr/definition/Lanalyse-des-donnees-Data-Analytics,,,,,,,266125.0,43967.0,2916.0,418.0,0,0,Hard,0,0.0,1.0,,12.0,1.0,0.0,0,184.0,157.0,0.0,23.0,21.0,0.0,,,,,a5c2a2182388c3192d440ae52d021605,0,"Fri, 17 May 2024 01:21:15 GMT",,,,1.1,https://www.lemagit.fr/definition/Lanalyse-des-donnees-Data-Analytics,2024-05-17 16:25:39,0.0,0.0,0.0,0.0,,Indexable,,0,0,0,0,0,0,0,0,0
16,Data analyse,17,https://dauphine.psl.eu/formations/metiers/data-analyst,1,,,48.0,31.0,,2.0,3.0,0.0,0.0,933.0,2.0,1046.0,8.0,933.0,774.7492264915195,1046.0,1436.4442600331167,26.5,8.0,text/html; charset=utf-8,200.0,OK,Indexable,,"Data Analyst: études, missions, salaire | Dauphine-PSL",54.0,476.0,"Découvrir le métier de Data Analyst, les perspectives d'évolution de carrière, le rôle de ce poste ainsi que d'autres informations pratiques.",141.0,843.0,,0.0,Comment devenir data analyst,28.0,,0.0,Le métier de Data analyst,25.0,Rôle et missions du data analyst,32.0,"index,follow",,,,,https://dauphine.psl.eu/formations/metiers/data-analyst,,,,,,,76299.0,14050.0,1081.0,152.0,0,0,Fairly Hard,0,0.0,2.0,,8.0,1.0,0.0,0,232.0,118.0,0.0,14.0,12.0,0.0,,,,,c467936e2365915474f7ad905d2d3f98,0,"Wed, 01 Mar 2023 13:58:24 GMT",,,,1.1,https://dauphine.psl.eu/formations/metiers/data-analyst,2024-05-17 16:25:42,0.0,0.0,0.0,0.0,,Indexable,,0,0,0,0,0,0,0,0,0
17,Data analyse,18,https://www.data-bird.co/blog/10-outils-pour-data-analyst,1,200.0,94.0,59.0,18.0,,0.0,7.0,72.0,30.0,2050.0,3.0,2486.0,4.0,2050.0,3357.8309777619106,2486.0,10043.972268511603,741.0000000000002,4.0,text/html,200.0,OK,Indexable,,Data Analyse : 10 outils à utiliser en tant que Data Analyst en 2024,68.0,583.0,Dans cet article on fait le points sur les 10 outils incontournables à utiliser quand on est Data Analyst.,106.0,629.0,,0.0,Data Analyse : 10 outils à utiliser en tant que Data Analyst en 2024,68.0,,0.0,Rappel : Les missions du Data analyst,37.0,Les 10 outils des Data Analysts,31.0,,,,,,https://www.data-bird.co/blog/10-outils-pour-data-analyst,https://www.data-bird.co/blog/10-outils-pour-data-analyst,,,,,,105539.0,26146.0,3630.0,649.0,0,0,Normal,0,0.0,1.0,,13.0,1.0,0.0,0,155.0,72.0,0.0,33.0,30.0,0.0,,,,,747268332a46e0920c52ea1b592a0d3e,0,,,,,1.1,https://www.data-bird.co/blog/10-outils-pour-data-analyst,2024-05-17 16:25:33,0.0,0.0,0.0,0.0,,Indexable,,0,0,0,0,0,0,0,0,0
18,Data analyse,19,https://datascientest.com/data-analyst-tout-savoir,1,200.0,2103.0,66.0,21.0,,0.0,22.0,81.0,15.0,3217.0,3.0,3907.0,6.0,3217.0,6895.333259304691,3907.0,14659.008274326752,3323.6217227301713,6.0,text/html; charset=UTF-8,200.0,OK,Indexable,,Data Analyst : Tout ce qu'il faut savoir sur ce métier,54.0,451.0,"Expert de la donnée, le data analyst est une ressource précieuse pour les entreprises de tous secteurs d’activité. Découvrez sa fiche de poste.",143.0,875.0,,0.0,Data Analyst : Tout ce qu’il faut savoir sur ce métier,54.0,,0.0,"L’avènement du Big data, c’est la production et la collecte de milliards de données à chaque seconde. Pour les entreprises, ces informations constituent une aubaine, puisqu’elles vont pouvoir prendre des décisions plus éclairées, basées sur des faits vérifiables. À condition de savoir interpréter les données disponibles. C’est justement le rôle du Data Analyst. Découvrez ce métier, ses missions, ses compétences, les outils qu’il utilise, son salaire, et bien sûr, le parcours pour devenir Data Analyst.",506.0,Table des matières,18.0,"index, follow, max-image-preview:large, max-snippet:-1, max-video-preview:-1",,,,,https://datascientest.com/data-analyst-tout-savoir,,,,,,,282322.0,42522.0,2392.0,361.0,0,0,Normal,0,0.0,0.0,,13.0,1.0,0.0,0,168.0,82.0,0.0,22.0,13.0,0.0,,,,,9f3ce3084267d01b72ebfd22a36982f1,0,,,,,1.1,https://datascientest.com/data-analyst-tout-savoir,2024-05-17 16:25:35,0.0,0.0,0.0,0.0,,Indexable,,0,0,0,0,0,0,0,0,0
19,Data analyse,20,https://www.ib-formation.fr/fiches-metiers/data-analyst,1,200.0,428.0,52.0,11.0,,1.0,12.0,93.0,5.0,1485.0,3.0,1691.0,4.0,1485.0,940.3336799553592,1691.0,1341.9058339414019,123.50000000000023,4.0,text/html; charset=UTF-8,200.0,OK,Indexable,,"Fiche métier Data Analyst : définition, rôles, compétences, formation - ib - groupe Cegos",89.0,771.0,"Le Data Analyst est aussi connu sous l’appellation de Data Manager, d’Analyste des Données ou de Data Miner. Comme son nom le suggère, il est e...",146.0,923.0,,0.0,Data Analyst,12.0,,0.0,Qu'est-ce qu'un Data Analyst ?,30.0,Quel est son rôle ?,19.0,,,,,,https://www.ib-formation.fr/fiches-metiers/data-analyst,,,,,,,482488.0,87383.0,1992.0,299.0,0,0,Normal,0,0.0,1.0,,17.0,1.0,0.0,0,142.0,94.0,0.0,10.0,6.0,0.0,,,,,23a61ffd979087a0bb430496a83604fc,0,,,,,1.1,https://www.ib-formation.fr/fiches-metiers/data-analyst,2024-05-17 16:25:36,0.0,0.0,0.0,0.0,,Indexable,,0,0,0,0,0,0,0,0,0
20,analyse data,1,https://www.alteryx.com/fr/glossary/data-analytics,0,200.0,536.0,51.0,18.0,46.0,3.0,5.0,113.0,31.0,2095.0,3.0,2355.0,10.0,2095.0,1699.138447359063,2355.0,4768.286017246828,271.5,10.0,text/html; charset=utf-8,200.0,OK,Indexable,,Qu'est-ce que la Data Analytics ? | Alteryx,43.0,362.0,"La data analytics, ou l'analytique de la donnée, consiste à explorer, transformer et analyser les données afin d'identifier les tendances et les schémas qui révèlent des informations exploitables pertinentes et améliorent l'efficacité, ce qui contribue à optimiser la prise de décision.<br>",290.0,1709.0,,0.0,Analytique des données,22.0,,0.0,Qu'est-ce que la Data Analytics ?,33.0,Le processus de Data Analytics,30.0,"index, follow, max-image-preview:large, max-snippet:-1, max-video-preview:-1",,,,,https://www.alteryx.com/fr/glossary/data-analytics,,,,,,,1285024.0,89859.0,2505.0,498.0,0,0,Fairly Hard,0,0.0,2.0,,11.0,2.0,0.0,0,267.0,136.0,0.0,12.0,11.0,0.0,,,,,b691980f2ec71f952eb3559c0a0f4a0c,0,,,,,1.1,https://www.alteryx.com/fr/glossary/data-analytics,2024-05-17 16:25:43,0.0,0.0,0.0,0.0,,Indexable,,0,0,0,0,0,0,0,0,0
21,analyse data,2,https://www.data-bird.co/blog/analyse-de-donnees-definition,0,200.0,1122.0,61.0,23.0,44.0,2.0,45.0,55.0,5.0,2050.0,3.0,2486.0,4.0,2050.0,2051.427119510219,2486.0,6737.138391925984,580.5000000000002,4.0,text/html,200.0,OK,Indexable,,"Analyse de données : définition, enjeux et méthodes de la data analysis [2023]",78.0,686.0,"Le métier de Data Analyst est de plus en plus valorisé par les entreprises. D’après l’institut Cooptalis, c’est le troisième métier le plus recherché dans le secteur des nouvelles technologies en 2023",200.0,1205.0,,0.0,"Analyse de données : définition, enjeux et méthodes de la data analysis [2023]",78.0,,0.0,L’importance croissante de la data analyse en entreprise,56.0,Les outils du Data analyst,26.0,,,,,,https://www.data-bird.co/blog/analyse-de-donnees-definition,https://www.data-bird.co/blog/analyse-de-donnees-definition,,,,,,102556.0,25830.0,3693.0,523.0,0,0,Normal,0,0.0,1.0,,17.0,2.0,0.0,0,134.0,55.0,0.0,7.0,5.0,0.0,,,,,ea4f3e8f1fb2b525fecd1e7cb35e3bff,0,,,,,1.1,https://www.data-bird.co/blog/analyse-de-donnees-definition,2024-05-17 16:25:21,0.0,0.0,0.0,0.0,,Indexable,,0,0,0,0,0,0,0,0,0
22,analyse data,3,https://datascientest.com/data-analysis-tout-savoir,0,200.0,2001.0,64.0,18.0,56.0,47.0,140.0,62.0,13.0,3217.0,3.0,3907.0,6.0,3217.0,5733.669273665508,3907.0,11469.13199429357,2447.064796453446,6.0,text/html; charset=UTF-8,200.0,OK,Indexable,,La Data Analysis ou Analyse de Données,38.0,358.0,"La Data Analysis, ou analyse de données, est de plus en plus utilisée dans les entreprises de tous les secteurs. Découvrez tout ce que vous devez savoir à ce sujet.",164.0,1005.0,,0.0,La Data Analysis ou Analyse de Données,38.0,,0.0,"La Data Analysis, ou analyse de données, est de plus en plus utilisée dans les entreprises de tous les secteurs. Découvrez tout ce que vous devez savoir à ce sujet.",164.0,DataScientest News,18.0,"index, follow, max-image-preview:large, max-snippet:-1, max-video-preview:-1",,,,,https://datascientest.com/data-analysis-tout-savoir,,,,,,,264443.0,38311.0,1728.0,269.0,0,0,Normal,0,0.0,0.0,,13.0,1.0,0.0,0,149.0,64.0,0.0,20.0,11.0,0.0,,,,,131fe093103788f9bb295e7a0bf2a9a3,0,,,,,1.1,https://datascientest.com/data-analysis-tout-savoir,2024-05-17 16:25:21,0.0,0.0,0.0,0.0,,Indexable,,0,0,0,0,0,0,0,0,0
23,analyse data,4,https://eminence.ch/4-types-analyse-donnees-data-analytics/,0,200.0,49.0,53.0,7.0,47.0,2.0,4.0,34.0,3.0,1613.0,5.0,2124.0,6.0,1613.0,806.4081409251846,2124.0,1258.0154646848384,21.5,6.0,text/html; charset=UTF-8,200.0,OK,Indexable,,Les 4 types d’analyse de données du Data Analytics,50.0,455.0,"Optimisez votre stratégie digitale avec le Data Analytics : collecte, stockage et analyses de données pour une croissance durable dans un marché compétitif.",156.0,967.0,,0.0,Les 4 types d’analyse de données du Data Analytics,50.0,,0.0,1. Qu’est-ce que le Data Analytics ?,36.0,2. Quelles données peut-on collecter avec le Data Analytics ?,61.0,"index, follow, max-image-preview:large, max-snippet:-1, max-video-preview:-1",,,,,https://eminence.ch/4-types-analyse-donnees-data-analytics/,,,,,,,404420.0,73214.0,1573.0,221.0,0,0,Fairly Hard,0,0.0,1.0,,0.0,0.0,0.0,0,69.0,33.0,0.0,3.0,3.0,0.0,,,,,9510dcaa10c62ac982b43e4e67b7a2ec,0,"Fri, 17 May 2024 07:48:37 GMT",,,,1.1,https://eminence.ch/4-types-analyse-donnees-data-analytics/,2024-05-17 16:25:28,0.0,0.0,0.0,0.0,,Indexable,,0,0,0,0,0,0,0,0,0
24,analyse data,5,https://phedone.com/fr/blog/how-to-analyse-data/,0,200.0,296.0,46.0,6.0,,0.0,3.0,16.0,5.0,,,,,,642.8002943931983,,1496.3411305174664,119.5,,text/html; charset=UTF-8,200.0,OK,Indexable,,Data analysis : 8 conseils pour une analyse de données réussie. - Phedone,73.0,652.0,,0.0,0.0,,0.0,Customer ExperienceData analysis : 8 conseils pour une analyse de données réussie.,82.0,,0.0,Découvrez l'IA avancée quiautomatise le traitement de vos retours clients,73.0,Restez connecté à Phedone,25.0,,,,,,,,,,,,,60709.0,19103.0,71.0,15.0,0,0,Fairly Hard,0,0.0,3.0,,2.0,1.0,0.0,0,21.0,20.0,0.0,3.0,3.0,0.0,,,,,e5b08b267d321c8777918a94062291aa,0,,,,,1.1,https://phedone.com/fr/blog/how-to-analyse-data/,2024-05-17 16:25:37,0.0,0.0,0.0,0.0,,Indexable,,0,0,0,0,0,0,0,0,0
25,analyse data,6,https://fr.wikipedia.org/wiki/Analyse_des_donn%C3%A9es,0,,,66.0,27.0,61.0,300.0,8.0,0.0,0.0,1856.0,,1859.0,6.0,862.0,1612.3890744246582,927.0,963.453750778782,5.5,6.0,,,,,,,,,,,,,,,,,,,,,,,,,,,,,,,,,,,,,,0,0,,0,,,,,,,0,,,,,,,,,,,,0,,,,,,,,,,,,,,,0,0,0,0,0,0,0,0,0
26,analyse data,7,https://www.ynov.com/articles/actualites/l-analyse-data-pourquoi-et-comment-faire,0,,,,,,0.0,0.0,0.0,0.0,1435.0,2.0,1821.0,1.0,1435.0,1481.286741770738,1821.0,1651.7471460123188,37.21149666532642,1.0,text/html; charset=UTF-8,200.0,OK,Indexable,,Tout savoir sur l’analyse data | Ynov,37.0,315.0,Le vaste univers du num&#xE9;rique et de la gestion de donn&#xE9;es vous passionne ? YNOV Campus en tant qu&#x2019;&#xE9;cole d&#x2019;informatique vous propose...,163.0,865.0,,0.0,"L’analyse Data, pourquoi et comment faire ?",43.0,,0.0,Comment et pourquoi faire de la Data Analyse ?,46.0,Big Data et Data Analyse,24.0,"index, follow",,,,,https://www.ynov.com/articles/actualites/l-analyse-data-pourquoi-et-comment-faire,,,,,,,120400.0,16527.0,1225.0,160.0,0,0,Fairly Easy,0,0.0,2.0,,3.0,1.0,0.0,0,110.0,102.0,0.0,9.0,9.0,0.0,,,,,14968b5c32d4bcd4d4080d28c882fa53,0,,,,,1.1,https://www.ynov.com/articles/actualites/l-analyse-data-pourquoi-et-comment-faire,2024-05-17 16:25:33,0.0,0.0,0.0,0.0,,Indexable,,0,0,0,0,0,0,0,0,0
27,analyse data,8,https://www.ironhack.com/fr/blog/meilleure-facon-de-commencer-a-apprendre-l-analyse-des-donnees,0,200.0,429.0,60.0,13.0,,0.0,11.0,67.0,18.0,,,,,,1488.7035003029764,,4450.26600427443,963.0000000000002,,text/html; charset=utf-8,200.0,OK,Indexable,,Comment commencer à apprendre la data analyse ? | Ironhack Blog,63.0,596.0,"L’analyse de données (Data Analytics en anglais) a le vent en poupe. Elle qui permet de comprendre les réussites et d’anticiper les échecs est très demandée dans tous types d’entreprises, en France et à l’étranger.",214.0,1313.0,,0.0,Comment commencer à apprendre la data analyse ?,47.0,,0.0,Qu'est-ce que l'analyse des données,35.0,Comment acquérir des compétences en analyse de données ?,56.0,,,,,,https://www.ironhack.com/fr/blog/meilleure-facon-de-commencer-a-apprendre-l-analyse-des-donnees,,,,,,,933384.0,174836.0,1799.0,293.0,0,0,Normal,0,0.0,2.0,,1.0,1.0,0.0,0,134.0,83.0,0.0,8.0,8.0,0.0,,,,,6a4bf9a382a95229f88a6418e296bb5b,0,,,,,1.1,https://www.ironhack.com/fr/blog/meilleure-facon-de-commencer-a-apprendre-l-analyse-des-donnees,2024-05-17 16:25:38,0.0,0.0,0.0,0.0,,Indexable,,0,0,0,0,0,0,0,0,0
28,analyse data,9,https://www.psbedu.paris/fr/actus/data-analytics-quest-ce-que-cest,0,,,53.0,23.0,,0.0,2.0,0.0,0.0,2084.0,4.0,2254.0,2.0,2084.0,1751.7136818750419,2254.0,2029.5949357482698,230.49999999999977,2.0,text/html; charset=utf-8,200.0,OK,Indexable,,Data Analytics : qu’est ce que c’est ? ,39.0,320.0,,0.0,0.0,,0.0,Data Analytics : qu’est ce que c’est ?,38.0,,0.0,L'analyse de données : à quoi ça sert ?,39.0,Les différentes étapes de l'analyse de données,46.0,,,,,,https://www.psbedu.paris/fr/actus/data-analytics-quest-ce-que-cest,,,,,,,101408.0,101408.0,1723.0,309.0,0,0,Fairly Easy,0,0.0,2.0,,0.0,0.0,0.0,0,147.0,76.0,0.0,6.0,6.0,0.0,,,,,9157c678c5731d7c58512acc14dad008,0,,,,,1.1,https://www.psbedu.paris/fr/actus/data-analytics-quest-ce-que-cest,2024-05-17 16:25:35,0.0,0.0,0.0,0.0,,Indexable,,0,0,0,0,0,0,0,0,0
29,analyse data,10,https://www.data-bird.co/blog/10-outils-pour-data-analyst,0,200.0,94.0,59.0,18.0,,0.0,7.0,72.0,30.0,2050.0,3.0,2486.0,4.0,2050.0,3357.8309777619106,2486.0,10043.972268511603,741.0000000000002,4.0,text/html,200.0,OK,Indexable,,Data Analyse : 10 outils à utiliser en tant que Data Analyst en 2024,68.0,583.0,Dans cet article on fait le points sur les 10 outils incontournables à utiliser quand on est Data Analyst.,106.0,629.0,,0.0,Data Analyse : 10 outils à utiliser en tant que Data Analyst en 2024,68.0,,0.0,Rappel : Les missions du Data analyst,37.0,Les 10 outils des Data Analysts,31.0,,,,,,https://www.data-bird.co/blog/10-outils-pour-data-analyst,https://www.data-bird.co/blog/10-outils-pour-data-analyst,,,,,,105539.0,26146.0,3630.0,649.0,0,0,Normal,0,0.0,1.0,,13.0,1.0,0.0,0,155.0,72.0,0.0,33.0,30.0,0.0,,,,,747268332a46e0920c52ea1b592a0d3e,0,,,,,1.1,https://www.data-bird.co/blog/10-outils-pour-data-analyst,2024-05-17 16:25:33,0.0,0.0,0.0,0.0,,Indexable,,0,0,0,0,0,0,0,0,0
30,analyse data,11,https://www.clementine.jobs/fiches-metiers/metiers-du-big-data/data-analyst/,1,200.0,105.0,51.0,14.0,44.0,22.0,4.0,51.0,18.0,1673.0,,,102.0,1286.0,3161.129618283357,1788.0,2698.314112642582,324.0718557520873,100.0,text/html; charset=UTF-8,200.0,OK,Indexable,,"Data Analyst / Analyste de données, ça veut dire quoi ?",55.0,483.0,Le Data Analyst traite les extractions de bases de données. Il les analyse et se charge de leur interprétation afin d'en tirer des améliorations business.,154.0,922.0,,0.0,Data Analyst / Analyste de données,34.0,Data Analyst / Analyste de données,34.0,Qu’est-ce qu’un Data Analyst ?,30.0,Missions du Data Analyst,24.0,"index,follow",max-image-preview:large,,,,https://www.clementine.jobs/fiches-metiers/metiers-du-big-data/data-analyst/,,,,,,,95279.0,20221.0,993.0,176.0,0,0,Normal,0,0.0,3.0,,2.0,1.0,0.0,0,95.0,60.0,0.0,11.0,8.0,0.0,,,,,c5b3f86e82e8314485a78d5605389262,0,"Fri, 17 May 2024 14:18:19 GMT",,,,1.1,https://www.clementine.jobs/fiches-metiers/metiers-du-big-data/data-analyst/,2024-05-17 16:25:38,0.0,0.0,0.0,0.0,,Indexable,,0,0,0,0,0,0,0,0,0
31,analyse data,12,http://www.iafactory.fr/service-ux/data-visualization/data-analyse.php,1,200.0,27.0,61.0,44.0,50.0,4.0,45.0,58.0,1.0,,,,,,634.8038942800268,,574.3057391293902,0.0,,text/html; charset=UTF-8,200.0,OK,Indexable,,"Analyse de datas, étude des données — data analyse IAFACTORY",60.0,575.0,Analyse de data et étude de données : comment s'y prendre pour analyser les datas ? Découvrez toutes les méthodes de la data analyse avec IAFACTORY..,149.0,958.0,"analyse de data, analyse data, analyse de datas, analyse datas, analayse des datas, analyses datas, datas analyse, data analyse, analyser les datas, étude de données",165.0,Analyse de datas et data analyse,32.0,,0.0,Analyse de datas - data analyse,31.0,Objectifs d'une analyse de data,31.0,,,,,,http://www.iafactory.fr/service-ux/data-visualization/data-analyse.php,,,,,,,45134.0,12222.0,1800.0,311.0,0,0,Normal,0,0.0,2.0,,9.0,1.0,0.0,0,94.0,64.0,0.0,1.0,1.0,0.0,,,,,2bd5cbe67690840b6a7c217225fa0ff1,0,,,,,1.1,http://www.iafactory.fr/service-ux/data-visualization/data-analyse.php,2024-05-17 16:25:24,0.0,0.0,0.0,0.0,,Indexable,,0,0,0,0,0,0,0,0,0
32,analyse data,13,https://openclassrooms.com/fr/paths/804-data-analyst,1,200.0,444.0,67.0,26.0,,0.0,3.0,8.0,4.0,2173.0,3.0,6108.0,1.0,1428.0,2919.5904351835356,2837.0,5874.305438627646,1340.910274841634,10.0,text/html; charset=UTF-8,200.0,OK,Indexable,,- OpenClassrooms,16.0,163.0,,0.0,0.0,,0.0,,0.0,,0.0,"Devenir Data Analyst : explorer, analyser et exploiter des données pour aider à la prise de décision en entreprise",114.0,Nos formations vous permettent d'apprendre par la pratique,58.0,,,,,,,,,,,,,46389.0,15587.0,929.0,143.0,0,0,Normal,0,0.0,2.0,,3.0,1.0,0.0,0,13.0,9.0,0.0,6.0,4.0,0.0,,,,,825a8dfb6d6762a095e0a079cec125c,0,,,,,1.1,https://openclassrooms.com/fr/paths/804-data-analyst,2024-05-17 16:25:43,0.0,0.0,0.0,0.0,,Indexable,,0,0,0,0,0,0,0,0,0
33,analyse data,14,https://www.jedha.co/formation-analyse-donnee/methodes-technologies,1,200.0,1367.0,62.0,37.0,54.0,2.0,14.0,44.0,6.0,1434.0,2.0,1991.0,5.0,1434.0,985.6060210004575,1991.0,1725.3585979019092,96.0,5.0,text/html,200.0,OK,Indexable,,Analyse de données : méthodes et technologies | Jedha,53.0,492.0,"Découvrez ce qu'est une méthode d'analyse, de quelle manière elle se met en place, les différentes techniques d'analyse, ainsi que les concepts de Data Mining et Data exploration.",179.0,1106.0,,0.0,Les méthodes et technologies d'analyse de données,49.0,,0.0,Qu'est-ce qu'une méthode d'analyse de données ?,47.0,AWS RDS,7.0,,,,,,https://www.jedha.co/formation-analyse-donnee/methodes-technologies,,,,,,,137450.0,34547.0,2012.0,311.0,0,0,Fairly Hard,0,0.0,1.0,,4.0,1.0,0.0,0,90.0,46.0,0.0,3.0,2.0,0.0,,,,,2617631686d96752264627276e2bf2b0,0,,,,,1.1,https://www.jedha.co/formation-analyse-donnee/methodes-technologies,2024-05-17 16:25:13,0.0,0.0,0.0,0.0,,Indexable,,0,0,0,0,0,0,0,0,0
34,analyse data,15,https://www.pstb.fr/actualites/analyse-data-marketing,1,200.0,83.0,52.0,15.0,,0.0,7.0,62.0,11.0,1045.0,3.0,1343.0,7.0,1045.0,951.1562843022468,1343.0,1340.0000000000005,8.5,7.0,text/html; charset=UTF-8,200.0,OK,Indexable,,Qu’est-ce qu’une analyse data marketing ? | PST&B,49.0,448.0,"Analyse des data marketing : optimisez votre entreprise grâce à l'étude des comportements clients, segmentation du marché et campagnes publicitaires.",149.0,946.0,,0.0,Qu’est-ce qu’une analyse data marketing ?,41.0,,0.0,Quelle valeur ajoutée à l'analyse data marketing pour l’entreprise ?,68.0,Comment se former à l’analyse de données ?,42.0,"index, follow",,,,,https://www.pstb.fr/actualites/analyse-data-marketing,,,,,,,110226.0,110226.0,1272.0,212.0,0,0,Normal,0,0.0,1.0,,7.0,1.0,0.0,0,128.0,68.0,0.0,6.0,6.0,0.0,,,,,6863631b358f44657b85193860511da,0,"Fri, 17 May 2024 01:09:27 GMT",,,,1.1,https://www.pstb.fr/actualites/analyse-data-marketing,2024-05-17 16:25:13,0.0,0.0,0.0,0.0,,Indexable,,0,0,0,0,0,0,0,0,0
35,analyse data,16,https://www.ironhack.com/fr/blog/pourquoi-la-data-analyse-est-l-avenir-de-l-entreprise,1,200.0,485.0,58.0,16.0,,0.0,19.0,64.0,17.0,,,,,,1156.3456629596767,,3914.829342939477,603.5000000000005,,text/html; charset=utf-8,200.0,OK,Indexable,,Pourquoi la data analyse est l’avenir de l’entreprise,53.0,445.0,Aujourd'hui la data est devenue omniprésente. Avoir des données de qualité et savoir lex exploiter peut permettre de prendre des décisions éclairées et d'avoir un impact important sur la stratégie de n'importe quelle entreprise.,228.0,1393.0,,0.0,Pourquoi la data analyse est l’avenir de l’entreprise,53.0,,0.0,Qu’est-ce que la data analyse ?,31.0,Avantages de la data analyse,28.0,,,,,,https://www.ironhack.com/fr/blog/pourquoi-la-data-analyse-est-l-avenir-de-l-entreprise,,,,,,,950176.0,177634.0,2634.0,417.0,0,0,Normal,0,0.0,2.0,,3.0,2.0,0.0,0,126.0,81.0,0.0,7.0,7.0,0.0,,,,,18c437f0ac686153c6a0fca9b082201,0,,,,,1.1,https://www.ironhack.com/fr/blog/pourquoi-la-data-analyse-est-l-avenir-de-l-entreprise,2024-05-17 16:25:24,0.0,0.0,0.0,0.0,,Indexable,,0,0,0,0,0,0,0,0,0
36,analyse data,17,https://en.wikipedia.org/wiki/Data_analysis,1,,,78.0,66.0,74.0,6465.0,221.0,0.0,0.0,1532.0,3.0,1477.0,6.0,883.0,1231.068012725494,913.0,512.4,1.0,0.0,text/html; charset=UTF-8,200.0,OK,Indexable,,Data analysis - Wikipedia,25.0,218.0,,0.0,0.0,,0.0,Data analysis,13.0,,0.0,Contents,8.0,The process of data analysis[edit],34.0,max-image-preview:standard,,,,,https://en.wikipedia.org/wiki/Data_analysis,,,,,,,424342.0,80544.0,10552.0,2800.0,0,0,Normal,0,0.0,1.0,,403.0,2.0,0.0,0,1237.0,495.0,0.0,337.0,309.0,0.0,,,,,70b7a36546858d5d69333d5272f09c7,0,"Fri, 17 May 2024 06:05:20 GMT",,,,1.1,https://en.wikipedia.org/wiki/Data_analysis,2024-05-17 16:25:13,0.0,0.0,0.0,0.0,,Indexable,,0,0,0,0,0,0,0,0,0
37,analyse data,18,https://www.udemy.com/fr/topic/data-analysis/,1,200.0,2046.0,62.0,28.0,,0.0,368.0,29.0,6.0,1543.0,3.0,2595.0,16.0,1543.0,2811.644145296842,2595.0,4268.05436475342,1282.4999999999995,16.0,text/html; charset=UTF-8,403.0,Forbidden,Non-Indexable,Client Error,,0.0,0.0,,0.0,0.0,,0.0,,0.0,,0.0,,0.0,,0.0,,,,,,,,,,,,,0.0,0.0,0.0,,0,0,,0,0.0,3.0,,0.0,0.0,0.0,0,0.0,0.0,0.0,0.0,0.0,0.0,,,,,,0,,,,,1.1,https://www.udemy.com/fr/topic/data-analysis/,2024-05-17 16:25:21,,,,,,,,0,0,0,0,0,0,0,0,0
38,analyse data,19,https://www.cidj.com/metiers/data-analyst-data-scientist,1,200.0,26.0,85.0,52.0,81.0,110.0,80.0,49.0,19.0,1211.0,2.0,1647.0,2.0,1322.0,1606.8417811604481,1608.0,3689.2291424896503,373.5,2.0,text/html; charset=UTF-8,200.0,OK,Indexable,,"Data analyst / Data scientist : métier, études, diplômes, salaire, formation | CIDJ",83.0,697.0,"Le data analyst et le data scientist sont de hauts responsables de la gestion et de l’analyse de « données massives » (Big data). Ces spécialistes des chiffres, des statistiques et des programmes informatiques traitent les données d'une entreprise pour en extraire les informations susceptibles de l'aider dans sa prise de décisions. A l'inverse du data scientist qui a une vision transverse, le data analyst prend en charge un type de données spécifique.",455.0,2771.0,,0.0,Data analyst / Data scientist,29.0,,0.0,Description métier,18.0,Études / Formation pour devenir Data analyst / Data scientist,61.0,,,,,,https://www.cidj.com/metiers/data-analyst-data-scientist,,,,,,,63024.0,14881.0,1498.0,238.0,0,0,Normal,0,0.0,1.0,,4.0,1.0,0.0,0,77.0,49.0,0.0,30.0,19.0,0.0,,,,,98861d35fcfe6c1689cc388da8b9ad0d,0,,,,,1.1,https://www.cidj.com/metiers/data-analyst-data-scientist,2024-05-17 16:25:41,0.0,0.0,0.0,0.0,,Indexable,,0,0,0,0,0,0,0,0,0
39,analyse data,20,https://www.michaelpage.fr/advice/metiers/digital-marketing-communication/fiche-m%C3%A9tier-data-analyst,1,200.0,152.0,56.0,10.0,45.0,22.0,17.0,143.0,10.0,2633.0,2.0,2890.0,8.0,3548.0,2343.387401954381,3667.0,2769.1113539072526,652.4619172683819,1.0,,,,,,,,,,,,,,,,,,,,,,,,,,,,,,,,,,,,,,0,0,,0,,,,,,,0,,,,,,,,,,,,0,,,,,,,,,,,,,,,0,0,0,0,0,0,0,0,0
40,data analyse,1,https://datascientest.com/data-analysis-tout-savoir,0,200.0,2001.0,64.0,18.0,56.0,47.0,140.0,62.0,13.0,3217.0,3.0,3907.0,6.0,3217.0,5733.669273665508,3907.0,11469.13199429357,2447.064796453446,6.0,text/html; charset=UTF-8,200.0,OK,Indexable,,La Data Analysis ou Analyse de Données,38.0,358.0,"La Data Analysis, ou analyse de données, est de plus en plus utilisée dans les entreprises de tous les secteurs. Découvrez tout ce que vous devez savoir à ce sujet.",164.0,1005.0,,0.0,La Data Analysis ou Analyse de Données,38.0,,0.0,"La Data Analysis, ou analyse de données, est de plus en plus utilisée dans les entreprises de tous les secteurs. Découvrez tout ce que vous devez savoir à ce sujet.",164.0,DataScientest News,18.0,"index, follow, max-image-preview:large, max-snippet:-1, max-video-preview:-1",,,,,https://datascientest.com/data-analysis-tout-savoir,,,,,,,264443.0,38311.0,1728.0,269.0,0,0,Normal,0,0.0,0.0,,13.0,1.0,0.0,0,149.0,64.0,0.0,20.0,11.0,0.0,,,,,131fe093103788f9bb295e7a0bf2a9a3,0,,,,,1.1,https://datascientest.com/data-analysis-tout-savoir,2024-05-17 16:25:21,0.0,0.0,0.0,0.0,,Indexable,,0,0,0,0,0,0,0,0,0
41,data analyse,2,https://www.data-bird.co/blog/analyse-de-donnees-definition,0,200.0,1122.0,61.0,23.0,44.0,2.0,45.0,55.0,5.0,2050.0,3.0,2486.0,4.0,2050.0,2051.427119510219,2486.0,6737.138391925984,580.5000000000002,4.0,text/html,200.0,OK,Indexable,,"Analyse de données : définition, enjeux et méthodes de la data analysis [2023]",78.0,686.0,"Le métier de Data Analyst est de plus en plus valorisé par les entreprises. D’après l’institut Cooptalis, c’est le troisième métier le plus recherché dans le secteur des nouvelles technologies en 2023",200.0,1205.0,,0.0,"Analyse de données : définition, enjeux et méthodes de la data analysis [2023]",78.0,,0.0,L’importance croissante de la data analyse en entreprise,56.0,Les outils du Data analyst,26.0,,,,,,https://www.data-bird.co/blog/analyse-de-donnees-definition,https://www.data-bird.co/blog/analyse-de-donnees-definition,,,,,,102556.0,25830.0,3693.0,523.0,0,0,Normal,0,0.0,1.0,,17.0,2.0,0.0,0,134.0,55.0,0.0,7.0,5.0,0.0,,,,,ea4f3e8f1fb2b525fecd1e7cb35e3bff,0,,,,,1.1,https://www.data-bird.co/blog/analyse-de-donnees-definition,2024-05-17 16:25:21,0.0,0.0,0.0,0.0,,Indexable,,0,0,0,0,0,0,0,0,0
42,data analyse,3,https://www.alteryx.com/fr/glossary/data-analytics,0,200.0,536.0,51.0,18.0,46.0,3.0,5.0,113.0,31.0,2095.0,3.0,2355.0,10.0,2095.0,1699.138447359063,2355.0,4768.286017246828,271.5,10.0,text/html; charset=utf-8,200.0,OK,Indexable,,Qu'est-ce que la Data Analytics ? | Alteryx,43.0,362.0,"La data analytics, ou l'analytique de la donnée, consiste à explorer, transformer et analyser les données afin d'identifier les tendances et les schémas qui révèlent des informations exploitables pertinentes et améliorent l'efficacité, ce qui contribue à optimiser la prise de décision.<br>",290.0,1709.0,,0.0,Analytique des données,22.0,,0.0,Qu'est-ce que la Data Analytics ?,33.0,Le processus de Data Analytics,30.0,"index, follow, max-image-preview:large, max-snippet:-1, max-video-preview:-1",,,,,https://www.alteryx.com/fr/glossary/data-analytics,,,,,,,1285024.0,89859.0,2505.0,498.0,0,0,Fairly Hard,0,0.0,2.0,,11.0,2.0,0.0,0,267.0,136.0,0.0,12.0,11.0,0.0,,,,,b691980f2ec71f952eb3559c0a0f4a0c,0,,,,,1.1,https://www.alteryx.com/fr/glossary/data-analytics,2024-05-17 16:25:43,0.0,0.0,0.0,0.0,,Indexable,,0,0,0,0,0,0,0,0,0
43,data analyse,4,https://eminence.ch/4-types-analyse-donnees-data-analytics/,0,200.0,49.0,53.0,7.0,47.0,2.0,4.0,34.0,3.0,1613.0,5.0,2124.0,6.0,1613.0,806.4081409251846,2124.0,1258.0154646848384,21.5,6.0,text/html; charset=UTF-8,200.0,OK,Indexable,,Les 4 types d’analyse de données du Data Analytics,50.0,455.0,"Optimisez votre stratégie digitale avec le Data Analytics : collecte, stockage et analyses de données pour une croissance durable dans un marché compétitif.",156.0,967.0,,0.0,Les 4 types d’analyse de données du Data Analytics,50.0,,0.0,1. Qu’est-ce que le Data Analytics ?,36.0,2. Quelles données peut-on collecter avec le Data Analytics ?,61.0,"index, follow, max-image-preview:large, max-snippet:-1, max-video-preview:-1",,,,,https://eminence.ch/4-types-analyse-donnees-data-analytics/,,,,,,,404420.0,73214.0,1573.0,221.0,0,0,Fairly Hard,0,0.0,1.0,,0.0,0.0,0.0,0,69.0,33.0,0.0,3.0,3.0,0.0,,,,,9510dcaa10c62ac982b43e4e67b7a2ec,0,"Fri, 17 May 2024 07:48:37 GMT",,,,1.1,https://eminence.ch/4-types-analyse-donnees-data-analytics/,2024-05-17 16:25:28,0.0,0.0,0.0,0.0,,Indexable,,0,0,0,0,0,0,0,0,0
44,data analyse,5,https://www.ironhack.com/fr/blog/meilleure-facon-de-commencer-a-apprendre-l-analyse-des-donnees,0,200.0,429.0,60.0,13.0,,0.0,11.0,67.0,18.0,,,,,,1488.7035003029764,,4450.26600427443,963.0000000000002,,text/html; charset=utf-8,200.0,OK,Indexable,,Comment commencer à apprendre la data analyse ? | Ironhack Blog,63.0,596.0,"L’analyse de données (Data Analytics en anglais) a le vent en poupe. Elle qui permet de comprendre les réussites et d’anticiper les échecs est très demandée dans tous types d’entreprises, en France et à l’étranger.",214.0,1313.0,,0.0,Comment commencer à apprendre la data analyse ?,47.0,,0.0,Qu'est-ce que l'analyse des données,35.0,Comment acquérir des compétences en analyse de données ?,56.0,,,,,,https://www.ironhack.com/fr/blog/meilleure-facon-de-commencer-a-apprendre-l-analyse-des-donnees,,,,,,,933384.0,174836.0,1799.0,293.0,0,0,Normal,0,0.0,2.0,,1.0,1.0,0.0,0,134.0,83.0,0.0,8.0,8.0,0.0,,,,,6a4bf9a382a95229f88a6418e296bb5b,0,,,,,1.1,https://www.ironhack.com/fr/blog/meilleure-facon-de-commencer-a-apprendre-l-analyse-des-donnees,2024-05-17 16:25:38,0.0,0.0,0.0,0.0,,Indexable,,0,0,0,0,0,0,0,0,0
45,data analyse,6,https://phedone.com/fr/blog/how-to-analyse-data/,0,200.0,296.0,46.0,6.0,,0.0,3.0,16.0,5.0,,,,,,642.8002943931983,,1496.3411305174664,119.5,,text/html; charset=UTF-8,200.0,OK,Indexable,,Data analysis : 8 conseils pour une analyse de données réussie. - Phedone,73.0,652.0,,0.0,0.0,,0.0,Customer ExperienceData analysis : 8 conseils pour une analyse de données réussie.,82.0,,0.0,Découvrez l'IA avancée quiautomatise le traitement de vos retours clients,73.0,Restez connecté à Phedone,25.0,,,,,,,,,,,,,60709.0,19103.0,71.0,15.0,0,0,Fairly Hard,0,0.0,3.0,,2.0,1.0,0.0,0,21.0,20.0,0.0,3.0,3.0,0.0,,,,,e5b08b267d321c8777918a94062291aa,0,,,,,1.1,https://phedone.com/fr/blog/how-to-analyse-data/,2024-05-17 16:25:37,0.0,0.0,0.0,0.0,,Indexable,,0,0,0,0,0,0,0,0,0
46,data analyse,7,https://www.psbedu.paris/fr/actus/data-analytics-quest-ce-que-cest,0,,,53.0,23.0,,0.0,2.0,0.0,0.0,2084.0,4.0,2254.0,2.0,2084.0,1751.7136818750419,2254.0,2029.5949357482698,230.49999999999977,2.0,text/html; charset=utf-8,200.0,OK,Indexable,,Data Analytics : qu’est ce que c’est ? ,39.0,320.0,,0.0,0.0,,0.0,Data Analytics : qu’est ce que c’est ?,38.0,,0.0,L'analyse de données : à quoi ça sert ?,39.0,Les différentes étapes de l'analyse de données,46.0,,,,,,https://www.psbedu.paris/fr/actus/data-analytics-quest-ce-que-cest,,,,,,,101408.0,101408.0,1723.0,309.0,0,0,Fairly Easy,0,0.0,2.0,,0.0,0.0,0.0,0,147.0,76.0,0.0,6.0,6.0,0.0,,,,,9157c678c5731d7c58512acc14dad008,0,,,,,1.1,https://www.psbedu.paris/fr/actus/data-analytics-quest-ce-que-cest,2024-05-17 16:25:35,0.0,0.0,0.0,0.0,,Indexable,,0,0,0,0,0,0,0,0,0
47,data analyse,8,https://www.clementine.jobs/fiches-metiers/metiers-du-big-data/data-analyst/,0,200.0,105.0,51.0,14.0,44.0,22.0,4.0,51.0,18.0,1673.0,,,102.0,1286.0,3161.129618283357,1788.0,2698.314112642582,324.0718557520873,100.0,text/html; charset=UTF-8,200.0,OK,Indexable,,"Data Analyst / Analyste de données, ça veut dire quoi ?",55.0,483.0,Le Data Analyst traite les extractions de bases de données. Il les analyse et se charge de leur interprétation afin d'en tirer des améliorations business.,154.0,922.0,,0.0,Data Analyst / Analyste de données,34.0,Data Analyst / Analyste de données,34.0,Qu’est-ce qu’un Data Analyst ?,30.0,Missions du Data Analyst,24.0,"index,follow",max-image-preview:large,,,,https://www.clementine.jobs/fiches-metiers/metiers-du-big-data/data-analyst/,,,,,,,95279.0,20221.0,993.0,176.0,0,0,Normal,0,0.0,3.0,,2.0,1.0,0.0,0,95.0,60.0,0.0,11.0,8.0,0.0,,,,,c5b3f86e82e8314485a78d5605389262,0,"Fri, 17 May 2024 14:18:19 GMT",,,,1.1,https://www.clementine.jobs/fiches-metiers/metiers-du-big-data/data-analyst/,2024-05-17 16:25:38,0.0,0.0,0.0,0.0,,Indexable,,0,0,0,0,0,0,0,0,0
48,data analyse,9,https://www.mba-esg.com/actus/data-analyst,0,200.0,569.0,75.0,21.0,49.0,19.0,20.0,92.0,7.0,1916.0,2.0,2010.0,12.0,1525.0,2522.617295582294,1856.0,2938.860379644174,812.5000000000002,11.0,text/html; charset=utf-8,200.0,OK,Indexable,,"Data Analyst : Missions, Études, Salaire",40.0,344.0,Découvrez le parcours nécessaire d'un Data Analyst pour occuper ce poste. Il est chargé de l’exploitation des informations recueillies afin de faciliter les prises de décision.,176.0,1058.0,,0.0,"Qu'est-ce qu'un Data Analyst? Tout savoir sur le métier, le salaire, ...",72.0,,0.0,Fonction et missions,20.0,"Compétences, qualités et profil",31.0,,,,,,https://www.mba-esg.com/actus/data-analyst,,,,,,,175432.0,175432.0,1830.0,338.0,0,0,Normal,0,0.0,1.0,,3.0,1.0,0.0,0,138.0,93.0,0.0,7.0,7.0,0.0,,,,,c79d0e6a32b7ad9a8a1fe976daf39e34,0,,,,,1.1,https://www.mba-esg.com/actus/data-analyst,2024-05-17 16:25:30,0.0,0.0,0.0,0.0,,Indexable,,0,0,0,0,0,0,0,0,0
49,data analyse,10,https://www.michaelpage.fr/advice/metiers/digital-marketing-communication/fiche-m%C3%A9tier-data-analyst,0,200.0,152.0,56.0,10.0,45.0,22.0,17.0,143.0,10.0,2633.0,2.0,2890.0,8.0,3548.0,2343.387401954381,3667.0,2769.1113539072526,652.4619172683819,1.0,,,,,,,,,,,,,,,,,,,,,,,,,,,,,,,,,,,,,,0,0,,0,,,,,,,0,,,,,,,,,,,,0,,,,,,,,,,,,,,,0,0,0,0,0,0,0,0,0
50,data analyse,11,https://www.cidj.com/metiers/data-analyst-data-scientist,1,200.0,26.0,85.0,52.0,81.0,110.0,80.0,49.0,19.0,1211.0,2.0,1647.0,2.0,1322.0,1606.8417811604481,1608.0,3689.2291424896503,373.5,2.0,text/html; charset=UTF-8,200.0,OK,Indexable,,"Data analyst / Data scientist : métier, études, diplômes, salaire, formation | CIDJ",83.0,697.0,"Le data analyst et le data scientist sont de hauts responsables de la gestion et de l’analyse de « données massives » (Big data). Ces spécialistes des chiffres, des statistiques et des programmes informatiques traitent les données d'une entreprise pour en extraire les informations susceptibles de l'aider dans sa prise de décisions. A l'inverse du data scientist qui a une vision transverse, le data analyst prend en charge un type de données spécifique.",455.0,2771.0,,0.0,Data analyst / Data scientist,29.0,,0.0,Description métier,18.0,Études / Formation pour devenir Data analyst / Data scientist,61.0,,,,,,https://www.cidj.com/metiers/data-analyst-data-scientist,,,,,,,63024.0,14881.0,1498.0,238.0,0,0,Normal,0,0.0,1.0,,4.0,1.0,0.0,0,77.0,49.0,0.0,30.0,19.0,0.0,,,,,98861d35fcfe6c1689cc388da8b9ad0d,0,,,,,1.1,https://www.cidj.com/metiers/data-analyst-data-scientist,2024-05-17 16:25:41,0.0,0.0,0.0,0.0,,Indexable,,0,0,0,0,0,0,0,0,0
51,data analyse,12,https://openclassrooms.com/fr/paths/804-data-analyst,1,200.0,444.0,67.0,26.0,,0.0,3.0,8.0,4.0,2173.0,3.0,6108.0,1.0,1428.0,2919.5904351835356,2837.0,5874.305438627646,1340.910274841634,10.0,text/html; charset=UTF-8,200.0,OK,Indexable,,- OpenClassrooms,16.0,163.0,,0.0,0.0,,0.0,,0.0,,0.0,"Devenir Data Analyst : explorer, analyser et exploiter des données pour aider à la prise de décision en entreprise",114.0,Nos formations vous permettent d'apprendre par la pratique,58.0,,,,,,,,,,,,,46389.0,15587.0,929.0,143.0,0,0,Normal,0,0.0,2.0,,3.0,1.0,0.0,0,13.0,9.0,0.0,6.0,4.0,0.0,,,,,825a8dfb6d6762a095e0a079cec125c,0,,,,,1.1,https://openclassrooms.com/fr/paths/804-data-analyst,2024-05-17 16:25:43,0.0,0.0,0.0,0.0,,Indexable,,0,0,0,0,0,0,0,0,0
52,data analyse,13,https://www.studyrama.com/formations/fiches-metiers/informatique-electronique-numerique/data-analyst-95083,1,200.0,248.0,59.0,19.0,54.0,172.0,36.0,38.0,27.0,1630.0,,,51.0,1425.0,1252.2443202635282,1550.0,1509.3580461842114,121.99999999999977,66.0,text/html; charset=UTF-8,200.0,OK,Indexable,,"Devenir Data analyst - Fiche métier, formations et salaire - Studyrama",70.0,607.0,"Retrouvez tout ce qu'il faut savoir sur les missions du data analyst, mais aussi sa formation, ses compétences, son salaire les opportunités d'emploi.",150.0,917.0,data analyst débouchés salaire formation études,47.0,"Métier Data analyst : missions, formations et salaire",53.0,,0.0,,0.0,Rôle et missions du data analyst,32.0,"max-snippet:-1, max-video-preview:-1, max-image-preview:large",,,,,https://www.studyrama.com/formations/fiches-metiers/informatique-electronique-numerique/data-analyst-95083,,,,,,,257563.0,36164.0,1342.0,194.0,0,0,Normal,0,0.0,3.0,,2.0,1.0,0.0,0,67.0,56.0,0.0,16.0,10.0,0.0,,,,,41ed47a1d3b61a52f0dfa9ce88fe992f,0,"Fri, 17 May 2024 14:25:43 GMT",,,,1.1,https://www.studyrama.com/formations/fiches-metiers/informatique-electronique-numerique/data-analyst-95083,2024-05-17 16:25:42,0.0,0.0,0.0,0.0,,Indexable,,0,0,0,0,0,0,0,0,0
53,data analyse,14,https://www.lewagon.com/fr/data-analytics-course,1,200.0,8.0,70.0,36.0,63.0,50.0,254.0,66.0,23.0,925.0,2.0,941.0,3.0,1660.0,1285.0021008119024,1853.0,1134.7063491652132,25.999999999999886,5.0,text/html; charset=utf-8,200.0,OK,Indexable,,Formation Data Analyst | Le Wagon,33.0,311.0,Formez-vous au métier de Data Analyst en seulement 9 semaines avec Le Wagon. Rejoignez les meilleures entreprises grâce à notre réseau partenaire.,146.0,932.0,,0.0,Changez de carrière avec notre formation en data analytics,58.0,,0.0,Devenez Data Analyst en quelques semaines,41.0,Ce que vous apprendrez pendant ce bootcamp data analytics,57.0,"index, follow",,,,,https://www.lewagon.com/fr/data-analytics-course,,,,,,,347480.0,66487.0,4520.0,775.0,0,0,Normal,0,0.0,1.0,,18.0,1.0,0.0,0,122.0,73.0,0.0,21.0,11.0,0.0,,,,,eb187cf36b3d400d8998f44851f758aa,0,,,,,1.1,https://www.lewagon.com/fr/data-analytics-course,2024-05-17 16:25:34,0.0,0.0,0.0,0.0,,Indexable,,0,0,0,0,0,0,0,0,0
54,data analyse,15,https://www.apec.fr/tous-nos-metiers/informatique/data-analyst.html,1,200.0,29.0,58.0,18.0,52.0,8.0,4.0,38.0,13.0,763.0,4.0,1126.0,1.0,597.0,1356.7479300364594,1235.0,803.2423619402618,0.0,28.0,text/html;charset=UTF-8,200.0,OK,Indexable,,Data analyst - Fiche métier | Apec,34.0,294.0,"Tout savoir sur le métier de Data analyst : les missions, les compétences, le profil, le salaire. Accédez aux offres d’emploi associées.",136.0,813.0,,0.0,Data analyst F/H,16.0,Data analyst F/H,16.0,Vous avez déjà un compte ?,26.0,,0.0,"index, follow",,,,,,,,,,,,51335.0,14097.0,950.0,167.0,0,0,Fairly Hard,0,0.0,2.0,,5.0,1.0,0.0,0,49.0,43.0,0.0,10.0,10.0,0.0,,,,,41d354a94c4ccc8260e57fb8e763034e,0,,,,,1.1,https://www.apec.fr/tous-nos-metiers/informatique/data-analyst.html,2024-05-17 16:25:27,0.0,0.0,0.0,0.0,,Indexable,,0,0,0,0,0,0,0,0,0
55,data analyse,16,https://www.lemagit.fr/definition/Lanalyse-des-donnees-Data-Analytics,1,200.0,114.0,57.0,28.0,48.0,1.0,29.0,153.0,24.0,1976.0,2.0,2200.0,13.0,1976.0,2269.681863415782,2200.0,3230.753418161931,659.998991597145,13.0,text/html;charset=UTF-8,200.0,OK,Indexable,,Que signifie L'analyse des données (Data Analytics)? - Definition IT de LeMagIT,79.0,695.0,"L'analyse des données (AD) est le processus qui consiste à examiner des ensembles de données afin de dégager des tendances et de tirer des conclusions sur les informations qu'ils contiennent. De plus en plus, l'analyse des données se fait à l'aide de systèmes et de logiciels spécialisés. Les technologies et techniques d'analyse des données sont largement utilisées dans les entreprises pour permettre aux organisations de prendre des décisions plus éclairées. Les scientifiques et les chercheurs utilisent également des outils d'analyse de données pour vérifier ou infirmer des modèles, des théories et des hypothèses scientifiques.",634.0,3929.0,,0.0,L'analyse des données (Data Analytics),38.0,,0.0,Qu'est-ce que l'analyse de données (Data Analytics) ?,53.0,Types d'analyse de données,26.0,noodp,noarchive,,,,https://www.lemagit.fr/definition/Lanalyse-des-donnees-Data-Analytics,,,,,,,266125.0,43967.0,2916.0,418.0,0,0,Hard,0,0.0,1.0,,12.0,1.0,0.0,0,184.0,157.0,0.0,23.0,21.0,0.0,,,,,a5c2a2182388c3192d440ae52d021605,0,"Fri, 17 May 2024 01:21:15 GMT",,,,1.1,https://www.lemagit.fr/definition/Lanalyse-des-donnees-Data-Analytics,2024-05-17 16:25:39,0.0,0.0,0.0,0.0,,Indexable,,0,0,0,0,0,0,0,0,0
56,data analyse,17,https://dauphine.psl.eu/formations/metiers/data-analyst,1,,,48.0,31.0,,2.0,3.0,0.0,0.0,933.0,2.0,1046.0,8.0,933.0,774.7492264915195,1046.0,1436.4442600331167,26.5,8.0,text/html; charset=utf-8,200.0,OK,Indexable,,"Data Analyst: études, missions, salaire | Dauphine-PSL",54.0,476.0,"Découvrir le métier de Data Analyst, les perspectives d'évolution de carrière, le rôle de ce poste ainsi que d'autres informations pratiques.",141.0,843.0,,0.0,Comment devenir data analyst,28.0,,0.0,Le métier de Data analyst,25.0,Rôle et missions du data analyst,32.0,"index,follow",,,,,https://dauphine.psl.eu/formations/metiers/data-analyst,,,,,,,76299.0,14050.0,1081.0,152.0,0,0,Fairly Hard,0,0.0,2.0,,8.0,1.0,0.0,0,232.0,118.0,0.0,14.0,12.0,0.0,,,,,c467936e2365915474f7ad905d2d3f98,0,"Wed, 01 Mar 2023 13:58:24 GMT",,,,1.1,https://dauphine.psl.eu/formations/metiers/data-analyst,2024-05-17 16:25:42,0.0,0.0,0.0,0.0,,Indexable,,0,0,0,0,0,0,0,0,0
57,data analyse,18,https://www.data-bird.co/blog/10-outils-pour-data-analyst,1,200.0,94.0,59.0,18.0,,0.0,7.0,72.0,30.0,2050.0,3.0,2486.0,4.0,2050.0,3357.8309777619106,2486.0,10043.972268511603,741.0000000000002,4.0,text/html,200.0,OK,Indexable,,Data Analyse : 10 outils à utiliser en tant que Data Analyst en 2024,68.0,583.0,Dans cet article on fait le points sur les 10 outils incontournables à utiliser quand on est Data Analyst.,106.0,629.0,,0.0,Data Analyse : 10 outils à utiliser en tant que Data Analyst en 2024,68.0,,0.0,Rappel : Les missions du Data analyst,37.0,Les 10 outils des Data Analysts,31.0,,,,,,https://www.data-bird.co/blog/10-outils-pour-data-analyst,https://www.data-bird.co/blog/10-outils-pour-data-analyst,,,,,,105539.0,26146.0,3630.0,649.0,0,0,Normal,0,0.0,1.0,,13.0,1.0,0.0,0,155.0,72.0,0.0,33.0,30.0,0.0,,,,,747268332a46e0920c52ea1b592a0d3e,0,,,,,1.1,https://www.data-bird.co/blog/10-outils-pour-data-analyst,2024-05-17 16:25:33,0.0,0.0,0.0,0.0,,Indexable,,0,0,0,0,0,0,0,0,0
58,data analyse,19,https://datascientest.com/data-analyst-tout-savoir,1,200.0,2103.0,66.0,21.0,,0.0,22.0,81.0,15.0,3217.0,3.0,3907.0,6.0,3217.0,6895.333259304691,3907.0,14659.008274326752,3323.6217227301713,6.0,text/html; charset=UTF-8,200.0,OK,Indexable,,Data Analyst : Tout ce qu'il faut savoir sur ce métier,54.0,451.0,"Expert de la donnée, le data analyst est une ressource précieuse pour les entreprises de tous secteurs d’activité. Découvrez sa fiche de poste.",143.0,875.0,,0.0,Data Analyst : Tout ce qu’il faut savoir sur ce métier,54.0,,0.0,"L’avènement du Big data, c’est la production et la collecte de milliards de données à chaque seconde. Pour les entreprises, ces informations constituent une aubaine, puisqu’elles vont pouvoir prendre des décisions plus éclairées, basées sur des faits vérifiables. À condition de savoir interpréter les données disponibles. C’est justement le rôle du Data Analyst. Découvrez ce métier, ses missions, ses compétences, les outils qu’il utilise, son salaire, et bien sûr, le parcours pour devenir Data Analyst.",506.0,Table des matières,18.0,"index, follow, max-image-preview:large, max-snippet:-1, max-video-preview:-1",,,,,https://datascientest.com/data-analyst-tout-savoir,,,,,,,282322.0,42522.0,2392.0,361.0,0,0,Normal,0,0.0,0.0,,13.0,1.0,0.0,0,168.0,82.0,0.0,22.0,13.0,0.0,,,,,9f3ce3084267d01b72ebfd22a36982f1,0,,,,,1.1,https://datascientest.com/data-analyst-tout-savoir,2024-05-17 16:25:35,0.0,0.0,0.0,0.0,,Indexable,,0,0,0,0,0,0,0,0,0
59,data analyse,20,https://www.ib-formation.fr/fiches-metiers/data-analyst,1,200.0,428.0,52.0,11.0,,1.0,12.0,93.0,5.0,1485.0,3.0,1691.0,4.0,1485.0,940.3336799553592,1691.0,1341.9058339414019,123.50000000000023,4.0,text/html; charset=UTF-8,200.0,OK,Indexable,,"Fiche métier Data Analyst : définition, rôles, compétences, formation - ib - groupe Cegos",89.0,771.0,"Le Data Analyst est aussi connu sous l’appellation de Data Manager, d’Analyste des Données ou de Data Miner. Comme son nom le suggère, il est e...",146.0,923.0,,0.0,Data Analyst,12.0,,0.0,Qu'est-ce qu'un Data Analyst ?,30.0,Quel est son rôle ?,19.0,,,,,,https://www.ib-formation.fr/fiches-metiers/data-analyst,,,,,,,482488.0,87383.0,1992.0,299.0,0,0,Normal,0,0.0,1.0,,17.0,1.0,0.0,0,142.0,94.0,0.0,10.0,6.0,0.0,,,,,23a61ffd979087a0bb430496a83604fc,0,,,,,1.1,https://www.ib-formation.fr/fiches-metiers/data-analyst,2024-05-17 16:25:36,0.0,0.0,0.0,0.0,,Indexable,,0,0,0,0,0,0,0,0,0
60,data analysis,1,https://en.wikipedia.org/wiki/Data_analysis,0,,,78.0,66.0,74.0,6465.0,221.0,0.0,0.0,1532.0,3.0,1477.0,6.0,883.0,1231.068012725494,913.0,512.4,1.0,0.0,text/html; charset=UTF-8,200.0,OK,Indexable,,Data analysis - Wikipedia,25.0,218.0,,0.0,0.0,,0.0,Data analysis,13.0,,0.0,Contents,8.0,The process of data analysis[edit],34.0,max-image-preview:standard,,,,,https://en.wikipedia.org/wiki/Data_analysis,,,,,,,424342.0,80544.0,10552.0,2800.0,0,0,Normal,0,0.0,1.0,,403.0,2.0,0.0,0,1237.0,495.0,0.0,337.0,309.0,0.0,,,,,70b7a36546858d5d69333d5272f09c7,0,"Fri, 17 May 2024 06:05:20 GMT",,,,1.1,https://en.wikipedia.org/wiki/Data_analysis,2024-05-17 16:25:13,0.0,0.0,0.0,0.0,,Indexable,,0,0,0,0,0,0,0,0,0
61,data analysis,2,https://www.simplilearn.com/data-analysis-methods-process-types-article,0,200.0,22.0,73.0,44.0,66.0,594.0,148.0,165.0,10.0,1441.0,6.0,1696.0,4.0,1348.0,645.8302214319635,1570.0,1260.0039537754603,222.0,4.0,text/html,200.0,OK,Indexable,,What Is Data Analysis: A Comprehensive Guide,44.0,414.0,Unlock the secrets of Data Analysis with our Essential Guide! Dive into the world of data and transform your insights.,118.0,721.0,"data analysis methods, types of data analysis methods, data analysis types, data analysis process, what is data analysis, data analysis techniques, data analysis steps, data analysis procedure, what is data analysis in research",227.0,What Is Data Analysis: A Comprehensive Guide,44.0,,0.0,What Is Data Analysis?,22.0,Why Is Data Analysis Important?,31.0,"max-image-preview:large,max-snippet:-1,max-video-preview:-1",,,,,https://www.simplilearn.com/data-analysis-methods-process-types-article,,,,,,,650062.0,123500.0,5207.0,960.0,0,0,Hard,0,0.0,0.0,,22.0,1.0,0.0,0,201.0,167.0,0.0,10.0,10.0,0.0,,,,,e414ff92f39d958cbb266a05e14614ea,0,,,,,1.1,https://www.simplilearn.com/data-analysis-methods-process-types-article,2024-05-17 16:25:44,0.0,0.0,0.0,0.0,,Indexable,,0,0,0,0,0,0,0,0,0
62,data analysis,3,https://www.data-analysis.fr/,0,0.0,4159743709.0,74.0,19.0,71.0,1451.0,8.0,0.0,0.0,,,,,,781.4968592699829,,789.7135931525656,3.0,,text/html,200.0,OK,Indexable,,Data Analysis - L'expertise statistique géomarketing,52.0,455.0,,0.0,0.0,,0.0,Data Analysis,13.0,,0.0,Votre bureau d’études statistiques et géomarketing,50.0,"Vous souhaitez développer un réseau de franchises, licences de marques, …",73.0,"follow, index, max-snippet:-1, max-video-preview:-1, max-image-preview:large",,,,,https://www.data-analysis.fr/,,,,,,,193492.0,29584.0,116.0,26.0,0,0,Hard,0,0.0,0.0,,3.0,1.0,0.0,0,39.0,15.0,0.0,1.0,1.0,0.0,,,,,b05c0831a6865b24890116df0c44e5b4,0,"Mon, 19 Jun 2023 08:02:47 GMT",,,,1.1,https://www.data-analysis.fr/,2024-05-17 16:25:38,0.0,0.0,0.0,0.0,,Indexable,,0,0,0,0,0,0,0,0,0
63,data analysis,4,https://www.alteryx.com/glossary/data-analytics,0,,,64.0,20.0,54.0,27.0,5.0,0.0,0.0,2095.0,3.0,2355.0,10.0,2095.0,1317.938555074158,2355.0,4592.518739138592,191.99999999999932,10.0,text/html; charset=UTF-8,200.0,OK,Indexable,,What Is Data Analytics? - Alteryx,33.0,284.0,"Data analytics is the process of exploring, transforming, and analyzing data to identify meaningful insights and efficiencies that support decision-making.",155.0,947.0,,0.0,Data Analytics,14.0,,0.0,What Is Data Analytics?,23.0,The Data Analytics Process,26.0,"index, follow, max-image-preview:large, max-snippet:-1, max-video-preview:-1",,,,,https://www.alteryx.com/glossary/data-analytics,,,,,,,1280557.0,88004.0,2062.0,502.0,0,0,Fairly Hard,0,0.0,1.0,,11.0,2.0,0.0,0,267.0,136.0,0.0,12.0,11.0,0.0,,,,,94353f453fb5cc35035d2463b79874a3,0,"Tue, 09 Apr 2024 14:28:22 GMT",,,,1.1,https://www.alteryx.com/glossary/data-analytics,2024-05-17 16:25:44,0.0,0.0,0.0,0.0,,Indexable,,0,0,0,0,0,0,0,0,0
64,data analysis,5,https://www.coursera.org/articles/what-is-data-analysis-with-examples,0,200.0,576.0,72.0,49.0,66.0,341.0,90.0,83.0,27.0,1584.0,8.0,1896.0,2.0,3124.0,1551.5264173060104,4134.0,3419.412957523865,1463.4932382770185,12.0,text/html,200.0,OK,Indexable,,What Is Data Analysis? (With Examples) | Coursera,49.0,445.0,"Data analysis is the practice of working with data to glean useful information, which can then be used to make informed decisions.",130.0,807.0,,0.0,What Is Data Analysis? (With Examples),38.0,,0.0,Data analysis process,21.0,Types of data analysis (with examples),38.0,,,,,,https://www.coursera.org/articles/what-is-data-analysis-with-examples,,,,,,,675854.0,115684.0,1530.0,251.0,0,0,Hard,0,0.0,1.0,,0.0,0.0,0.0,0,106.0,96.0,0.0,23.0,20.0,0.0,,,,,bbd6bf86dabfa51b2d5e6b2e97581cd2,0,,,,,1.1,https://www.coursera.org/articles/what-is-data-analysis-with-examples,2024-05-17 16:25:30,0.0,0.0,0.0,0.0,,Indexable,,0,0,0,0,0,0,0,0,0
65,data analysis,6,https://monkeylearn.com/data-analysis/,0,200.0,333.0,69.0,37.0,57.0,41.0,256.0,40.0,17.0,1283.0,2.0,1776.0,8.0,1409.0,561.0071998114483,1462.0,819.912486457745,6.5,6.0,text/html; charset=UTF-8,200.0,OK,Indexable,,What Is Data Analysis and How Can You Get Started?,50.0,468.0,Data analysis is the process of deriving actionable insights from data to influence business decision-making. Learn why it’s important and how you can get started.,163.0,1009.0,"data analysis, data analysis types, what is data analysis, data analysis examples, quantitive vs qualitative data, data analysis process, how to get starte with data analysis.",175.0,What Is Data Analysis and How Can You Get Started?,50.0,,0.0,What Is Data Analysis?,22.0,Quantitative vs Qualitative Data: What’s the Difference?,56.0,,,,,,https://monkeylearn.com/data-analysis/,,,,,,,391242.0,72994.0,3926.0,580.0,0,0,Fairly Hard,0,0.0,1.0,,30.0,2.0,0.0,0,84.0,46.0,0.0,15.0,13.0,0.0,,,,,46cf819554ed741c580521b6c2b0a26,0,,,,,1.1,https://monkeylearn.com/data-analysis/,2024-05-17 16:25:35,0.0,0.0,0.0,0.0,,Indexable,,0,0,0,0,0,0,0,0,0
66,data analysis,7,https://ori.hhs.gov/education/products/n_illinois_u/datamanagement/datopic.html,0,,,70.0,47.0,65.0,387.0,0.0,0.0,0.0,1746.0,2.0,1769.0,0.0,1272.0,828.5318204476089,1371.0,264.0001171722753,0.0,0.0,text/html,200.0,OK,Indexable,,Data Analysis,13.0,120.0,,0.0,0.0,,0.0,,0.0,,0.0,,0.0,,0.0,,,,,,,,,,,,,37917.0,37917.0,2383.0,389.0,0,0,Hard,0,0.0,4.0,,2.0,1.0,0.0,0,11.0,10.0,0.0,1.0,1.0,0.0,,,,,1a4dc1402e2ce1b2fcce53d7da4f37d5,0,"Tue, 20 Dec 2016 20:33:53 GMT",,,,1.1,https://ori.hhs.gov/education/products/n_illinois_u/datamanagement/datopic.html,2024-05-17 16:25:40,0.0,0.0,0.0,0.0,,Indexable,,0,0,0,0,0,0,0,0,0
67,data analysis,8,https://www.datacamp.com/blog/what-is-data-analysis-expert-guide,0,200.0,114.0,68.0,37.0,61.0,232.0,59.0,157.0,17.0,1463.0,5.0,1482.0,5.0,1596.0,1409.3638761404945,1765.0,3292.8809360385358,1073.998055007086,4.0,text/html; charset=utf-8,200.0,OK,Indexable,,What is Data Analysis? An Expert Guide With Examples | DataCamp,63.0,591.0,"Explore the world of data analysis with our comprehensive guide. Learn about its importance, process, types, techniques, tools, and top careers in 2023.",152.0,938.0,,0.0,What is Data Analysis? An Expert Guide With Examples,52.0,,0.0,What is Data Analysis?,22.0,Unlock your career with custom learning,39.0,,,,,,https://www.datacamp.com/blog/what-is-data-analysis-expert-guide,,,,,,,406053.0,74590.0,4728.0,703.0,0,0,Hard,0,0.0,1.0,,1.0,1.0,0.0,0,199.0,167.0,0.0,12.0,12.0,0.0,,,,,b3d55202647116e7305888380f0667cc,0,,,,,1.1,https://www.datacamp.com/blog/what-is-data-analysis-expert-guide,2024-05-17 16:25:20,0.0,0.0,0.0,0.0,,Indexable,,0,0,0,0,0,0,0,0,0
68,data analysis,9,https://www.investopedia.com/terms/d/data-analytics.asp,0,200.0,207.0,76.0,58.0,72.0,1995.0,66.0,119.0,24.0,1009.0,6.0,1322.0,5.0,885.0,1177.3854165751118,1575.0,1491.813731907021,229.44893755609962,5.0,text/html;charset=utf-8,200.0,OK,Indexable,,"Data Analytics: What It Is, How It's Used, and 4 Basic Techniques",65.0,569.0,Data analytics is the science of analyzing raw data in order to make conclusions about that information. It helps businesses perform more efficiently and maximize profit.,170.0,1046.0,,0.0,"Data Analytics: What It Is, How It's Used, and 4 Basic Techniques",65.0,,0.0,We Care About Your Privacy,26.0,What Is Data Analytics?,23.0,"max-image-preview:large, NOODP, NOYDIR",,,,,https://www.investopedia.com/terms/d/data-analytics.asp,,,,,,,376067.0,70295.0,2744.0,464.0,0,0,Fairly Hard,0,0.0,2.0,,11.0,1.0,0.0,0,238.0,129.0,0.0,23.0,17.0,0.0,,,,,b77d728b75d8ea8ae72483912a39f7be,0,,,,,1.1,https://www.investopedia.com/terms/d/data-analytics.asp,2024-05-17 16:25:45,0.0,0.0,0.0,0.0,,Indexable,,0,0,0,0,0,0,0,0,0
69,data analysis,10,https://www.datapine.com/blog/data-analysis-methods-and-techniques/,0,200.0,289.0,71.0,33.0,66.0,381.0,17.0,92.0,21.0,2301.0,2.0,2330.0,0.0,1868.0,786.624301543142,1938.0,925.4952011201215,67.24052790949571,0.0,text/html; charset=UTF-8,200.0,OK,Indexable,,"What is data analysis? Methods, techniques, types & how-to",58.0,526.0,"What is data analysis? Here we explain the definition, data analysis methods & techniques while showing examples of how to analyze data.",136.0,857.0,,0.0,Your Modern Business Guide To Data Analysis Methods And Techniques,66.0,,0.0,,0.0,What Is Data Analysis?,22.0,"index, follow, max-image-preview:large, max-snippet:-1, max-video-preview:-1",,,,,,,,,,,,140725.0,36766.0,11047.0,1478.0,0,0,Fairly Hard,0,0.0,2.0,,9.0,1.0,0.0,0,124.0,95.0,0.0,24.0,20.0,0.0,,,,,e06ecebb7db2a9343580ec16af6f4bfc,0,,,,,1.1,https://www.datapine.com/blog/data-analysis-methods-and-techniques/,2024-05-17 16:25:13,0.0,0.0,0.0,0.0,,Indexable,,0,0,0,0,0,0,0,0,0
70,data analysis,11,https://www.amazon.fr/Data-Analysis-Beginners-Easy-Understand/dp/B0BZFLPFLT,1,,,,,,0.0,0.0,0.0,0.0,,,,,,,,,,,text/html;charset=UTF-8,404.0,Not Found,Non-Indexable,Client Error,,0.0,0.0,,0.0,0.0,,0.0,,0.0,,0.0,,0.0,,0.0,,,,,,,,,,,,,0.0,0.0,0.0,,0,0,,0,0.0,2.0,,0.0,0.0,0.0,0,0.0,0.0,0.0,0.0,0.0,0.0,,,,,,0,,,,,1.1,https://www.amazon.fr/Data-Analysis-Beginners-Easy-Understand/dp/B0BZFLPFLT,2024-05-17 16:25:34,,,,,,,,0,0,0,0,0,0,0,0,0
71,data analysis,12,https://openclassrooms.com/fr/paths/804-data-analyst,1,200.0,444.0,67.0,26.0,,0.0,3.0,8.0,4.0,2173.0,3.0,6108.0,1.0,1428.0,2919.5904351835356,2837.0,5874.305438627646,1340.910274841634,10.0,text/html; charset=UTF-8,200.0,OK,Indexable,,- OpenClassrooms,16.0,163.0,,0.0,0.0,,0.0,,0.0,,0.0,"Devenir Data Analyst : explorer, analyser et exploiter des données pour aider à la prise de décision en entreprise",114.0,Nos formations vous permettent d'apprendre par la pratique,58.0,,,,,,,,,,,,,46389.0,15587.0,929.0,143.0,0,0,Normal,0,0.0,2.0,,3.0,1.0,0.0,0,13.0,9.0,0.0,6.0,4.0,0.0,,,,,825a8dfb6d6762a095e0a079cec125c,0,,,,,1.1,https://openclassrooms.com/fr/paths/804-data-analyst,2024-05-17 16:25:43,0.0,0.0,0.0,0.0,,Indexable,,0,0,0,0,0,0,0,0,0
72,data analysis,13,https://www.telecom-sudparis.eu/en/formation/master-of-science-data-analysis-pattern-classification/,1,,,43.0,12.0,,0.0,5.0,0.0,0.0,1451.0,2.0,1840.0,3.0,1451.0,1636.6605188334643,1840.0,2105.502999042275,32.499999999999886,3.0,text/html; charset=UTF-8,200.0,OK,Indexable,,Master of Science Data Analysis and Pattern Classification (DATAPAC),68.0,627.0,This Master of Science program may lead to careers in industrial Research and Development departments as well as to a PhD program in a Research Laboratory.,155.0,991.0,,0.0,Master of Science Data Analysis and Pattern Classification (DATAPAC),68.0,,0.0,Télécom SudParis,16.0,Engineering degree - Master’s level,35.0,"index, follow, max-image-preview:large, max-snippet:-1, max-video-preview:-1",,,,,https://www.telecom-sudparis.eu/en/formation/master-of-science-data-analysis-pattern-classification/,,,,,,,200012.0,41260.0,1293.0,214.0,0,0,Fairly Hard,0,0.0,3.0,,2.0,1.0,0.0,0,103.0,87.0,0.0,22.0,22.0,0.0,,,,,9cd5dc1c1941a05ba69c607680593099,0,"Fri, 17 May 2024 14:25:40 GMT",,,,1.1,https://www.telecom-sudparis.eu/en/formation/master-of-science-data-analysis-pattern-classification/,2024-05-17 16:25:40,0.0,0.0,0.0,0.0,,Indexable,,0,0,0,0,0,0,0,0,0
73,data analysis,14,https://www.edx.org/learn/data-analysis,1,200.0,103.0,76.0,57.0,64.0,477.0,2720.0,67.0,26.0,1113.0,3.0,1451.0,5.0,1463.0,1993.6062702387371,1714.0,6184.156174829082,1332.5,2.0,text/html,200.0,OK,Indexable,,Best Online Data Analysis Courses and Programs | edX,52.0,482.0,Explore free data analysis courses and more. Develop your analysis and visualization skills with edX.,101.0,619.0,,0.0,Learn data analysis with online courses and programs,52.0,Featured Data Analysis Courses,30.0,,0.0,Browse online Data Analysis courses,35.0,,,,,,https://www.edx.org/learn/data-analysis,,,,,,,1796760.0,252012.0,1342.0,229.0,0,0,Hard,0,0.0,1.0,,6.0,1.0,0.0,0,108.0,88.0,0.0,16.0,16.0,0.0,,,,,dd91d5fb16021115b14e3a45507e7744,0,"Fri, 17 May 2024 08:59:19 GMT",,,,1.1,https://www.edx.org/learn/data-analysis,2024-05-17 16:25:31,0.0,0.0,0.0,0.0,,Indexable,,0,0,0,0,0,0,0,0,0
74,data analysis,15,https://support.microsoft.com/en-us/office/analyze-data-in-excel-3223aab8-f543-4fda-85ed-76bb0295ffc4,1,,,67.0,31.0,61.0,308.0,10.0,0.0,0.0,1581.0,2.0,2060.0,6.0,1662.0,2307.342465668641,1898.0,3640.173456024555,43.5,6.0,text/html; charset=utf-8,200.0,OK,Indexable,,Analyze Data in Excel - Microsoft Support,41.0,364.0,"Analyze Data in Excel empowers you to understand your data through high-level visual summaries, trends, and patterns. Simply click a cell in a data range, and then click the Analyze Data button on the Home tab. Analyze Data in Excel will analyze your data, and return interesting visuals about it in a task pane.",312.0,1903.0,,0.0,Analyze Data in Excel,21.0,,0.0,Global,6.0,Have a question? We can answer it!,34.0,,,,,,https://support.microsoft.com/en-us/office/analyze-data-in-excel-3223aab8-f543-4fda-85ed-76bb0295ffc4,,,,,,,157903.0,29044.0,1688.0,275.0,0,0,Fairly Easy,0,0.0,2.0,,1.0,1.0,0.0,0,156.0,128.0,0.0,14.0,13.0,0.0,,,,,2f6e522fc4410950db91a975bd4058bd,0,,,,,1.1,https://support.microsoft.com/en-us/office/analyze-data-in-excel-3223aab8-f543-4fda-85ed-76bb0295ffc4,2024-05-17 16:25:28,0.0,0.0,0.0,0.0,,Indexable,,0,0,0,0,0,0,0,0,0
75,data analysis,16,https://www.linkedin.com/learning/topics/data-analysis,1,,,63.0,22.0,58.0,28.0,0.0,0.0,0.0,,,,,,,,,,,text/html; charset=utf-8,200.0,OK,Indexable,,"Data Analysis Online Training Courses | LinkedIn Learning, formerly Lynda.com",77.0,693.0,"Our Data Analysis online training courses from LinkedIn Learning (formerly Lynda.com) provide you with the skills you need, from the fundamentals to advanced tips. Browse our wide selection of Data Analysis classes to find exactly what you’re looking for.",255.0,1580.0,,0.0,Data Analysis Online Training Courses,37.0,"8,570Results for ""Data Analysis""",32.0,Trending courses,16.0,Explore Related Topics,22.0,"noarchive, max-image-preview:large",,,,,https://www.linkedin.com/learning/topics/data-analysis,,,,,,,154326.0,17402.0,941.0,301.0,0,0,Easy,0,0.0,2.0,,1.0,1.0,0.0,0,99.0,98.0,0.0,0.0,0.0,0.0,,,,,1c07ed78c5c112ace6af782a6a805014,0,,,,,1.1,https://www.linkedin.com/learning/topics/data-analysis,2024-05-17 16:25:28,0.0,0.0,0.0,0.0,,Indexable,,0,0,0,0,0,0,0,0,0
76,data analysis,17,https://zapier.com/blog/data-analysis-example/,1,200.0,5439.0,63.0,24.0,51.0,12.0,11.0,73.0,8.0,1872.0,7.0,1998.0,5.0,1289.0,1459.5742669451497,2009.0,5713.937013764206,2026.9999999999995,15.0,text/html; charset=utf-8,200.0,OK,Indexable,,What is data analysis? Examples and how to start | Zapier,57.0,505.0,Data analysis helps a business make informed decisions backed by insights. I'll walk you through data analysis examples to get you started.,139.0,866.0,,0.0,What is data analysis? Examples and how to get started,54.0,,0.0,Zapier Automation Platform,26.0,PRODUCTS,8.0,,,,,,,,,,,,,413521.0,91614.0,2803.0,405.0,0,0,Fairly Hard,0,0.0,2.0,,6.0,1.0,0.0,0,125.0,100.0,0.0,7.0,7.0,0.0,,,,,305f04681a4074703a75137f20e5c20d,0,,,,,1.1,https://zapier.com/blog/data-analysis-example/,2024-05-17 16:25:34,0.0,0.0,0.0,0.0,,Indexable,,0,0,0,0,0,0,0,0,0
77,data analysis,18,https://www.atinternet.com/glossaire/data-analytics/,1,,,,,,1.0,0.0,0.0,0.0,2038.0,3.0,2833.0,5.0,2038.0,1560.8341786700082,2833.0,544.0667388095994,0.0,5.0,text/html; charset=UTF-8,200.0,OK,Indexable,,Qu’est-ce que le data analytics ? Glossaire AT Internet,55.0,473.0,Retrouvez la définition du data analytics en consultant le glossaire d’AT Internet dédié à toutes les définitions et termes fondamentaux de l’analytics.,152.0,918.0,,0.0,Data analytics,14.0,Glossaire,9.0,Data analytics,14.0,Une approche Analytics qui change tout,38.0,"index, follow, max-snippet:-1, max-image-preview:large, max-video-preview:-1",,,,,https://www.atinternet.com/glossaire/data-analytics/,,,,,,,189371.0,21327.0,689.0,184.0,0,0,Normal,0,0.0,2.0,,7.0,1.0,0.0,0,137.0,56.0,0.0,7.0,7.0,0.0,,,,,15beafa67d1f22d60583dba953aec538,0,,,,,1.1,https://www.atinternet.com/glossaire/data-analytics/,2024-05-17 16:25:41,0.0,0.0,0.0,0.0,,Indexable,,0,0,0,0,0,0,0,0,0
78,data analysis,19,https://www.cidj.com/metiers/data-analyst-data-scientist,1,200.0,26.0,85.0,52.0,81.0,110.0,80.0,49.0,19.0,1211.0,2.0,1647.0,2.0,1322.0,1606.8417811604481,1608.0,3689.2291424896503,373.5,2.0,text/html; charset=UTF-8,200.0,OK,Indexable,,"Data analyst / Data scientist : métier, études, diplômes, salaire, formation | CIDJ",83.0,697.0,"Le data analyst et le data scientist sont de hauts responsables de la gestion et de l’analyse de « données massives » (Big data). Ces spécialistes des chiffres, des statistiques et des programmes informatiques traitent les données d'une entreprise pour en extraire les informations susceptibles de l'aider dans sa prise de décisions. A l'inverse du data scientist qui a une vision transverse, le data analyst prend en charge un type de données spécifique.",455.0,2771.0,,0.0,Data analyst / Data scientist,29.0,,0.0,Description métier,18.0,Études / Formation pour devenir Data analyst / Data scientist,61.0,,,,,,https://www.cidj.com/metiers/data-analyst-data-scientist,,,,,,,63024.0,14881.0,1498.0,238.0,0,0,Normal,0,0.0,1.0,,4.0,1.0,0.0,0,77.0,49.0,0.0,30.0,19.0,0.0,,,,,98861d35fcfe6c1689cc388da8b9ad0d,0,,,,,1.1,https://www.cidj.com/metiers/data-analyst-data-scientist,2024-05-17 16:25:41,0.0,0.0,0.0,0.0,,Indexable,,0,0,0,0,0,0,0,0,0
79,data analysis,20,https://www.michaelpage.fr/advice/metiers/digital-marketing-communication/fiche-m%C3%A9tier-data-analyst,1,200.0,152.0,56.0,10.0,45.0,22.0,17.0,143.0,10.0,2633.0,2.0,2890.0,8.0,3548.0,2343.387401954381,3667.0,2769.1113539072526,652.4619172683819,1.0,,,,,,,,,,,,,,,,,,,,,,,,,,,,,,,,,,,,,,0,0,,0,,,,,,,0,,,,,,,,,,,,0,,,,,,,,,,,,,,,0,0,0,0,0,0,0,0,0
80,data envelope analysis,1,https://www.sciencedirect.com/topics/earth-and-planetary-sciences/data-envelopment-analysis,0,,,59.0,9.0,55.0,18.0,0.0,0.0,0.0,,,,,,,,,,,text/html; charset=UTF-8,403.0,Forbidden,Non-Indexable,Client Error,,0.0,0.0,,0.0,0.0,,0.0,,0.0,,0.0,,0.0,,0.0,,,,,,,,,,,,,0.0,0.0,0.0,,0,0,,0,0.0,2.0,,0.0,0.0,0.0,0,0.0,0.0,0.0,0.0,0.0,0.0,,,,,,0,,,,,1.1,https://www.sciencedirect.com/topics/earth-and-planetary-sciences/data-envelopment-analysis,2024-05-17 16:25:13,,,,,,,,0,0,0,0,0,0,0,0,0
81,data envelope analysis,2,https://en.wikipedia.org/wiki/Data_envelopment_analysis,0,,,64.0,18.0,61.0,73.0,0.0,0.0,0.0,1116.0,2.0,1111.0,5.0,883.0,645.4833540831496,913.0,772.8000000000001,1.0,0.0,text/html; charset=UTF-8,200.0,OK,Indexable,,Data envelopment analysis - Wikipedia,37.0,339.0,,0.0,0.0,,0.0,Data envelopment analysis,25.0,,0.0,Contents,8.0,Description[edit],17.0,max-image-preview:standard,,,,,https://en.wikipedia.org/wiki/Data_envelopment_analysis,,,,,,,146859.0,27975.0,2563.0,620.0,0,0,Fairly Easy,0,0.0,1.0,,67.0,2.0,0.0,0,224.0,112.0,0.0,58.0,50.0,0.0,,,,,41c25a13c1511f41ef9bbc45afdfdb3a,0,"Mon, 06 May 2024 07:15:25 GMT",,,,1.1,https://en.wikipedia.org/wiki/Data_envelopment_analysis,2024-05-17 16:25:26,0.0,0.0,0.0,0.0,,Indexable,,0,0,0,0,0,0,0,0,0
82,data envelope analysis,3,https://fr.wikipedia.org/wiki/Analyse_par_enveloppement_des_donn%C3%A9es,0,,,51.0,29.0,46.0,5.0,0.0,0.0,0.0,862.0,2.0,927.0,6.0,862.0,942.0662232986822,927.0,867.6000000000001,7.5,6.0,,,,,,,,,,,,,,,,,,,,,,,,,,,,,,,,,,,,,,0,0,,0,,,,,,,0,,,,,,,,,,,,0,,,,,,,,,,,,,,,0,0,0,0,0,0,0,0,0
83,data envelope analysis,4,https://serval.unil.ch/resource/serval:BIB_2EF374911F7A.P001/REF.pdf,0,200.0,307.0,,,,0.0,0.0,0.0,0.0,,,,,,,,,,,application/pdf,200.0,,Indexable,,Microsoft Word - Huguenin 2013 - Cahier IDHEAP 278 - Version Huguenin.doc,73.0,685.0,,0.0,0.0,,0.0,,0.0,,0.0,,0.0,,0.0,,,,,,,,,,,,,0.0,0.0,0.0,,0,0,,0,0.0,2.0,,0.0,0.0,0.0,0,0.0,0.0,0.0,0.0,0.0,0.0,,,,,,0,"Thu, 17 Nov 2016 03:59:51 GMT",,,,1.1,https://serval.unil.ch/resource/serval:BIB_2EF374911F7A.P001/REF.pdf,2024-05-17 16:25:30,,,,,,,,0,0,0,0,0,0,0,0,0
84,data envelope analysis,5,https://www.sciencedirect.com/topics/computer-science/data-envelopment-analysis,0,,,,,,0.0,0.0,0.0,0.0,,,,,,,,,,,text/html; charset=UTF-8,403.0,Forbidden,Non-Indexable,Client Error,,0.0,0.0,,0.0,0.0,,0.0,,0.0,,0.0,,0.0,,0.0,,,,,,,,,,,,,0.0,0.0,0.0,,0,0,,0,0.0,2.0,,0.0,0.0,0.0,0,0.0,0.0,0.0,0.0,0.0,0.0,,,,,,0,,,,,1.1,https://www.sciencedirect.com/topics/computer-science/data-envelopment-analysis,2024-05-17 16:25:24,,,,,,,,0,0,0,0,0,0,0,0,0
85,data envelope analysis,6,http://people.brunel.ac.uk/~mastjjb/jeb/or/dea.html,0,200.0,328.0,55.0,12.0,46.0,39.0,2.0,5.0,3.0,,,,,,230.0,,230.0,0.0,,text/html; charset=UTF-8,200.0,OK,Indexable,,Data envelopment analysis,25.0,238.0,,0.0,0.0,"data envelopment analysis, teaching notes",41.0,OR-Notes,8.0,,0.0,J E Beasley,11.0,,0.0,,,,,,,,,,,,,39007.0,39007.0,5363.0,811.0,0,0,Fairly Easy,0,0.0,3.0,,0.0,0.0,0.0,0,6.0,6.0,0.0,3.0,3.0,0.0,,,,,55f5bfca09eb45e4903c54eebedb3352,0,"Fri, 23 Nov 2012 08:55:45 GMT",,,,1.1,http://people.brunel.ac.uk/~mastjjb/jeb/or/dea.html,2024-05-17 16:25:21,0.0,0.0,0.0,0.0,,Indexable,,0,0,0,0,0,0,0,0,0
86,data envelope analysis,7,https://www.fao.org/3/y5027e/y5027e0e.htm,0,,,,,,1.0,0.0,0.0,0.0,1800.0,2.0,2249.0,4.0,1800.0,523.7605782551368,2249.0,488.0,0.0,4.0,text/html; charset=iso-8859-1,301.0,Moved Permanently,Non-Indexable,Redirected,,0.0,0.0,,0.0,0.0,,0.0,,0.0,,0.0,,0.0,,0.0,,,,,,,,,,,,,0.0,0.0,0.0,,0,0,,0,0.0,2.0,,0.0,0.0,0.0,0,0.0,0.0,0.0,0.0,0.0,0.0,,,,,,0,,http://www.fao.org/4/y5027e/y5027e0e.htm,HTTP Redirect,,1.1,https://www.fao.org/3/y5027e/y5027e0e.htm,2024-05-17 16:25:35,,,,,,,,0,0,0,0,0,0,0,0,0
87,data envelope analysis,8,https://repositorioaberto.uab.pt/bitstream/10400.2/2799/1/DEA%20Introduction.pdf,0,,,,,,0.0,0.0,0.0,0.0,,,,,,,,,,,application/pdf,200.0,OK,Indexable,,,0.0,0.0,,0.0,0.0,,0.0,,0.0,,0.0,,0.0,,0.0,,,,,,,,,,,,,714701.0,714701.0,0.0,,0,0,,0,0.0,4.0,,0.0,0.0,0.0,0,0.0,0.0,0.0,0.0,0.0,0.0,,,,,,0,"Tue, 04 May 2021 10:34:05 GMT",,,,1.1,https://repositorioaberto.uab.pt/bitstream/10400.2/2799/1/DEA%20Introduction.pdf,2024-05-17 16:25:42,,,,,,,,0,0,0,0,0,0,0,0,0
88,data envelope analysis,9,https://www.researchgate.net/publication/226038831_Data_Envelopment_Analysis_History_Models_and_Interpretations,0,,,56.0,,52.0,3.0,0.0,0.0,0.0,1441.0,4.0,1806.0,7.0,1441.0,2749.7993757156864,1806.0,5070.553459416522,908.5000000000005,7.0,text/html; charset=utf-8,200.0,OK,Indexable,,"(PDF) Data Envelopment Analysis: History, Models, and Interpretations",69.0,620.0,"PDF | In about 30 years, Data Envelopment Analysis (DEA) has grown into a powerful quantitative, analytical tool for measuring and evaluating the... | Find, read and cite all the research you need on ResearchGate",212.0,1301.0,,0.0,"Data Envelopment Analysis: History, Models, and Interpretations",63.0,,0.0,Abstract and Figures,20.0,Citations (746),15.0,noarchive,,,,,https://www.researchgate.net/publication/226038831_Data_Envelopment_Analysis_History_Models_and_Interpretations,,,,,,,1186306.0,207637.0,18514.0,5021.0,0,0,Easy,0,0.0,1.0,,10.0,1.0,0.0,0,170.0,106.0,0.0,1.0,1.0,0.0,,,,,e8363077f9b6f009fcd96aa2f4d2cc7b,0,"Fri, 17 May 2024 14:16:37 GMT",,,,1.1,https://www.researchgate.net/publication/226038831_Data_Envelopment_Analysis_History_Models_and_Interpretations,2024-05-17 16:25:23,0.0,0.0,0.0,0.0,,Indexable,,0,0,0,0,0,0,0,0,0
89,data envelope analysis,10,https://www.pc.gov.au/research/supporting/data-envelopment-analysis/dea.pdf,0,,,,,,0.0,0.0,0.0,0.0,,,,,,,,,,,application/pdf,200.0,OK,Indexable,,Microsoft Word - preliminaries.doc,34.0,305.0,,0.0,0.0,,0.0,,0.0,,0.0,,0.0,,0.0,,,,,,,,,,,,,0.0,0.0,0.0,,0,0,,0,0.0,3.0,,0.0,0.0,0.0,0,0.0,0.0,0.0,0.0,0.0,0.0,,,,,,0,,,,,1.1,https://www.pc.gov.au/research/supporting/data-envelopment-analysis/dea.pdf,2024-05-17 16:25:47,,,,,,,,0,0,0,0,0,0,0,0,0
90,data envelope analysis,11,https://www.wipro.com/analytics/evaluating-relative-efficiency-of-retail-stores-a-data-envelopment-analysis-approach/,1,200.0,1005.0,31.0,9.0,,6.0,1.0,94.0,5.0,1688.0,2.0,2850.0,31.0,1688.0,3181.0382857116933,2850.0,2662.266223426491,44.5,31.0,text/html;charset=utf-8,200.0,OK,Indexable,,Data Envelopement Analysis (DEA) In Retail - Wipro,50.0,450.0,Data Envelopment Analysis (DEA) is a very powerful technique to evaluate the relative efficiency of retail stores with valuable insights for critical decisions,159.0,951.0,"data envelopment analysis, data envelopment analysis in Retail",62.0,,0.0,Evaluating relative efficiency,30.0,About the author,16.0,Related Articles,16.0,,,,,,https://www.wipro.com/analytics/evaluating-relative-efficiency-of-retail-stores-a-data-envelopment-analysis-approach/,,,,,,,82365.0,15394.0,1328.0,214.0,0,0,Hard,0,0.0,2.0,,0.0,0.0,0.0,0,108.0,94.0,0.0,4.0,4.0,0.0,,,,,183117c33ebcdd6c7d7b4d616ee41143,0,,,,,1.1,https://www.wipro.com/analytics/evaluating-relative-efficiency-of-retail-stores-a-data-envelopment-analysis-approach/,2024-05-17 16:25:41,0.0,0.0,0.0,0.0,,Indexable,,0,0,0,0,0,0,0,0,0
91,data envelope analysis,12,https://encyclopedia.pub/entry/7783,1,200.0,217.0,45.0,0.0,,0.0,9.0,32.0,34.0,3302.0,3.0,3565.0,14.0,3302.0,2112.460372518615,3565.0,5118.245994081971,119.5,14.0,text/html; charset=UTF-8,200.0,OK,Indexable,,Data Envelopment Analysis (DEA) | Encyclopedia MDPI,51.0,483.0,"Encyclopedia is a user-generated content hub aiming to provide a comprehensive record for scientific developments. All content free to post, read, share and reuse.",163.0,1011.0,,0.0,Video Upload Options,20.0,Confirm,7.0,Introduction[1],15.0,Methodology[1][7][11],21.0,,,,,,https://encyclopedia.pub/entry/7783,,,,,,,112190.0,28691.0,1598.0,396.0,0,0,Fairly Hard,0,0.0,1.0,,20.0,1.0,0.0,0,82.0,33.0,0.0,42.0,34.0,0.0,,,,,29ee953df50a45eedfbd97db9d95215e,0,,,,,1.1,https://encyclopedia.pub/entry/7783,2024-05-17 16:25:42,0.0,0.0,0.0,0.0,,Indexable,,0,0,0,0,0,0,0,0,0
92,data envelope analysis,13,https://www.e-marketing.fr/Definitions-Glossaire/Analyse-DEA-240493.htm,1,200.0,185.0,39.0,11.0,,0.0,10.0,102.0,17.0,1309.0,5.0,1778.0,21.0,1309.0,2135.176122648052,1778.0,3795.261153465356,1487.4948510321506,21.0,text/html; charset=utf-8,200.0,OK,Indexable,,Analyse DEA - Data - E-marketing.fr,35.0,308.0,Analyse DEA,11.0,79.0,,0.0,Analyse DEA,11.0,,0.0,Contenus sur le même sujet,26.0,Zone de chalandise : un facteur utile dans le marketing ?,57.0,NOARCHIVE,"index,follow","max-snippet:-1, max-image-preview:large, max-video-preview:-1",,,https://www.e-marketing.fr/Definitions-Glossaire/Analyse-DEA-240493.htm,,,,,,,186957.0,45476.0,390.0,101.0,0,0,Fairly Easy,0,0.0,1.0,,2.0,1.0,0.0,0,126.0,104.0,0.0,27.0,17.0,0.0,,,,,92675e62ac3593f6f66e7a83457e2a03,0,,,,,1.1,https://www.e-marketing.fr/Definitions-Glossaire/Analyse-DEA-240493.htm,2024-05-17 16:25:34,0.0,0.0,0.0,0.0,,Indexable,,0,0,0,0,0,0,0,0,0
93,data envelope analysis,14,https://iae.univ-nantes.fr/medias/fichier/6cavaignacvilleseque_1235468644179.pdf?ID_FICHE=316163&INLINE=FALSE,1,,,,,,0.0,0.0,0.0,0.0,,,,,,,,,,,application/unknown,200.0,,Indexable,,,0.0,0.0,,0.0,0.0,,0.0,,0.0,,0.0,,0.0,,0.0,,,,,,,,,,,,,302569.0,302569.0,0.0,,0,0,,0,0.0,2.0,,0.0,0.0,0.0,0,0.0,0.0,0.0,0.0,0.0,0.0,,,,,,0,"Mon, 19 Jun 2017 06:38:28 GMT",,,,1.1,https://iae.univ-nantes.fr/medias/fichier/6cavaignacvilleseque_1235468644179.pdf?ID_FICHE=316163&INLINE=FALSE,2024-05-17 16:25:28,,,,,,,,0,0,0,0,0,0,0,0,0
94,data envelope analysis,15,https://www.amazon.fr/Data-Envelopment-Analysis-Comprehensive-Applications/dp/0387452818,1,,,,,,0.0,0.0,0.0,0.0,,,,,,,,,,,text/html;charset=UTF-8,200.0,OK,Indexable,,"Data Envelopment Analysis: A Comprehensive Text with Models, Applications, References and DEA-Solver Software: A Comprehensive Text with Models, ... and downloadable DEA-Solver Software : Cooper, William W., Seiford, Lawrence M., Tone, Kaoru: Amazon.fr: Livres",260.0,2376.0,"Data Envelopment Analysis: A Comprehensive Text with Models, Applications, References and DEA-Solver Software: A Comprehensive Text with Models, ... and downloadable DEA-Solver Software : Cooper, William W., Seiford, Lawrence M., Tone, Kaoru: Amazon.fr: Livres",260.0,1663.0,,0.0,Suivre l'auteur,15.0,"Data Envelopment Analysis: A Comprehensive Text with Models, Applications, References and DEA-Solver Software: A Comprehensive Text with Models, ... and downloadable DEA-Solver Software Relié – 14 novembre 2006",210.0,Détails sur le produit,22.0,À propos de l'auteur,20.0,,,,,,,,,,,,,1412423.0,275272.0,2613.0,602.0,0,0,Fairly Easy,0,0.0,2.0,,25.0,1.0,0.0,0,176.0,126.0,0.0,28.0,27.0,0.0,,,,,8ebc3f0e8e5b3990884050c0600a4523,0,,,,,1.1,https://www.amazon.fr/Data-Envelopment-Analysis-Comprehensive-Applications/dp/0387452818,2024-05-17 16:25:28,0.0,0.0,0.0,0.0,,Indexable,,0,0,0,0,0,0,0,0,0
95,data envelope analysis,16,https://serval.unil.ch/resource/serval:BIB_0FC432348A97.P001/REF.pdf,1,,,,,,,,,,,,,,,,,,,,application/pdf,200.0,,Indexable,,Microsoft Word - Huguenin 2012 - Cahier IDHEAP 276 - Version Huguenin.doc,73.0,685.0,,0.0,0.0,,0.0,,0.0,,0.0,,0.0,,0.0,,,,,,,,,,,,,0.0,0.0,0.0,,0,0,,0,0.0,2.0,,0.0,0.0,0.0,0,0.0,0.0,0.0,0.0,0.0,0.0,,,,,,0,"Thu, 17 Nov 2016 00:30:44 GMT",,,,1.1,https://serval.unil.ch/resource/serval:BIB_0FC432348A97.P001/REF.pdf,2024-05-17 16:25:40,,,,,,,,0,0,0,0,0,0,0,0,0
96,data envelope analysis,17,https://banxia.com/frontier/resources/how-data-envelopment-analysis-works/,1,200.0,196.0,60.0,18.0,,3.0,32.0,34.0,1.0,1550.0,,1770.0,2.0,1550.0,516.0219380839744,1770.0,479.3,0.0,2.0,text/html; charset=UTF-8,200.0,OK,Indexable,,How Data Envelopment Analysis works | Frontier Analyst,54.0,499.0,,0.0,0.0,,0.0,How Data Envelopment Analysis works,35.0,,0.0,,0.0,,0.0,max-image-preview:large,,,,,https://banxia.com/frontier/resources/how-data-envelopment-analysis-works/,,,,,,,51091.0,16308.0,3799.0,543.0,0,0,Fairly Easy,0,0.0,3.0,,1.0,1.0,0.0,0,40.0,34.0,0.0,0.0,0.0,0.0,,,,,fa460f5eb4ca54a6aa9c28c2df71e7fc,0,,,,,1.1,https://banxia.com/frontier/resources/how-data-envelopment-analysis-works/,2024-05-17 16:25:46,0.0,0.0,0.0,0.0,,Indexable,,0,0,0,0,0,0,0,0,0
97,data envelope analysis,18,https://www.wallstreetmojo.com/data-envelopment-analysis/,1,200.0,681.0,58.0,17.0,,0.0,5.0,44.0,11.0,1573.0,8.0,1851.0,13.0,1573.0,1756.3474132146735,1851.0,4048.1258381763337,293.4999999999998,13.0,text/html; charset=UTF-8,200.0,OK,Indexable,,"Data Envelopment Analysis - What Is It, Examples, Applications",62.0,553.0,"Guide to what is Data Envelopment Analysis. We explain its examples, applications, advantages, disadvantages, how to calculate it, & process.",141.0,877.0,,0.0,Data Envelopment Analysis,25.0,,0.0,What Is Data Envelopment Analysis?,34.0,Reader Interactions,19.0,"index, follow, max-image-preview:large, max-snippet:-1, max-video-preview:-1",,,,,https://www.wallstreetmojo.com/data-envelopment-analysis/,,,,,,,272755.0,73056.0,2566.0,479.0,0,0,Hard,0,0.0,1.0,,18.0,1.0,0.0,0,68.0,35.0,0.0,11.0,10.0,0.0,,,,,18d1d70b48aaa46c42f70fbeb6d4d892,0,"Thu, 16 May 2024 13:16:27 GMT",,,,1.1,https://www.wallstreetmojo.com/data-envelopment-analysis/,2024-05-17 16:25:40,0.0,0.0,0.0,0.0,,Indexable,,0,0,0,0,0,0,0,0,0
98,data envelope analysis,19,https://onlineoutput.com/dea-software/,1,200.0,90.0,58.0,2.0,,0.0,156.0,40.0,21.0,3471.0,,4039.0,1.0,3471.0,1497.5239316383636,4039.0,1623.0699186805575,18.5,1.0,text/html; charset=UTF-8,200.0,OK,Indexable,,Data Envelopment Analysis Software (DEA Software) | OnlineOutput.com,68.0,643.0,Working with data envelopment analysis software is very simple. output report of dea solver presents all steps of dea method in excel and word,142.0,886.0,,0.0,,0.0,,0.0,Why choose DEA Online Software?,31.0,DEA Software Output Report:,27.0,"index, follow, max-image-preview:large, max-snippet:-1, max-video-preview:-1",,,,,https://onlineoutput.com/dea-software/,,,,,,,209463.0,34567.0,798.0,164.0,0,0,Fairly Easy,0,0.0,1.0,,3.0,1.0,0.0,0,80.0,58.0,0.0,3.0,3.0,0.0,,,,,af09e562bba5223f8c23e847b4adedaa,0,"Fri, 17 May 2024 05:41:15 GMT",,,,1.1,https://onlineoutput.com/dea-software/,2024-05-17 16:25:39,0.0,0.0,0.0,0.0,,Indexable,,0,0,0,0,0,0,0,0,0
99,data envelope analysis,20,https://iopscience.iop.org/article/10.1088/1757-899X/300/1/012008/pdf,1,,,,,,0.0,0.0,0.0,0.0,,,,,,,,,,,application/pdf;charset=UTF-8,200.0,,Indexable,,JPCSLaTeXGuidelines.dvi,23.0,230.0,,0.0,0.0,,0.0,,0.0,,0.0,,0.0,,0.0,,,,,,,,,,,,,0.0,0.0,0.0,,0,0,,0,0.0,6.0,,0.0,0.0,0.0,0,0.0,0.0,0.0,0.0,0.0,0.0,,,,,,0,,,,,1.1,https://iopscience.iop.org/article/10.1088/1757-899X/300/1/012008/pdf,2024-05-17 16:25:42,,,,,,,,0,0,0,0,0,0,0,0,0
