,Keyword,Position,Url,Top10,HTTP code BABBAR,TTFB (en ms) BABBAR,Page Value BABBAR,Page Trust BABBAR,Semantic Value BABBAR,Backlinks BABBAR,Backlinks host BABBAR,Host Outlinks BABBAR,Outlinks BABBAR,Score_1fr,Desktop First Contentful Paint Terrain,Desktop First Input Delay Terain,Desktop Largest Contentful Paint Terrain,Desktop Cumulative Layout Shift Terrain,Desktop First Contentful Paint Lab,Desktop Speed Index Lab,Desktop Largest Contentful Paint Lab,Desktop Time to Interactive Lab,Desktop Total Blocking Time Lab,Desktop Cumulative Layout Shift Lab,Content Type,Status Code,Status,Indexability_x,Indexability Status_x,Title 1,Title 1 Length,Title 1 Pixel Width,Meta Description 1,Meta Description 1 Length,Meta Description 1 Pixel Width,Meta Keywords 1,Meta Keywords 1 Length,H1-1,H1-1 Length,H1-2,H1-2 Length,H2-1,H2-1 Length,H2-2,H2-2 Length,Meta Robots 1,X-Robots-Tag 1,Meta Refresh 1,Canonical Link Element 1,"rel=""next"" 1","rel=""prev"" 1","HTTP rel=""next"" 1","HTTP rel=""prev"" 1",amphtml Link Element,Size (bytes),Transferred (bytes),Word Count,Sentence Count,Average Words Per Sentence,Flesch Reading Ease Score,Readability,Text Ratio,Crawl Depth,Folder Depth,Link Score,Inlinks,Unique Inlinks,Unique JS Inlinks,% of Total,Outlinks,Unique Outlinks,Unique JS Outlinks,External Outlinks,Unique External Outlinks,Unique External JS Outlinks,Closest Similarity Match,No. Near Duplicates,Spelling Errors,Grammar Errors,Hash,Response Time,Last Modified,Redirect URL,Redirect Type,Cookies,HTTP Version,URL Encoded Address,Crawl Timestamp,Errors,Warnings,Total Types,Unique Types,Type-1,Indexability_y,Indexability Status_y,Title 1 score,Meta Description 1 score,Meta Keywords 1 score,H1-1 score,H1-2 score,H2-1 score,H2-2 score,Meta Robots 1 score,Url score
0,Hotel,1,https://fr.hotels.com/,0,200.0,606.0,81.0,59.0,70.0,2234.0,23438.0,125.0,66.0,,2797.0,63.0,3346.0,1.0,2222.0,2901.2651395899875,3398.0,6093.807583354958,1995.2953025852207,5.0,text/html; charset=utf-8,200.0,OK,Indexable,,"Hotels.com - Promotions et réductions sur vos réservations d’hôtels, du luxe à l’économique",91.0,811.0,"Hotels.com FRANCE - Réservez des chambres dans des hôtels de luxe ou des hôtels pour les budgets limités. Lisez les avis impartiaux des voyageurs, situez les hôtels sur le plan et regardez les photos de qualité. Réservez votre chambre d’hôtel des aujourd’hui et faites des économies avec notre Garantie de prix.",311.0,1929.0,,0.0,Où voulez-vous partir ?,23.0,,0.0,Les membres connectés économisent 10 % minimum sur plus de 100 000 hôtels dans le monde.,88.0,Trouvez et réservez le séjour idéal Trouvez et réservez le séjour idéal Détails importants,90.0,,,,https://fr.hotels.com/,,,,,,2066666.0,265827.0,3117.0,801.0,0,0,Very Easy,0,0.0,0.0,,5.0,2.0,0.0,0,211.0,189.0,0.0,8.0,8.0,0.0,,,,,2d59ca7ea35416d9f6b90a76c80e6d0e,0,,,,,1.1,https://fr.hotels.com/,2024-05-16 15:53:16,0.0,0.0,0.0,0.0,,Indexable,,0,0,0,0,0,0,0,0,0
1,Hotel,2,https://www.booking.com/index.fr.html,0,200.0,2688.0,88.0,76.0,86.0,70912.0,7734.0,230.0,32.0,52.0,2884.0,12.0,3446.0,2.0,3766.0,2357.652137950935,3960.0,6291.591181000716,531.9999999999995,5.0,text/html; charset=UTF-8,200.0,OK,Indexable,,"Booking.com | Site officiel | Hôtels, vols, voitures de location et hébergements",80.0,684.0,"Avec Booking.com, économisez sur les hôtels, maisons, vols, voitures de location, taxis et attractions. Des voyages parfaits pour tous les budgets.",147.0,905.0,"hébergement, logement, Hôtel, Hôtels, Offres spéciales, promotions, offres week-ends, Prix compétitifs, réductions, prix bon marché",131.0,Trouvez votre prochain séjour,29.0,,0.0,Profitez de réductions immédiates,33.0,Trouvez des idées pour votre prochain voyage Plus,49.0,"index,follow",,,https://www.booking.com/index.fr.html,,,,,,544260.0,162038.0,812.0,165.0,0,0,Fairly Easy,0,0.0,0.0,,17.0,4.0,0.0,0,209.0,196.0,0.0,3.0,3.0,0.0,,,,,df1ad8777023ba86d293e033766c142a,0,,,,,1.1,https://www.booking.com/index.fr.html,2024-05-16 15:53:12,0.0,0.0,0.0,0.0,,Indexable,,0,0,0,0,0,0,0,0,0
2,Hotel,3,https://www.trivago.fr/,0,200.0,507.0,83.0,46.0,73.0,3214.0,44780.0,306.0,75.0,38.0,1491.0,4.0,1656.0,19.0,1586.0,2666.6810838090446,3185.0,2339.7566681527783,669.5000000000007,12.0,text/html; charset=utf-8,200.0,OK,Indexable,,trivago.fr - Comparez les prix des hôtels et des hébergements dans le monde entier,82.0,731.0,"Comparez les prix, photos et avis de millions d´hôtels et d´hébergements et trouvez votre offre idéale. Gagnez du temps et de l´argent grâce à notre comparateur trivago.fr",171.0,1051.0,,0.0,Nous comparons les prix d’hôtels de centaines de sites,54.0,,0.0,"Nous recherchons, vous économisez.",34.0,Nos partenaires,15.0,,,,https://www.trivago.fr/,,,,,,382508.0,70894.0,1896.0,547.0,0,0,Very Easy,0,0.0,0.0,,3.0,2.0,0.0,0,320.0,307.0,0.0,65.0,65.0,0.0,,,,,36a3bb6e75172a9e60c5020dd5ce0192,0,,,,,1.1,https://www.trivago.fr/,2024-05-16 15:53:14,0.0,0.0,0.0,0.0,,Indexable,,0,0,0,0,0,0,0,0,0
3,Hotel,4,https://www.expedia.fr/Hotels,0,200.0,1737.0,86.0,44.0,74.0,3240.0,126711.0,128.0,51.0,21.0,2687.0,19.0,5147.0,21.0,2344.0,4080.0776459258386,4014.0,5464.1369226825445,2536.5991603081966,8.0,text/html; charset=utf-8,200.0,OK,Indexable,,Offres Hôtels Expedia.fr: Réservation de votre hôtel pas cher,61.0,531.0,"Découvrez nos meilleures offres, promos & réductions sur des milliers d'hôtels, du luxe à l’économique. Annulation gratuite sur la plupart des hôtels.",150.0,917.0,,0.0,,0.0,,0.0,Les membres connectés économisent 10 % minimum sur plus de 100 000 hôtels dans le monde.,88.0,Idées pour votre prochain voyage,32.0,"index,follow",,,https://www.expedia.fr/Hotels,,,,,,1565354.0,251679.0,1326.0,239.0,0,0,Fairly Easy,0,0.0,0.0,,5.0,2.0,0.0,0,141.0,127.0,0.0,8.0,7.0,0.0,,,,,1d0a068730b5f1fde1c02b32a0dad4bf,0,,,,,1.1,https://www.expedia.fr/Hotels,2024-05-16 15:52:56,0.0,0.0,0.0,0.0,,Indexable,,0,0,0,0,0,0,0,0,0
4,Hotel,5,https://www.premiereclasse.com/fr-fr/,0,200.0,46.0,81.0,45.0,73.0,1368.0,1225.0,66.0,12.0,,1989.0,23.0,2300.0,6.0,1951.0,2772.95460727325,3475.0,5222.768145851143,1551.999999999999,6.0,text/html; charset=utf-8,200.0,OK,Indexable,,Réservez un hôtel pas cher dans plus de 200 villes | Première Classe,68.0,601.0,"En France et en Europe, il y a 260 hôtels Première Classe toujours là pour vous accueillir. Profitez de multiples avantages : wifi gratuit, salles de bains privatives, petit-déjeuner à volonté et des chambres à prix unique que vous soyez 1, 2, ou 3 personnes !",260.0,1557.0,,0.0,Trouvez votre hôtel idéal,25.0,,0.0,Réservez dès à présent dans nos hôtels pas chers Première Classe,64.0,Besoin d'inspiration ?,22.0,,,,https://www.premiereclasse.com/fr-fr/,,,,,,663391.0,127359.0,986.0,168.0,0,0,Easy,0,0.0,1.0,,4.0,2.0,0.0,0,144.0,69.0,0.0,11.0,11.0,0.0,,,,,6e801905ee24748e5063bd7a480ecdd3,0,,,,,1.1,https://www.premiereclasse.com/fr-fr/,2024-05-16 15:53:04,0.0,0.0,0.0,0.0,,Indexable,,0,0,0,0,0,0,0,0,0
5,Hotel,6,https://www.hotel-bb.com/fr,0,403.0,12.0,81.0,64.0,78.0,15114.0,182.0,0.0,0.0,18.0,1540.0,14.0,1864.0,13.0,1847.0,2548.796158446772,2270.0,3665.2891754457196,582.0,19.0,text/html; charset=UTF-8,200.0,OK,Indexable,,B&B HOTELS : réservez un hôtel en France et en Europe | Site web officiel,73.0,646.0,Réservez votre hôtel dès maintenant sur notre site et profitez des meilleurs prix B&B HOTELS en France et en Europe avec nos promotions exclusives !,148.0,927.0,,0.0,,0.0,,0.0,Services,8.0,,0.0,"index, follow",,,https://www.hotel-bb.com/fr,,,,,,176839.0,28891.0,1819.0,519.0,0,0,Very Easy,0,0.0,0.0,,104.0,2.0,0.0,0,392.0,229.0,0.0,11.0,10.0,0.0,,,,,722e53104504ee6b134f96a3babd7e3,0,"Thu, 16 May 2024 12:58:39 GMT",,,,1.1,https://www.hotel-bb.com/fr,2024-05-16 15:52:59,0.0,0.0,0.0,0.0,,Indexable,,0,0,0,0,0,0,0,0,0
6,Hotel,7,https://fr.wikipedia.org/wiki/H%C3%B4tel,0,,,71.0,67.0,66.0,582.0,27.0,0.0,0.0,76.0,930.0,,868.0,6.0,862.0,1076.8071462754197,927.0,368.6,0.0,6.0,,,,,,,,,,,,,,,,,,,,,,,,,,,,,,,,,,,0,0,,0,,,,,,,0,,,,,,,,,,,,0,,,,,,,,,,,,,,,0,0,0,0,0,0,0,0,0
7,Hotel,8,https://www.logishotels.com/fr/,0,403.0,19.0,84.0,47.0,80.0,90423.0,176.0,0.0,0.0,69.0,1471.0,3.0,1587.0,3.0,2289.0,1219.8105385291483,2677.0,2789.180033600517,477.9999999999999,13.0,text/html; charset=utf-8,200.0,OK,Indexable,,Hôtels et restaurants en France et à l'étranger - LOGIS HÔTELS,62.0,551.0,"Votre hôtel en France et dans le monde : 2000 hôtels et restaurants LOGIS, 1ère chaîne volontaire de restaurateurs / hôteliers indépendants en Europe",149.0,927.0,,0.0,Joignez le local à l'agréable !,31.0,,0.0,,0.0,Pourquoi réserver sur notre site ?,34.0,,,,https://www.logishotels.com/fr/,,,,,,159466.0,34334.0,1304.0,209.0,0,0,Fairly Easy,0,0.0,1.0,,1.0,1.0,0.0,0,223.0,95.0,0.0,9.0,9.0,0.0,,,,,29907c97187b27ec80c4b51a312a1b6a,0,"Thu, 16 May 2024 13:53:17 GMT",,,,1.1,https://www.logishotels.com/fr/,2024-05-16 15:53:17,0.0,0.0,0.0,0.0,,Indexable,,0,0,0,0,0,0,0,0,0
8,Hotel,9,https://www.booking.com/city/fr/paris.fr.html,0,200.0,1250.0,69.0,60.0,55.0,131.0,430.0,160.0,27.0,97.8,2585.0,5.0,2872.0,1.0,3766.0,2022.6715170098282,3960.0,4850.811191435227,977.4240860922869,5.0,text/html; charset=UTF-8,200.0,OK,Indexable,,Les 10 meilleurs hôtels à Paris (à partir de € 65),50.0,418.0,"Des réductions incroyables sur des hôtels à: Paris, France. Bonne disponibilité et tarifs exceptionnels. Consultez les commentaires et choisissez la meilleure offre pour votre séjour.",183.0,1113.0,"Hôtel, Hôtels, Paris, hébergement, logement, Offres spéciales, promotions, offres week-ends Paris France, Prix compétitifs, réductions, prix bon marché",151.0,Recherchez des hôtels à Paris,29.0,,0.0,Indiquez vos dates afin de voir nos derniers tarifs et nos offres pour des hôtels à Paris,89.0,Les hôtels les plus réservés à Paris le mois dernier,52.0,"index,follow",,,https://www.booking.com/city/fr/paris.fr.html,,,,,,999779.0,218684.0,5604.0,1205.0,0,0,Very Easy,0,0.0,2.0,,8.0,2.0,0.0,0,208.0,143.0,0.0,3.0,3.0,0.0,,,,,9fd5d5404dfbd6c000e1afaf7d105b5b,0,,,,,1.1,https://www.booking.com/city/fr/paris.fr.html,2024-05-16 15:52:52,0.0,0.0,0.0,0.0,,Indexable,,0,0,0,0,0,0,0,0,0
9,Hotel,10,https://www.fr.lastminute.com/hotel/,0,200.0,1052.0,84.0,23.0,73.0,2643.0,56546.0,77.0,11.0,37.0,593.0,6.0,956.0,1.0,1032.0,1452.7537774422515,1813.0,2973.016392960342,323.50000000000034,10.0,text/html; charset=UTF-8,403.0,Forbidden,Non-Indexable,Client Error,,0.0,0.0,,0.0,0.0,,0.0,,0.0,,0.0,,0.0,,0.0,,,,,,,,,,0.0,0.0,0.0,,0,0,,0,0.0,1.0,,0.0,0.0,0.0,0,0.0,0.0,0.0,0.0,0.0,0.0,,,,,,0,,,,,1.1,https://www.fr.lastminute.com/hotel/,2024-05-16 15:53:01,,,,,,,,0,0,0,0,0,0,0,0,0
10,Hotel,11,https://www.skyscanner.fr/hotels,1,307.0,86.0,64.0,10.0,57.0,43.0,245.0,1.0,0.0,,1447.0,3.0,1818.0,0.0,702.0,1500.8096498371783,1811.0,2175.1885351387805,103.5,62.0,text/html; charset=utf-8,200.0,OK,Indexable,,Offres d'hôtels à petit prix | Comparez et réservez avec Skyscanner,67.0,587.0,"Vous cherchez un logement pas cher ? Lancez une recherche gratuite avec Skycanner Hôtels et réservez vite un hôtel, un appartement ou une auberge de jeunesse.",158.0,1011.0,,0.0,Trouvez l'hôtel de vos rêves dès aujourd'hui,44.0,,0.0,Économisez sur votre prochaine réservation d'hôtel,50.0,Comparez les hôtels de vos enseignes préférées,46.0,,,,https://www.skyscanner.fr/hotels,,,,,,392736.0,69451.0,1142.0,264.0,0,0,Easy,0,0.0,0.0,,2.0,1.0,0.0,0,89.0,66.0,0.0,30.0,29.0,0.0,,,,,14e56fbbed1d7eb2552e3a00457f1a0,0,,,,,1.1,https://www.skyscanner.fr/hotels,2024-05-16 15:53:20,0.0,0.0,0.0,0.0,,Indexable,,0,0,0,0,0,0,0,0,0
11,Hotel,12,https://www.kayak.fr/hotels,1,200.0,220.0,86.0,60.0,83.0,110266.0,98024.0,246.0,63.0,71.0,1177.0,4.0,1650.0,3.0,1389.0,2057.0903033517216,2351.0,1820.1109800616664,427.9647772955409,12.0,text/html;charset=UTF-8,200.0,OK,Indexable,,Hôtels : Comparaison et réservation d'hôtels pas chers | KAYAK,62.0,559.0,KAYAK effectue ses recherches sur des centaines de sites de voyage pour que vous puissiez trouver l'hôtel idéal au meilleur prix. Consultez des millions d'avis certifiés sur les hôtels du monde entier.,201.0,1229.0,,0.0,Trouvez et comparez des offres d’hôtels,39.0,,0.0,Cherchez sur des centaines de sites de voyage à la fois et trouvez des offres d'hôtels,86.0,Trouvez un hôtel au meilleur prix dans l’une de ces destinations,64.0,"index,follow",,,https://www.kayak.fr/hotels,,,,,,387744.0,72004.0,3357.0,539.0,0,0,Very Easy,0,0.0,0.0,,14.0,2.0,0.0,0,265.0,250.0,0.0,87.0,59.0,0.0,,,,,c121486e7ed787702c761d0a7a0f8af8,0,,,,,1.1,https://www.kayak.fr/hotels,2024-05-16 15:52:56,0.0,0.0,0.0,0.0,,Indexable,,0,0,0,0,0,0,0,0,0
12,Hotel,13,https://www.hotelaparis.com/,1,200.0,20.0,77.0,44.0,65.0,332.0,7772.0,37.0,2.0,36.0,963.0,2.0,1362.0,0.0,838.0,829.650667609597,1092.0,1642.4407550275653,3.0000000000001137,17.0,text/html; charset=utf-8,200.0,OK,Indexable,,Le top des hôtels à Paris au meilleur prix dès 19€ | Hotelaparis.com,68.0,591.0,"Hôtel à Paris : recherche et réservation d’un hôtel à Paris. Choix de plus de 1890 hôtels du 1 au 5 étoiles, hôtel de chaîne, hôtel de charme ou Palace parisien. Description, photos, prix de chaque hôtel sont proposés. Paiement securisé et confirmation immédiate, pour la réservation d’hôtel à Paris",299.0,1819.0,,0.0,"Bienvenue sur Hôtel à ParisLe meilleur site pour trouver, comparer et réserver un hôtel à Paris",95.0,,0.0,Hôtel à Paris,13.0,"Le meilleur site pour trouver, comparer et réserver un hôtel à Paris",68.0,,,,https://www.hotelaparis.com/,,,,,,69437.0,22528.0,458.0,89.0,0,0,Very Easy,0,0.0,0.0,,3.0,2.0,0.0,0,55.0,39.0,0.0,4.0,2.0,0.0,,,,,2a5e399ee79868661c0babf596e4ae9e,0,"Thu, 16 May 2024 02:59:24 GMT",,,,1.1,https://www.hotelaparis.com/,2024-05-16 15:53:19,0.0,0.0,0.0,0.0,,Indexable,,0,0,0,0,0,0,0,0,0
13,Hotel,14,https://www.hotel-lechateaufort.fr/,1,,,,,,1.0,0.0,0.0,0.0,10.0,1612.0,4.0,3463.0,2.0,1269.0,2858.1777659040044,1942.0,5192.379884635508,365.5,1.0,text/html; charset=UTF-8,200.0,OK,Indexable,,Hotel Chateau Fort Sedan,24.0,228.0,Réservez pour un Séjour Inoubliable au Cœur de l’Histoire des Princes de Sedan ! L’établissement est accessible aux personnes à mobilité réduite,144.0,897.0,,0.0,,0.0,,0.0,Nos offres spéciales,20.0,,0.0,"index, follow, max-image-preview:large, max-snippet:-1, max-video-preview:-1",,,https://www.hotel-lechateaufort.fr/,,,,,,83017.0,17477.0,376.0,97.0,0,0,Easy,0,0.0,0.0,,5.0,1.0,0.0,0,68.0,23.0,0.0,6.0,4.0,0.0,,,,,adc457e55e05955144b8b430d427c04,0,,,,,1.1,https://www.hotel-lechateaufort.fr/,2024-05-16 15:53:03,0.0,0.0,0.0,0.0,,Indexable,,0,0,0,0,0,0,0,0,0
14,Hotel,15,https://www.bestwestern.fr/,1,200.0,214.0,87.0,56.0,85.0,47921.0,19633.0,32.0,18.0,57.0,1372.0,13.0,1727.0,6.0,1190.0,1779.4120223197267,1467.0,4077.737703048866,383.0000000000002,8.0,text/html;charset=UTF-8,200.0,OK,Indexable,,Réservation hôtel en ligne - Best Western,41.0,361.0,Séjour en famille ou d'affaires ? En ville ou en bord de mer ? Réservez votre chambre d'hôtel Best Western dans l'un de nos 4000 hôtels dans le monde.,150.0,930.0,"hotel, hotels, hotel best western, hotels best western, hotel 3 etoiles, hotel 4 etoiles, hotel 5 etoiles, hotels 3 etoiles, hotels 4 etoiles, hotel bestwestern, hotels bestwestern",180.0,VOTRE ÉTÉ Soleil,16.0,,0.0,Pourquoi réserver en direct sur notre site ?,44.0,Pourquoi réserver en direct sur notre site ?,44.0,"index,follow",,,,,,,,,167210.0,30620.0,1221.0,264.0,0,0,Fairly Easy,0,0.0,0.0,,5.0,2.0,0.0,0,58.0,43.0,0.0,16.0,13.0,0.0,,,,,3f7d2dec0f27db4d912f645784a1b046,0,"Thu, 16 May 2024 13:52:51 GMT",,,,1.1,https://www.bestwestern.fr/,2024-05-16 15:53:01,0.0,0.0,0.0,0.0,,Indexable,,0,0,0,0,0,0,0,0,0
15,Hotel,16,https://www.contact-hotel.com/recherche-hotel-dans-regions-france.htm,1,200.0,1495.0,74.0,35.0,61.0,52.0,21823.0,34.0,5.0,45.0,6718.0,2.0,6766.0,1.0,3002.0,5920.33173665986,3346.0,1560.019158260146,33.0,2.0,text/html; charset=utf-8,200.0,OK,Indexable,,Chercher un Hôtel - Contact Hôtel,33.0,298.0,Rechercher un hôtel,19.0,125.0,,0.0,Chercher parmi nos hôtels en France,35.0,,0.0,Recherche par destination,25.0,Recherche sur la carte,22.0,,,,,,,,,,166831.0,27673.0,460.0,146.0,0,0,Very Easy,0,0.0,0.0,,5.0,1.0,0.0,0,64.0,35.0,0.0,5.0,5.0,0.0,,,,,3e3f892a43e62e933368dfaea2762552,0,,,,,1.1,https://www.contact-hotel.com/recherche-hotel-dans-regions-france.htm,2024-05-16 15:53:12,0.0,0.0,0.0,0.0,,Indexable,,0,0,0,0,0,0,0,0,0
16,Hotel,17,https://www.campanile.com/fr-fr/,1,200.0,61.0,82.0,57.0,72.0,2194.0,1247.0,109.0,12.0,,1927.0,5.0,2400.0,11.0,2222.0,2962.7711338544277,3420.0,5923.911826054091,2519.500000000002,4.0,text/html; charset=utf-8,200.0,OK,Indexable,,Campanile | Réservez dans plus de 380 hôtels restaurants,56.0,510.0,"Dans les hôtels Campanile, chaque occasion et chaque lieu sont autant d’opportunités de vivre et partager de bons moments entre collègues, amis ou en famille. Campanile, une chaîne hôtelière 3-étoiles reconnue avec un réseau de plus de 400 hôtels dans plus de 13 pays, offre des lieux de vie à l’atmosphère conviviale.",318.0,1977.0,,0.0,Réservez votre chambre dans votre hôtel restaurant Campanile,60.0,,0.0,Réservez dès maintenant dans nos hôtels restaurants Campanile,61.0,Offres spéciales,16.0,,,,https://www.campanile.com/fr-fr/,,,,,,656786.0,126719.0,1053.0,184.0,0,0,Fairly Easy,0,0.0,1.0,,4.0,2.0,0.0,0,174.0,111.0,0.0,12.0,12.0,0.0,,,,,96d687dabe585d2b26929a34aee17940,0,,,,,1.1,https://www.campanile.com/fr-fr/,2024-05-16 15:53:15,0.0,0.0,0.0,0.0,,Indexable,,0,0,0,0,0,0,0,0,0
17,Hotel,18,https://hotel.cdiscount.com/,1,,,60.0,1.0,55.0,65.0,0.0,0.0,0.0,,3392.0,3.0,5042.0,0.0,3283.0,4000.7195708218046,6610.0,3693.695005198555,1358.244459098652,18.0,text/html; charset=utf-8,200.0,OK,Indexable,,Hôtel pas cher – Cdiscount Voyages,34.0,322.0,"Pour vos vacances dans un hôtel pas cher en France ou à l’étranger, découvrez toute l’offre d’hébergement de Cdiscount Voyages !",128.0,808.0,,0.0,TOUS LES HÔTELS AU MEILLEUR PRIXRÉSERVEZ VOTRE HÔTEL,52.0,,0.0,PROMOS VOLSLes offres du moment,31.0,PROMOS HOTELSLES OFFRES DU MOMENT,33.0,,,,,,,,,,110292.0,20523.0,525.0,84.0,0,0,Fairly Easy,0,0.0,0.0,,7.0,1.0,0.0,0,184.0,88.0,0.0,8.0,4.0,0.0,,,,,ba18598487250c2d5dd3040be501c91f,0,,,,,1.1,https://hotel.cdiscount.com/,2024-05-16 15:52:52,0.0,0.0,0.0,0.0,,Indexable,,0,0,0,0,0,0,0,0,0
18,Hotel,19,https://www.kyriad.com/fr-fr/,1,200.0,44.0,81.0,58.0,72.0,2542.0,834.0,88.0,11.0,,1746.0,5.0,1977.0,6.0,1920.0,4787.708766529268,3650.0,5417.392733250895,2222.809580745582,5.0,text/html; charset=utf-8,200.0,OK,Indexable,,"Kyriad | Réservation d'hôtels 2, 3 et 4 étoiles",47.0,385.0,"Avec un réseau de plus de 260 hôtels 3 étoiles en France et dans le monde, Kyriad vous invite à découvrir le plaisir du voyage. Grâce à un accueil chaleureux de la part de nos hôteliers, de décors uniques à chaque hôtel, et de petites attentions sur le thème du voyage, vous êtes sûrs de vivre un séjour relaxant et inspirant.Réservez votre chambre KyriadEn réservant chez nous vous pourrez vous détendre dans nos chambres confortables, avant de vous endormir profondément grâce à nos oreillers à mémoire de forme. Sur nos plateaux de courtoisie, vous découvrirez une spécialité de la région. Pour bien commencer la journée, vous pourrez vous régaler grâce à un buffet petit-déjeuner complet ou goûter à notre délicieux Frozen Yoghurt et nos toppings du monde. Le WIFI est accessible dans l'ensemble des locaux de nos hôtels. Selon l’établissement que vous aurez choisi de réserver, vous pourrez profiter du restaurant, du sauna, de la bibliothèque de voyage ou de la salle de remise en forme. Vous venez en voiture ? De nombreux établissements Kyriad, en centre-ville ou en périphérie, possèdent leur propre parking mis à la disposition des clients.De plus, vous pouvez consulter notre nouvelle gamme d’hôtels Kyriad Direct 2 étoiles pour réserver un séjour confortable à des prix abordables.",1293.0,8007.0,,0.0,Réservez votre chambre d'hôtel avec Kyriad,42.0,,0.0,Réservez dès à présent dans nos hôtels Kyriad,45.0,Offres spéciales,16.0,,,,https://www.kyriad.com/fr-fr/,,,,,,658943.0,127129.0,908.0,159.0,0,0,Fairly Easy,0,0.0,1.0,,4.0,2.0,0.0,0,141.0,91.0,0.0,11.0,11.0,0.0,,,,,847ca2f1901ec373e70909a87f1fad5a,0,,,,,1.1,https://www.kyriad.com/fr-fr/,2024-05-16 15:52:52,0.0,0.0,0.0,0.0,,Indexable,,0,0,0,0,0,0,0,0,0
19,Hotel,20,https://voyages.carrefour.fr/accueil/hotel,1,,,73.0,37.0,56.0,7.0,12804.0,0.0,0.0,37.0,464.0,8.0,977.0,9.0,573.0,882.9067835001817,1058.0,1857.0620623296847,121.99999999999989,22.0,text/html; charset=UTF-8,403.0,Forbidden,Non-Indexable,Client Error,,0.0,0.0,,0.0,0.0,,0.0,,0.0,,0.0,,0.0,,0.0,,,,,,,,,,0.0,0.0,0.0,,0,0,,0,0.0,1.0,,0.0,0.0,0.0,0,0.0,0.0,0.0,0.0,0.0,0.0,,,,,,0,,,,,1.1,https://voyages.carrefour.fr/accueil/hotel,2024-05-16 15:53:19,,,,,,,,0,0,0,0,0,0,0,0,0
20,accor hotel,1,https://all.accor.com/a/fr.html,0,,,72.0,51.0,50.0,18.0,1198.0,0.0,0.0,,1912.0,11.0,3389.0,11.0,1991.0,3180.0036451012556,2823.0,4275.179003813751,576.4999999999995,10.0,text/html;charset=utf-8,200.0,OK,Indexable,,ALL – Accor Live Limitless,26.0,235.0,"Le programme de fidélité ALL - Accor Live Limitless vous récompense chaque jour. Réservez un hôtel, choisissez une expérience et consultez les offres de nos partenaires. ",170.0,1057.0,,0.0,"Bienvenue chez ALL, réservez au meilleur prix",45.0,,0.0,Ces offres pourraient vous plaire,33.0,Créez votre séjour avec ALL,27.0,,,,https://all.accor.com/a/fr.html,,,,,,547495.0,149587.0,277.0,76.0,0,0,Easy,0,0.0,1.0,,6.0,4.0,0.0,0,150.0,127.0,0.0,24.0,18.0,0.0,,,,,e8cadeb3bfda0325d6a3c2b3d10f0cbe,0,"Thu, 16 May 2024 13:52:25 GMT",,,,1.1,https://all.accor.com/a/fr.html,2024-05-16 15:53:18,0.0,0.0,0.0,0.0,,Indexable,,0,0,0,0,0,0,0,0,0
21,accor hotel,2,https://all.accor.com/fr/country/hotels-france-pfr.shtml,0,200.0,411.0,71.0,43.0,46.0,6.0,2459.0,85.0,39.0,99.76,1644.0,8.0,1867.0,7.0,1991.0,2319.8180588718587,2823.0,5351.900554049302,785.5000000000005,10.0,text/html; charset=UTF-8,200.0,OK,Indexable,,Hôtels en France | Réservez en ligne | Accor,44.0,385.0,Trouvez les meilleurs hôtels pour votre séjour en France avec Accor. Réservez en ligne dès maintenant pour bénéficier de notre garantie du meilleur prix.,153.0,941.0,,0.0,Nos hôtels en France,20.0,,0.0,Auvergne,8.0,Bretagne,8.0,,,,https://all.accor.com/fr/country/hotels-france-pfr.shtml,,,,,,2359175.0,244757.0,9037.0,1308.0,0,0,Fairly Easy,0,0.0,2.0,,1.0,1.0,0.0,0,520.0,292.0,0.0,19.0,16.0,0.0,,,,,1379619e6c3698716e417c859ff39e7c,0,"Thu, 16 May 2024 12:37:53 GMT",,,,1.1,https://all.accor.com/fr/country/hotels-france-pfr.shtml,2024-05-16 15:53:08,0.0,0.0,0.0,0.0,,Indexable,,0,0,0,0,0,0,0,0,0
22,accor hotel,3,https://fr.wikipedia.org/wiki/Accor,0,,,68.0,66.0,60.0,101.0,4.0,0.0,0.0,94.0,845.0,3.0,843.0,6.0,862.0,1257.8273717672118,927.0,947.6500000000001,19.0,6.0,text/html; charset=UTF-8,200.0,OK,Indexable,,Accor — Wikipédia,17.0,163.0,,0.0,0.0,,0.0,Accor,5.0,,0.0,Sommaire,8.0,Histoire[modifier | modifier le code],37.0,max-image-preview:standard,,,https://fr.wikipedia.org/wiki/Accor,,,,,,326764.0,61344.0,8151.0,1359.0,0,0,Easy,0,0.0,1.0,,368.0,1.0,0.0,0,859.0,369.0,0.0,175.0,161.0,0.0,,,,,bba6ad0f69d303b6b546dd0893f7f901,0,"Wed, 15 May 2024 22:17:58 GMT",,,,1.1,https://fr.wikipedia.org/wiki/Accor,2024-05-16 15:53:01,0.0,0.0,0.0,0.0,,Indexable,,0,0,0,0,0,0,0,0,0
23,accor hotel,4,https://group.accor.com/fr-FR,0,200.0,35.0,79.0,54.0,76.0,7031.0,17.0,165.0,18.0,37.0,2090.0,5.0,2145.0,0.0,2671.0,2537.1969819834667,2916.0,3555.254808812876,286.0,12.0,text/html; charset=utf-8,200.0,OK,Indexable,,Accor - Le groupe leader mondial de l’Hospitalité Augmentée,59.0,535.0,"Découvrez nos expériences uniques dans plus de 5 584 hôtels répartis dans plus de 40 marques, dans plus de 110 pays à travers le monde.",135.0,864.0,,0.0,Accor groupe – Accueil,22.0,"« Planifier, réserver, profiter »",33.0,Groupe,6.0,,0.0,,,,https://group.accor.com/fr-FR,,,,,,437772.0,51818.0,373.0,95.0,0,0,Fairly Easy,0,0.0,0.0,,3.0,1.0,0.0,0,223.0,178.0,0.0,11.0,11.0,0.0,,,,,e99f78cee68fa7528f416494ddb24d5a,0,"Thu, 16 May 2024 12:20:59 GMT",,,,1.1,https://group.accor.com/fr-FR,2024-05-16 15:52:58,0.0,0.0,0.0,0.0,,Indexable,,0,0,0,0,0,0,0,0,0
24,accor hotel,5,https://all.accor.com/fr/world/hotels-accor-monde.shtml,0,200.0,135.0,75.0,48.0,48.0,5.0,8436.0,70.0,39.0,53.0,1203.0,3.0,1456.0,8.0,1991.0,1735.2100850497375,2823.0,4183.245816590416,607.9999999999995,10.0,text/html; charset=UTF-8,200.0,OK,Indexable,,Tous les hôtels Accor dans le monde,35.0,326.0,Réservez sur all.accor.com pour profiter d'un large choix d'hôtels du luxe à l'économique. Découvrez toutes nos destinations partout dans le monde. Meilleur prix garanti,169.0,1042.0,,0.0,Tous nos hôtels dans le monde,29.0,,0.0,Toutes nos destinations,23.0,Moyen Orient,12.0,,,,https://all.accor.com/fr/world/hotels-accor-monde.shtml,,,,,,203795.0,49599.0,792.0,118.0,0,0,Fairly Easy,0,0.0,2.0,,9.0,7.0,0.0,0,119.0,96.0,0.0,19.0,16.0,0.0,,,,,6e82e0be5f53f530d17b0b2b890fc9d3,0,"Thu, 16 May 2024 12:16:51 GMT",,,,1.1,https://all.accor.com/fr/world/hotels-accor-monde.shtml,2024-05-16 15:53:19,0.0,0.0,0.0,0.0,,Indexable,,0,0,0,0,0,0,0,0,0
25,accor hotel,6,https://all.accor.com/account/index.fr.shtml,0,200.0,19.0,76.0,41.0,70.0,9180.0,0.0,35.0,19.0,13.0,1563.0,39.0,1783.0,0.0,1508.0,3365.578260556589,1711.0,8255.368528559737,1185.9282600153551,0.0,text/html; charset=utf-8,200.0,OK,Indexable,,ALL – Accor Live Limitless,26.0,235.0,,0.0,0.0,,0.0,,0.0,,0.0,,0.0,,0.0,,,,,,,,,,73774.0,16089.0,16.0,6.0,0,0,Easy,0,0.0,1.0,,0.0,0.0,0.0,0,54.0,47.0,0.0,9.0,6.0,0.0,,,,,9e0dca03d05099c0a29efbff51975d88,0,"Thu, 16 May 2024 12:12:42 GMT",,,,1.1,https://all.accor.com/account/index.fr.shtml,2024-05-16 15:53:00,0.0,0.0,0.0,0.0,,Indexable,,0,0,0,0,0,0,0,0,0
26,accor hotel,7,https://www.accorarena.com/fr,0,200.0,345.0,81.0,53.0,79.0,13854.0,1016.0,19.0,28.0,,1117.0,3.0,2227.0,2.0,1038.0,1391.8556129810506,1674.0,1320.0246996016917,312.0,100.0,text/html; charset=utf-8,200.0,OK,Non-Indexable,Canonicalised,Accor Arena - Accueil,21.0,191.0,"Accor Arena, C’est un lieu de vie à part entière, LA destination emblématique de la ville lumière. Salle capable d’accueillir les plus grandes concerts",151.0,901.0,,0.0,Accor Arena,11.0,,0.0,Accor Arena : 2ème arena mondiale,33.0,Bellator Champions Series,25.0,,,,http://www.accorarena.com/fr,,,,,,281428.0,50550.0,94.0,41.0,0,0,Fairly Hard,0,0.0,0.0,,1.0,1.0,0.0,0,21.0,20.0,0.0,25.0,25.0,0.0,,,,,1cc8895a43106ad428a52e38cc8bf060,0,,,,,1.1,https://www.accorarena.com/fr,2024-05-16 15:53:18,0.0,0.0,0.0,0.0,,Non-Indexable,Canonicalised,0,0,0,0,0,0,0,0,0
27,accor hotel,8,https://www.fr.lastminute.com/fr/hotel/hotels-accor.html,0,200.0,1454.0,39.0,0.0,,0.0,1.0,73.0,10.0,40.0,1032.0,6.0,1813.0,10.0,1032.0,1005.667900361088,1813.0,2657.842976489195,86.0,10.0,text/html; charset=UTF-8,403.0,Forbidden,Non-Indexable,Client Error,,0.0,0.0,,0.0,0.0,,0.0,,0.0,,0.0,,0.0,,0.0,,,,,,,,,,0.0,0.0,0.0,,0,0,,0,0.0,2.0,,0.0,0.0,0.0,0,0.0,0.0,0.0,0.0,0.0,0.0,,,,,,0,,,,,1.1,https://www.fr.lastminute.com/fr/hotel/hotels-accor.html,2024-05-16 15:53:08,,,,,,,,0,0,0,0,0,0,0,0,0
28,accor hotel,9,https://group.accor.com/fr-FR/hotel-development,0,200.0,29.0,74.0,42.0,66.0,488.0,528.0,168.0,16.0,37.0,2671.0,4.0,2916.0,12.0,2671.0,1933.626727906601,2916.0,3167.638250445817,274.0,12.0,text/html; charset=UTF-8,403.0,Forbidden,Non-Indexable,Client Error,,0.0,0.0,,0.0,0.0,,0.0,,0.0,,0.0,,0.0,,0.0,,,,,,,,,,0.0,0.0,0.0,,0,0,,0,0.0,1.0,,5.0,2.0,0.0,0,0.0,0.0,0.0,0.0,0.0,0.0,,,,,,0,,,,,1.1,https://group.accor.com/fr-FR/hotel-development,2024-05-16 15:53:17,,,,,,,,0,0,0,0,0,0,0,0,0
29,accor hotel,10,https://play.google.com/store/apps/details?id=com.accor.appli.hybrid&hl=fr&gl=US,0,,,,,,,,,,,1318.0,3.0,1838.0,7.0,1572.0,1054.791471015647,2317.0,2489.7603675224746,293.5,8.0,text/html; charset=utf-8,200.0,OK,Non-Indexable,Canonicalised,ALL.com - Réservation d'hôtels – Applications sur Google Play,61.0,548.0,Recherche et réservation d'hôtels partout dans le monde pour vos vacances,73.0,469.0,,0.0,ALL.com - Réservation d'hôtels,30.0,,0.0,À propos de l'application,25.0,Sécurité des données,20.0,NOODP,,,https://play.google.com/store/apps/details?id=com.accor.appli.hybrid&hl=fr,,,,,,1040350.0,152379.0,1086.0,223.0,0,0,Fairly Easy,0,0.0,2.0,,0.0,0.0,0.0,0,43.0,33.0,0.0,3.0,3.0,0.0,,,,,f5db7c51a84ad6a3b8cea33846c65ece,0,,,,,1.1,https://play.google.com/store/apps/details?id=com.accor.appli.hybrid&hl=fr&gl=US,2024-05-16 15:53:06,0.0,0.0,0.0,0.0,,Non-Indexable,Canonicalised,0,0,0,0,0,0,0,0,0
30,accor hotel,11,https://www.tripadvisor.fr/Hotels-g187147-zfb9277-Paris_Ile_de_France-Hotels.html,1,,,70.0,41.0,,12.0,313.0,0.0,0.0,,,,,,,,,,,,text/html;charset=utf-8,403.0,Forbidden,Non-Indexable,Client Error,,0.0,0.0,,0.0,0.0,,0.0,,0.0,,0.0,,0.0,,0.0,,,,,,,,,,584.0,584.0,0.0,,0,0,,0,0.0,0.0,,0.0,0.0,0.0,0,0.0,0.0,0.0,0.0,0.0,0.0,,,,,,0,,,,,1.1,https://www.tripadvisor.fr/Hotels-g187147-zfb9277-Paris_Ile_de_France-Hotels.html,2024-05-16 15:53:00,,,,,,,,0,0,0,0,0,0,0,0,0
31,accor hotel,12,https://all.accor.com/fr/city/hotels-paris-v2996.shtml,1,200.0,281.0,76.0,50.0,57.0,11.0,8412.0,365.0,39.0,99.42,1583.0,5.0,2250.0,8.0,1991.0,2241.289015660391,2823.0,5940.27513268761,974.4999999999995,10.0,text/html; charset=UTF-8,200.0,OK,Indexable,,Hôtels à Paris - Un séjour mémorable dans la Ville Lumière | ALL,64.0,561.0,Trouvez les meilleurs hôtels à Paris dans vos quartiers de prédilection et profitez de tarifs attractifs pour un séjour à la hauteur de vos attentes.,149.0,883.0,,0.0,Tous nos hôtels à Paris,23.0,,0.0,Filtrer par:,12.0,Paris,5.0,,,,https://all.accor.com/fr/city/hotels-paris-v2996.shtml,,,,,,1277110.0,118857.0,12749.0,1765.0,0,0,Hard,0,0.0,2.0,,7.0,7.0,0.0,0,1019.0,585.0,0.0,19.0,16.0,0.0,,,,,bf016d6b8de857994b3a3dd6be7f3a69,0,"Thu, 16 May 2024 12:19:26 GMT",,,,1.1,https://all.accor.com/fr/city/hotels-paris-v2996.shtml,2024-05-16 15:53:05,0.0,0.0,0.0,0.0,,Indexable,,0,0,0,0,0,0,0,0,0
32,accor hotel,13,https://group.accor.com/fr-FR/brands,1,200.0,49.0,71.0,39.0,63.0,376.0,508.0,165.0,16.0,37.0,1722.0,3.0,1681.0,0.0,2671.0,2436.537079268072,2916.0,3290.351108331708,352.9999999999998,12.0,text/html; charset=utf-8,200.0,OK,Indexable,,Accor - Nos marques,19.0,185.0,"En 50 ans, nous avons renforcé nos capacités et bâti un portefeuille de marques plus vaste et plus complémentaire.",114.0,716.0,,0.0,Marques,7.0,Marques,7.0,Marques,7.0,,0.0,,,,https://group.accor.com/fr-FR/brands,,,,,,426292.0,53510.0,281.0,63.0,0,0,Normal,0,0.0,1.0,,8.0,2.0,0.0,0,251.0,172.0,0.0,11.0,11.0,0.0,,,,,3a7bc6bb14e3e4bbfac44b0c35c9a74e,0,"Thu, 16 May 2024 12:45:42 GMT",,,,1.1,https://group.accor.com/fr-FR/brands,2024-05-16 15:52:56,0.0,0.0,0.0,0.0,,Indexable,,0,0,0,0,0,0,0,0,0
33,accor hotel,14,https://www.expedia.fr/Paris-Hotel-Accor-Hotels.0-0-d179898--bAccorHotels.Voyage-Guide-Filtre-Hotels,1,,,50.0,3.0,,2.0,27.0,0.0,0.0,21.0,2344.0,6.0,4014.0,8.0,2344.0,3091.5600241297298,4014.0,4883.64047192116,1652.9999999999993,8.0,text/html; charset=utf-8,200.0,OK,Indexable,,Accor Hotels à Paris | Expedia.fr,33.0,282.0,Vous souhaitez séjourner dans un hébergement Accor Hotels à Paris ? Choisissez parmi une large sélection d’hébergements Accor Hotels au meilleur prix.,150.0,957.0,"Accor Hotels Hôtels à Paris, Paris, meilleures offres d'hôtel Accor Hotels à Paris, offres d'hôtels Accor Hotels à Paris, hôtels Accor Hotels à Paris, recommandations, hôtel, hôtels, évaluations.",195.0,Accor Hotels à Paris,20.0,,0.0,Les membres connectés économisent 10 % minimum sur plus de 100 000 hôtels dans le monde.,88.0,Paris : vérifiez la disponibilité des hôtels,44.0,"index,follow",,,https://www.expedia.fr/Paris-Hotel-Accor-Hotels.0-0-d179898--bAccorHotels.Voyage-Guide-Filtre-Hotels,,,,,,1684838.0,269720.0,1700.0,369.0,0,0,Very Easy,0,0.0,0.0,,2.0,1.0,0.0,0,215.0,183.0,0.0,8.0,7.0,0.0,,,,,a29d99414dff42f3fde4b2d815256daf,0,,,,,1.1,https://www.expedia.fr/Paris-Hotel-Accor-Hotels.0-0-d179898--bAccorHotels.Voyage-Guide-Filtre-Hotels,2024-05-16 15:53:04,0.0,0.0,0.0,0.0,,Indexable,,0,0,0,0,0,0,0,0,0
34,accor hotel,15,https://www.tropicalement-votre.com/sejours/accor-hotels.php,1,200.0,1684.0,50.0,26.0,,0.0,8.0,64.0,7.0,64.0,1376.0,2.0,1639.0,5.0,1376.0,991.0514453011,1639.0,3237.0698401497157,316.5,5.0,text/html; charset=iso-8859-1,200.0,OK,Indexable,,Accor Hotels - Tropicalement Vôtre,34.0,311.0,Accor Hotels,12.0,81.0,,0.0,Accor Hotels,12.0,,0.0,,0.0,,0.0,,,,https://www.tropicalement-votre.com/sejours/accor-hotels.php,,,,,,161534.0,41196.0,529.0,116.0,0,0,Easy,0,0.0,1.0,,0.0,0.0,0.0,0,136.0,92.0,0.0,6.0,6.0,0.0,,,,,a2b5f50f8dbe20ac431da0ac31f2c8e3,0,,,,,1.1,https://www.tropicalement-votre.com/sejours/accor-hotels.php,2024-05-16 15:52:56,0.0,0.0,0.0,0.0,,Indexable,,0,0,0,0,0,0,0,0,0
35,accor hotel,16,https://www.hotelsautoroute.fr/accor-hotel/,1,200.0,1553.0,64.0,3.0,,0.0,136.0,87.0,6.0,29.0,1220.0,2.0,1496.0,8.0,1220.0,1931.0680675595297,1496.0,3470.1369966357997,964.4999999999998,8.0,text/html; charset=UTF-8,200.0,OK,Indexable,,Accor hôtel - Trouver un hôtel Accor près de l’autoroute !Hotels Autoroute .fr,78.0,674.0,Un hôtel pour tous les budgets : Accor hôtel ✅ Planifiez vos arrêts dans un hôtel pas cher de manière rapide et facile via notre planificateur d’arrêts,151.0,901.0,,0.0,Hotels Autoroute .fr,20.0,Accor hôtel,11.0,Hotels sur l’ autoroute,23.0,Dormir dans un hôtel Accor près de l’autoroute,46.0,"index, follow, max-image-preview:large, max-snippet:-1, max-video-preview:-1",,,https://www.hotelsautoroute.fr/accor-hotel/,,,,,,51799.0,11582.0,562.0,73.0,0,0,Easy,0,0.0,1.0,,2.0,1.0,0.0,0,131.0,86.0,0.0,5.0,5.0,0.0,,,,,6967fecea23e1dc1690d4e1bca1abdf4,0,,,,,1.1,https://www.hotelsautoroute.fr/accor-hotel/,2024-05-16 15:53:16,0.0,0.0,0.0,0.0,,Indexable,,0,0,0,0,0,0,0,0,0
36,accor hotel,17,https://all.accor.com/fr/offers-travel-ideas/index.shtml,1,200.0,25.0,71.0,41.0,36.0,2.0,5335.0,64.0,48.0,29.0,1438.0,2.0,2300.0,0.0,1991.0,3246.9295463464287,2823.0,7704.4335769490735,375.5,10.0,text/html; charset=utf-8,200.0,OK,Indexable,,Préparez votre séjour,21.0,189.0,Votre voyage commence dès maintenant avec ALL.ACCOR.com,55.0,394.0,,0.0,Préparez votre séjour,21.0,,0.0,VOTRE VOYAGE COMMENCE DèS MAINTENANT AVEC ALL.ACCOR.com,55.0,Besoin d'aide ? Besoin d'aide ?,31.0,,,,https://all.accor.com/fr/offers-travel-ideas/index.shtml,,,,,,96440.0,25323.0,139.0,41.0,0,0,Fairly Easy,0,0.0,2.0,,0.0,0.0,0.0,0,80.0,71.0,0.0,27.0,23.0,0.0,,,,,f381c1e69148bc71e54f21349db58215,0,"Thu, 16 May 2024 12:37:41 GMT",,,,1.1,https://all.accor.com/fr/offers-travel-ideas/index.shtml,2024-05-16 15:52:57,0.0,0.0,0.0,0.0,,Indexable,,0,0,0,0,0,0,0,0,0
37,accor hotel,18,https://all.accor.com/brands/index.fr.shtml,1,200.0,21.0,80.0,53.0,76.0,7621.0,8424.0,97.0,39.0,24.0,1647.0,3.0,2055.0,1.0,1991.0,3070.939421248304,2823.0,5715.1990304478,936.9999999999998,10.0,text/html; charset=utf-8,200.0,OK,Indexable,,Toutes les marques d'Accor,26.0,247.0,Vous cherchez un hôtel économique ou plutôt un hôtel de luxe ? Réservez l’hôtel qui vous convient avec Accor.,109.0,686.0,,0.0,Découvrez nos marques,21.0,,0.0,Besoin d'aide ? Besoin d'aide ?,31.0,Entreprise Entreprise,21.0,,,,,,,,,,442405.0,145512.0,105.0,56.0,0,0,Hard,0,0.0,1.0,,18.0,7.0,0.0,0,134.0,120.0,0.0,19.0,16.0,0.0,,,,,acfd52485333bd476af15ad87ff8bc51,0,"Thu, 16 May 2024 12:13:38 GMT",,,,1.1,https://all.accor.com/brands/index.fr.shtml,2024-05-16 15:52:59,0.0,0.0,0.0,0.0,,Indexable,,0,0,0,0,0,0,0,0,0
38,accor hotel,19,https://fr.shopping.rakuten.com/s/accor+hotels,1,,,,,,0.0,0.0,0.0,0.0,,,,,,,,,,,,text/html;charset=utf-8,403.0,Forbidden,Non-Indexable,Client Error,,0.0,0.0,,0.0,0.0,,0.0,,0.0,,0.0,,0.0,,0.0,,,,,,,,,,416.0,416.0,0.0,,0,0,,0,0.0,1.0,,0.0,0.0,0.0,0,0.0,0.0,0.0,0.0,0.0,0.0,,,,,,0,,,,,1.1,https://fr.shopping.rakuten.com/s/accor+hotels,2024-05-16 15:53:10,,,,,,,,0,0,0,0,0,0,0,0,0
39,accor hotel,20,https://fr.linkedin.com/company/accor,1,,,72.0,55.0,64.0,1044.0,0.0,0.0,0.0,,,,,,,,,,,,text/html; charset=utf-8,200.0,OK,Indexable,,Accor | LinkedIn,16.0,142.0,"Accor | 1 642 027 abonnés sur LinkedIn. We are Accor

We are more than 290,000 hospitality experts placing people at the heart of what we do, creating emotion for our guests, and nurturing passion for service and achievement beyond limits. Building on the strength of our teams and of our fully integrated ecosystem of leading brands, personalized services &amp; expert solutions, we break new ground to reimagine hospitality and inspire new ways to experience the world.

We are dedicated to suit all desires and needs, and reinvent the guest experience every day with our 45 hotel brands across all segments- 5,600 properties around the world from luxury five-star palaces to smart economy hotels, exquisite residences to full-service resorts.",745.0,4581.0,,0.0,Accor,5.0,,0.0,Hôtellerie,10.0,À propos,8.0,"max-image-preview:large, noarchive",,,https://fr.linkedin.com/company/accor,,,,,,349525.0,34234.0,2537.0,514.0,0,0,Fairly Hard,0,0.0,1.0,,3.0,3.0,0.0,0,274.0,190.0,0.0,15.0,15.0,0.0,,,,,f283562fc6ce79525031d3871918030e,0,,,,,1.1,https://fr.linkedin.com/company/accor,2024-05-16 15:53:18,0.0,0.0,0.0,0.0,,Indexable,,0,0,0,0,0,0,0,0,0
40,hotel,1,https://fr.hotels.com/,0,200.0,606.0,81.0,59.0,70.0,2234.0,23438.0,125.0,66.0,,2797.0,63.0,3346.0,1.0,2222.0,2901.2651395899875,3398.0,6093.807583354958,1995.2953025852207,5.0,text/html; charset=utf-8,200.0,OK,Indexable,,"Hotels.com - Promotions et réductions sur vos réservations d’hôtels, du luxe à l’économique",91.0,811.0,"Hotels.com FRANCE - Réservez des chambres dans des hôtels de luxe ou des hôtels pour les budgets limités. Lisez les avis impartiaux des voyageurs, situez les hôtels sur le plan et regardez les photos de qualité. Réservez votre chambre d’hôtel des aujourd’hui et faites des économies avec notre Garantie de prix.",311.0,1929.0,,0.0,Où voulez-vous partir ?,23.0,,0.0,Les membres connectés économisent 10 % minimum sur plus de 100 000 hôtels dans le monde.,88.0,Trouvez et réservez le séjour idéal Trouvez et réservez le séjour idéal Détails importants,90.0,,,,https://fr.hotels.com/,,,,,,2066666.0,265827.0,3117.0,801.0,0,0,Very Easy,0,0.0,0.0,,5.0,2.0,0.0,0,211.0,189.0,0.0,8.0,8.0,0.0,,,,,2d59ca7ea35416d9f6b90a76c80e6d0e,0,,,,,1.1,https://fr.hotels.com/,2024-05-16 15:53:16,0.0,0.0,0.0,0.0,,Indexable,,0,0,0,0,0,0,0,0,0
41,hotel,2,https://www.booking.com/index.fr.html,0,200.0,2688.0,88.0,76.0,86.0,70912.0,7734.0,230.0,32.0,52.0,2884.0,12.0,3446.0,2.0,3766.0,2357.652137950935,3960.0,6291.591181000716,531.9999999999995,5.0,text/html; charset=UTF-8,200.0,OK,Indexable,,"Booking.com | Site officiel | Hôtels, vols, voitures de location et hébergements",80.0,684.0,"Avec Booking.com, économisez sur les hôtels, maisons, vols, voitures de location, taxis et attractions. Des voyages parfaits pour tous les budgets.",147.0,905.0,"hébergement, logement, Hôtel, Hôtels, Offres spéciales, promotions, offres week-ends, Prix compétitifs, réductions, prix bon marché",131.0,Trouvez votre prochain séjour,29.0,,0.0,Profitez de réductions immédiates,33.0,Trouvez des idées pour votre prochain voyage Plus,49.0,"index,follow",,,https://www.booking.com/index.fr.html,,,,,,544260.0,162038.0,812.0,165.0,0,0,Fairly Easy,0,0.0,0.0,,17.0,4.0,0.0,0,209.0,196.0,0.0,3.0,3.0,0.0,,,,,df1ad8777023ba86d293e033766c142a,0,,,,,1.1,https://www.booking.com/index.fr.html,2024-05-16 15:53:12,0.0,0.0,0.0,0.0,,Indexable,,0,0,0,0,0,0,0,0,0
42,hotel,3,https://www.trivago.fr/,0,200.0,507.0,83.0,46.0,73.0,3214.0,44780.0,306.0,75.0,38.0,1491.0,4.0,1656.0,19.0,1586.0,2666.6810838090446,3185.0,2339.7566681527783,669.5000000000007,12.0,text/html; charset=utf-8,200.0,OK,Indexable,,trivago.fr - Comparez les prix des hôtels et des hébergements dans le monde entier,82.0,731.0,"Comparez les prix, photos et avis de millions d´hôtels et d´hébergements et trouvez votre offre idéale. Gagnez du temps et de l´argent grâce à notre comparateur trivago.fr",171.0,1051.0,,0.0,Nous comparons les prix d’hôtels de centaines de sites,54.0,,0.0,"Nous recherchons, vous économisez.",34.0,Nos partenaires,15.0,,,,https://www.trivago.fr/,,,,,,382508.0,70894.0,1896.0,547.0,0,0,Very Easy,0,0.0,0.0,,3.0,2.0,0.0,0,320.0,307.0,0.0,65.0,65.0,0.0,,,,,36a3bb6e75172a9e60c5020dd5ce0192,0,,,,,1.1,https://www.trivago.fr/,2024-05-16 15:53:14,0.0,0.0,0.0,0.0,,Indexable,,0,0,0,0,0,0,0,0,0
43,hotel,4,https://www.expedia.fr/Hotels,0,200.0,1737.0,86.0,44.0,74.0,3240.0,126711.0,128.0,51.0,21.0,2687.0,19.0,5147.0,21.0,2344.0,4080.0776459258386,4014.0,5464.1369226825445,2536.5991603081966,8.0,text/html; charset=utf-8,200.0,OK,Indexable,,Offres Hôtels Expedia.fr: Réservation de votre hôtel pas cher,61.0,531.0,"Découvrez nos meilleures offres, promos & réductions sur des milliers d'hôtels, du luxe à l’économique. Annulation gratuite sur la plupart des hôtels.",150.0,917.0,,0.0,,0.0,,0.0,Les membres connectés économisent 10 % minimum sur plus de 100 000 hôtels dans le monde.,88.0,Idées pour votre prochain voyage,32.0,"index,follow",,,https://www.expedia.fr/Hotels,,,,,,1565354.0,251679.0,1326.0,239.0,0,0,Fairly Easy,0,0.0,0.0,,5.0,2.0,0.0,0,141.0,127.0,0.0,8.0,7.0,0.0,,,,,1d0a068730b5f1fde1c02b32a0dad4bf,0,,,,,1.1,https://www.expedia.fr/Hotels,2024-05-16 15:52:56,0.0,0.0,0.0,0.0,,Indexable,,0,0,0,0,0,0,0,0,0
44,hotel,5,https://www.premiereclasse.com/fr-fr/,0,200.0,46.0,81.0,45.0,73.0,1368.0,1225.0,66.0,12.0,,1989.0,23.0,2300.0,6.0,1951.0,2772.95460727325,3475.0,5222.768145851143,1551.999999999999,6.0,text/html; charset=utf-8,200.0,OK,Indexable,,Réservez un hôtel pas cher dans plus de 200 villes | Première Classe,68.0,601.0,"En France et en Europe, il y a 260 hôtels Première Classe toujours là pour vous accueillir. Profitez de multiples avantages : wifi gratuit, salles de bains privatives, petit-déjeuner à volonté et des chambres à prix unique que vous soyez 1, 2, ou 3 personnes !",260.0,1557.0,,0.0,Trouvez votre hôtel idéal,25.0,,0.0,Réservez dès à présent dans nos hôtels pas chers Première Classe,64.0,Besoin d'inspiration ?,22.0,,,,https://www.premiereclasse.com/fr-fr/,,,,,,663391.0,127359.0,986.0,168.0,0,0,Easy,0,0.0,1.0,,4.0,2.0,0.0,0,144.0,69.0,0.0,11.0,11.0,0.0,,,,,6e801905ee24748e5063bd7a480ecdd3,0,,,,,1.1,https://www.premiereclasse.com/fr-fr/,2024-05-16 15:53:04,0.0,0.0,0.0,0.0,,Indexable,,0,0,0,0,0,0,0,0,0
45,hotel,6,https://www.hotel-bb.com/fr,0,403.0,12.0,81.0,64.0,78.0,15114.0,182.0,0.0,0.0,18.0,1540.0,14.0,1864.0,13.0,1847.0,2548.796158446772,2270.0,3665.2891754457196,582.0,19.0,text/html; charset=UTF-8,200.0,OK,Indexable,,B&B HOTELS : réservez un hôtel en France et en Europe | Site web officiel,73.0,646.0,Réservez votre hôtel dès maintenant sur notre site et profitez des meilleurs prix B&B HOTELS en France et en Europe avec nos promotions exclusives !,148.0,927.0,,0.0,,0.0,,0.0,Services,8.0,,0.0,"index, follow",,,https://www.hotel-bb.com/fr,,,,,,176839.0,28891.0,1819.0,519.0,0,0,Very Easy,0,0.0,0.0,,104.0,2.0,0.0,0,392.0,229.0,0.0,11.0,10.0,0.0,,,,,722e53104504ee6b134f96a3babd7e3,0,"Thu, 16 May 2024 12:58:39 GMT",,,,1.1,https://www.hotel-bb.com/fr,2024-05-16 15:52:59,0.0,0.0,0.0,0.0,,Indexable,,0,0,0,0,0,0,0,0,0
46,hotel,7,https://fr.wikipedia.org/wiki/H%C3%B4tel,0,,,71.0,67.0,66.0,582.0,27.0,0.0,0.0,76.0,930.0,,868.0,6.0,862.0,1076.8071462754197,927.0,368.6,0.0,6.0,,,,,,,,,,,,,,,,,,,,,,,,,,,,,,,,,,,0,0,,0,,,,,,,0,,,,,,,,,,,,0,,,,,,,,,,,,,,,0,0,0,0,0,0,0,0,0
47,hotel,8,https://www.logishotels.com/fr/,0,403.0,19.0,84.0,47.0,80.0,90423.0,176.0,0.0,0.0,69.0,1471.0,3.0,1587.0,3.0,2289.0,1219.8105385291483,2677.0,2789.180033600517,477.9999999999999,13.0,text/html; charset=utf-8,200.0,OK,Indexable,,Hôtels et restaurants en France et à l'étranger - LOGIS HÔTELS,62.0,551.0,"Votre hôtel en France et dans le monde : 2000 hôtels et restaurants LOGIS, 1ère chaîne volontaire de restaurateurs / hôteliers indépendants en Europe",149.0,927.0,,0.0,Joignez le local à l'agréable !,31.0,,0.0,,0.0,Pourquoi réserver sur notre site ?,34.0,,,,https://www.logishotels.com/fr/,,,,,,159466.0,34334.0,1304.0,209.0,0,0,Fairly Easy,0,0.0,1.0,,1.0,1.0,0.0,0,223.0,95.0,0.0,9.0,9.0,0.0,,,,,29907c97187b27ec80c4b51a312a1b6a,0,"Thu, 16 May 2024 13:53:17 GMT",,,,1.1,https://www.logishotels.com/fr/,2024-05-16 15:53:17,0.0,0.0,0.0,0.0,,Indexable,,0,0,0,0,0,0,0,0,0
48,hotel,9,https://www.booking.com/city/fr/paris.fr.html,0,200.0,1250.0,69.0,60.0,55.0,131.0,430.0,160.0,27.0,97.8,2585.0,5.0,2872.0,1.0,3766.0,2022.6715170098282,3960.0,4850.811191435227,977.4240860922869,5.0,text/html; charset=UTF-8,200.0,OK,Indexable,,Les 10 meilleurs hôtels à Paris (à partir de € 65),50.0,418.0,"Des réductions incroyables sur des hôtels à: Paris, France. Bonne disponibilité et tarifs exceptionnels. Consultez les commentaires et choisissez la meilleure offre pour votre séjour.",183.0,1113.0,"Hôtel, Hôtels, Paris, hébergement, logement, Offres spéciales, promotions, offres week-ends Paris France, Prix compétitifs, réductions, prix bon marché",151.0,Recherchez des hôtels à Paris,29.0,,0.0,Indiquez vos dates afin de voir nos derniers tarifs et nos offres pour des hôtels à Paris,89.0,Les hôtels les plus réservés à Paris le mois dernier,52.0,"index,follow",,,https://www.booking.com/city/fr/paris.fr.html,,,,,,999779.0,218684.0,5604.0,1205.0,0,0,Very Easy,0,0.0,2.0,,8.0,2.0,0.0,0,208.0,143.0,0.0,3.0,3.0,0.0,,,,,9fd5d5404dfbd6c000e1afaf7d105b5b,0,,,,,1.1,https://www.booking.com/city/fr/paris.fr.html,2024-05-16 15:52:52,0.0,0.0,0.0,0.0,,Indexable,,0,0,0,0,0,0,0,0,0
49,hotel,10,https://www.fr.lastminute.com/hotel/,0,200.0,1052.0,84.0,23.0,73.0,2643.0,56546.0,77.0,11.0,37.0,593.0,6.0,956.0,1.0,1032.0,1452.7537774422515,1813.0,2973.016392960342,323.50000000000034,10.0,text/html; charset=UTF-8,403.0,Forbidden,Non-Indexable,Client Error,,0.0,0.0,,0.0,0.0,,0.0,,0.0,,0.0,,0.0,,0.0,,,,,,,,,,0.0,0.0,0.0,,0,0,,0,0.0,1.0,,0.0,0.0,0.0,0,0.0,0.0,0.0,0.0,0.0,0.0,,,,,,0,,,,,1.1,https://www.fr.lastminute.com/hotel/,2024-05-16 15:53:01,,,,,,,,0,0,0,0,0,0,0,0,0
50,hotel,11,https://www.skyscanner.fr/hotels,1,307.0,86.0,64.0,10.0,57.0,43.0,245.0,1.0,0.0,,1447.0,3.0,1818.0,0.0,702.0,1500.8096498371783,1811.0,2175.1885351387805,103.5,62.0,text/html; charset=utf-8,200.0,OK,Indexable,,Offres d'hôtels à petit prix | Comparez et réservez avec Skyscanner,67.0,587.0,"Vous cherchez un logement pas cher ? Lancez une recherche gratuite avec Skycanner Hôtels et réservez vite un hôtel, un appartement ou une auberge de jeunesse.",158.0,1011.0,,0.0,Trouvez l'hôtel de vos rêves dès aujourd'hui,44.0,,0.0,Économisez sur votre prochaine réservation d'hôtel,50.0,Comparez les hôtels de vos enseignes préférées,46.0,,,,https://www.skyscanner.fr/hotels,,,,,,392736.0,69451.0,1142.0,264.0,0,0,Easy,0,0.0,0.0,,2.0,1.0,0.0,0,89.0,66.0,0.0,30.0,29.0,0.0,,,,,14e56fbbed1d7eb2552e3a00457f1a0,0,,,,,1.1,https://www.skyscanner.fr/hotels,2024-05-16 15:53:20,0.0,0.0,0.0,0.0,,Indexable,,0,0,0,0,0,0,0,0,0
51,hotel,12,https://www.kayak.fr/hotels,1,200.0,220.0,86.0,60.0,83.0,110266.0,98024.0,246.0,63.0,71.0,1177.0,4.0,1650.0,3.0,1389.0,2057.0903033517216,2351.0,1820.1109800616664,427.9647772955409,12.0,text/html;charset=UTF-8,200.0,OK,Indexable,,Hôtels : Comparaison et réservation d'hôtels pas chers | KAYAK,62.0,559.0,KAYAK effectue ses recherches sur des centaines de sites de voyage pour que vous puissiez trouver l'hôtel idéal au meilleur prix. Consultez des millions d'avis certifiés sur les hôtels du monde entier.,201.0,1229.0,,0.0,Trouvez et comparez des offres d’hôtels,39.0,,0.0,Cherchez sur des centaines de sites de voyage à la fois et trouvez des offres d'hôtels,86.0,Trouvez un hôtel au meilleur prix dans l’une de ces destinations,64.0,"index,follow",,,https://www.kayak.fr/hotels,,,,,,387744.0,72004.0,3357.0,539.0,0,0,Very Easy,0,0.0,0.0,,14.0,2.0,0.0,0,265.0,250.0,0.0,87.0,59.0,0.0,,,,,c121486e7ed787702c761d0a7a0f8af8,0,,,,,1.1,https://www.kayak.fr/hotels,2024-05-16 15:52:56,0.0,0.0,0.0,0.0,,Indexable,,0,0,0,0,0,0,0,0,0
52,hotel,13,https://www.hotelaparis.com/,1,200.0,20.0,77.0,44.0,65.0,332.0,7772.0,37.0,2.0,36.0,963.0,2.0,1362.0,0.0,838.0,829.650667609597,1092.0,1642.4407550275653,3.0000000000001137,17.0,text/html; charset=utf-8,200.0,OK,Indexable,,Le top des hôtels à Paris au meilleur prix dès 19€ | Hotelaparis.com,68.0,591.0,"Hôtel à Paris : recherche et réservation d’un hôtel à Paris. Choix de plus de 1890 hôtels du 1 au 5 étoiles, hôtel de chaîne, hôtel de charme ou Palace parisien. Description, photos, prix de chaque hôtel sont proposés. Paiement securisé et confirmation immédiate, pour la réservation d’hôtel à Paris",299.0,1819.0,,0.0,"Bienvenue sur Hôtel à ParisLe meilleur site pour trouver, comparer et réserver un hôtel à Paris",95.0,,0.0,Hôtel à Paris,13.0,"Le meilleur site pour trouver, comparer et réserver un hôtel à Paris",68.0,,,,https://www.hotelaparis.com/,,,,,,69437.0,22528.0,458.0,89.0,0,0,Very Easy,0,0.0,0.0,,3.0,2.0,0.0,0,55.0,39.0,0.0,4.0,2.0,0.0,,,,,2a5e399ee79868661c0babf596e4ae9e,0,"Thu, 16 May 2024 02:59:24 GMT",,,,1.1,https://www.hotelaparis.com/,2024-05-16 15:53:19,0.0,0.0,0.0,0.0,,Indexable,,0,0,0,0,0,0,0,0,0
53,hotel,14,https://www.hotel-lechateaufort.fr/,1,,,,,,1.0,0.0,0.0,0.0,10.0,1612.0,4.0,3463.0,2.0,1269.0,2858.1777659040044,1942.0,5192.379884635508,365.5,1.0,text/html; charset=UTF-8,200.0,OK,Indexable,,Hotel Chateau Fort Sedan,24.0,228.0,Réservez pour un Séjour Inoubliable au Cœur de l’Histoire des Princes de Sedan ! L’établissement est accessible aux personnes à mobilité réduite,144.0,897.0,,0.0,,0.0,,0.0,Nos offres spéciales,20.0,,0.0,"index, follow, max-image-preview:large, max-snippet:-1, max-video-preview:-1",,,https://www.hotel-lechateaufort.fr/,,,,,,83017.0,17477.0,376.0,97.0,0,0,Easy,0,0.0,0.0,,5.0,1.0,0.0,0,68.0,23.0,0.0,6.0,4.0,0.0,,,,,adc457e55e05955144b8b430d427c04,0,,,,,1.1,https://www.hotel-lechateaufort.fr/,2024-05-16 15:53:03,0.0,0.0,0.0,0.0,,Indexable,,0,0,0,0,0,0,0,0,0
54,hotel,15,https://www.bestwestern.fr/,1,200.0,214.0,87.0,56.0,85.0,47921.0,19633.0,32.0,18.0,57.0,1372.0,13.0,1727.0,6.0,1190.0,1779.4120223197267,1467.0,4077.737703048866,383.0000000000002,8.0,text/html;charset=UTF-8,200.0,OK,Indexable,,Réservation hôtel en ligne - Best Western,41.0,361.0,Séjour en famille ou d'affaires ? En ville ou en bord de mer ? Réservez votre chambre d'hôtel Best Western dans l'un de nos 4000 hôtels dans le monde.,150.0,930.0,"hotel, hotels, hotel best western, hotels best western, hotel 3 etoiles, hotel 4 etoiles, hotel 5 etoiles, hotels 3 etoiles, hotels 4 etoiles, hotel bestwestern, hotels bestwestern",180.0,VOTRE ÉTÉ Soleil,16.0,,0.0,Pourquoi réserver en direct sur notre site ?,44.0,Pourquoi réserver en direct sur notre site ?,44.0,"index,follow",,,,,,,,,167210.0,30620.0,1221.0,264.0,0,0,Fairly Easy,0,0.0,0.0,,5.0,2.0,0.0,0,58.0,43.0,0.0,16.0,13.0,0.0,,,,,3f7d2dec0f27db4d912f645784a1b046,0,"Thu, 16 May 2024 13:52:51 GMT",,,,1.1,https://www.bestwestern.fr/,2024-05-16 15:53:01,0.0,0.0,0.0,0.0,,Indexable,,0,0,0,0,0,0,0,0,0
55,hotel,16,https://www.contact-hotel.com/recherche-hotel-dans-regions-france.htm,1,200.0,1495.0,74.0,35.0,61.0,52.0,21823.0,34.0,5.0,45.0,6718.0,2.0,6766.0,1.0,3002.0,5920.33173665986,3346.0,1560.019158260146,33.0,2.0,text/html; charset=utf-8,200.0,OK,Indexable,,Chercher un Hôtel - Contact Hôtel,33.0,298.0,Rechercher un hôtel,19.0,125.0,,0.0,Chercher parmi nos hôtels en France,35.0,,0.0,Recherche par destination,25.0,Recherche sur la carte,22.0,,,,,,,,,,166831.0,27673.0,460.0,146.0,0,0,Very Easy,0,0.0,0.0,,5.0,1.0,0.0,0,64.0,35.0,0.0,5.0,5.0,0.0,,,,,3e3f892a43e62e933368dfaea2762552,0,,,,,1.1,https://www.contact-hotel.com/recherche-hotel-dans-regions-france.htm,2024-05-16 15:53:12,0.0,0.0,0.0,0.0,,Indexable,,0,0,0,0,0,0,0,0,0
56,hotel,17,https://www.campanile.com/fr-fr/,1,200.0,61.0,82.0,57.0,72.0,2194.0,1247.0,109.0,12.0,,1927.0,5.0,2400.0,11.0,2222.0,2962.7711338544277,3420.0,5923.911826054091,2519.500000000002,4.0,text/html; charset=utf-8,200.0,OK,Indexable,,Campanile | Réservez dans plus de 380 hôtels restaurants,56.0,510.0,"Dans les hôtels Campanile, chaque occasion et chaque lieu sont autant d’opportunités de vivre et partager de bons moments entre collègues, amis ou en famille. Campanile, une chaîne hôtelière 3-étoiles reconnue avec un réseau de plus de 400 hôtels dans plus de 13 pays, offre des lieux de vie à l’atmosphère conviviale.",318.0,1977.0,,0.0,Réservez votre chambre dans votre hôtel restaurant Campanile,60.0,,0.0,Réservez dès maintenant dans nos hôtels restaurants Campanile,61.0,Offres spéciales,16.0,,,,https://www.campanile.com/fr-fr/,,,,,,656786.0,126719.0,1053.0,184.0,0,0,Fairly Easy,0,0.0,1.0,,4.0,2.0,0.0,0,174.0,111.0,0.0,12.0,12.0,0.0,,,,,96d687dabe585d2b26929a34aee17940,0,,,,,1.1,https://www.campanile.com/fr-fr/,2024-05-16 15:53:15,0.0,0.0,0.0,0.0,,Indexable,,0,0,0,0,0,0,0,0,0
57,hotel,18,https://hotel.cdiscount.com/,1,,,60.0,1.0,55.0,65.0,0.0,0.0,0.0,,3392.0,3.0,5042.0,0.0,3283.0,4000.7195708218046,6610.0,3693.695005198555,1358.244459098652,18.0,text/html; charset=utf-8,200.0,OK,Indexable,,Hôtel pas cher – Cdiscount Voyages,34.0,322.0,"Pour vos vacances dans un hôtel pas cher en France ou à l’étranger, découvrez toute l’offre d’hébergement de Cdiscount Voyages !",128.0,808.0,,0.0,TOUS LES HÔTELS AU MEILLEUR PRIXRÉSERVEZ VOTRE HÔTEL,52.0,,0.0,PROMOS VOLSLes offres du moment,31.0,PROMOS HOTELSLES OFFRES DU MOMENT,33.0,,,,,,,,,,110292.0,20523.0,525.0,84.0,0,0,Fairly Easy,0,0.0,0.0,,7.0,1.0,0.0,0,184.0,88.0,0.0,8.0,4.0,0.0,,,,,ba18598487250c2d5dd3040be501c91f,0,,,,,1.1,https://hotel.cdiscount.com/,2024-05-16 15:52:52,0.0,0.0,0.0,0.0,,Indexable,,0,0,0,0,0,0,0,0,0
58,hotel,19,https://www.kyriad.com/fr-fr/,1,200.0,44.0,81.0,58.0,72.0,2542.0,834.0,88.0,11.0,,1746.0,5.0,1977.0,6.0,1920.0,4787.708766529268,3650.0,5417.392733250895,2222.809580745582,5.0,text/html; charset=utf-8,200.0,OK,Indexable,,"Kyriad | Réservation d'hôtels 2, 3 et 4 étoiles",47.0,385.0,"Avec un réseau de plus de 260 hôtels 3 étoiles en France et dans le monde, Kyriad vous invite à découvrir le plaisir du voyage. Grâce à un accueil chaleureux de la part de nos hôteliers, de décors uniques à chaque hôtel, et de petites attentions sur le thème du voyage, vous êtes sûrs de vivre un séjour relaxant et inspirant.Réservez votre chambre KyriadEn réservant chez nous vous pourrez vous détendre dans nos chambres confortables, avant de vous endormir profondément grâce à nos oreillers à mémoire de forme. Sur nos plateaux de courtoisie, vous découvrirez une spécialité de la région. Pour bien commencer la journée, vous pourrez vous régaler grâce à un buffet petit-déjeuner complet ou goûter à notre délicieux Frozen Yoghurt et nos toppings du monde. Le WIFI est accessible dans l'ensemble des locaux de nos hôtels. Selon l’établissement que vous aurez choisi de réserver, vous pourrez profiter du restaurant, du sauna, de la bibliothèque de voyage ou de la salle de remise en forme. Vous venez en voiture ? De nombreux établissements Kyriad, en centre-ville ou en périphérie, possèdent leur propre parking mis à la disposition des clients.De plus, vous pouvez consulter notre nouvelle gamme d’hôtels Kyriad Direct 2 étoiles pour réserver un séjour confortable à des prix abordables.",1293.0,8007.0,,0.0,Réservez votre chambre d'hôtel avec Kyriad,42.0,,0.0,Réservez dès à présent dans nos hôtels Kyriad,45.0,Offres spéciales,16.0,,,,https://www.kyriad.com/fr-fr/,,,,,,658943.0,127129.0,908.0,159.0,0,0,Fairly Easy,0,0.0,1.0,,4.0,2.0,0.0,0,141.0,91.0,0.0,11.0,11.0,0.0,,,,,847ca2f1901ec373e70909a87f1fad5a,0,,,,,1.1,https://www.kyriad.com/fr-fr/,2024-05-16 15:52:52,0.0,0.0,0.0,0.0,,Indexable,,0,0,0,0,0,0,0,0,0
59,hotel,20,https://voyages.carrefour.fr/accueil/hotel,1,,,73.0,37.0,56.0,7.0,12804.0,0.0,0.0,37.0,464.0,8.0,977.0,9.0,573.0,882.9067835001817,1058.0,1857.0620623296847,121.99999999999989,22.0,text/html; charset=UTF-8,403.0,Forbidden,Non-Indexable,Client Error,,0.0,0.0,,0.0,0.0,,0.0,,0.0,,0.0,,0.0,,0.0,,,,,,,,,,0.0,0.0,0.0,,0,0,,0,0.0,1.0,,0.0,0.0,0.0,0,0.0,0.0,0.0,0.0,0.0,0.0,,,,,,0,,,,,1.1,https://voyages.carrefour.fr/accueil/hotel,2024-05-16 15:53:19,,,,,,,,0,0,0,0,0,0,0,0,0
60,hotel comporta alma da comporta,1,https://alma-da-comporta.com/fr/les-hotels-a-comporta/,0,200.0,85.0,69.0,12.0,66.0,94.0,32.0,29.0,4.0,68.0,764.0,3.0,1138.0,48.0,764.0,629.7567044034797,1138.0,420.5,0.0,48.0,text/html; charset=UTF-8,200.0,OK,Indexable,,Hôtels à Comporta Portugal: Notre sélection des meilleurs hôtels,64.0,571.0,"Découvrez tous les hôtels à Comporta au Portugal : localisation, ambiance, décoration, équipements et toutes les informations pratiques.",136.0,847.0,,0.0,Les hôtels de Comporta au Portugal,34.0,,0.0,Villas privées à Comporta,25.0,HÔTELS À COMPORTA,17.0,"index, follow, max-image-preview:large, max-snippet:-1, max-video-preview:-1",,,https://alma-da-comporta.com/fr/les-hotels-a-comporta/,,,,,,117386.0,27417.0,2591.0,371.0,0,0,Fairly Easy,0,0.0,2.0,,9.0,3.0,0.0,0,52.0,29.0,0.0,5.0,4.0,0.0,,,,,b5969f5c26f634bc8401492ea2e1984c,0,"Thu, 16 May 2024 12:33:17 GMT",,,,1.1,https://alma-da-comporta.com/fr/les-hotels-a-comporta/,2024-05-16 15:53:10,0.0,0.0,0.0,0.0,,Indexable,,0,0,0,0,0,0,0,0,0
61,hotel comporta alma da comporta,2,https://www.lecollectionist.com/fr/location-luxe/villa-alma-da-comporta-comporta,0,200.0,2658.0,41.0,7.0,,0.0,2.0,167.0,6.0,92.0,1557.0,4.0,2663.0,1.0,1557.0,1527.7454934329196,2663.0,2848.005697772047,551.4983678313313,1.0,text/html;charset=utf-8,200.0,OK,Indexable,,Villa Alma Da Comporta Comporta - Le Collectionist,50.0,455.0,"Villa Alma Da Comporta - Comporta est la location parfaite pour vos vacances. 5 chambres, 10 personnes - En savoir plus",119.0,749.0,,0.0,Villa Alma Da Comporta,22.0,,0.0,Les incontournables,19.0,Bon à savoir,12.0,,,,https://www.lecollectionist.com/fr/location-luxe/villa-alma-da-comporta-comporta,,,,,,201121.0,201121.0,1010.0,279.0,0,0,Easy,0,0.0,2.0,,1.0,1.0,0.0,0,178.0,165.0,0.0,4.0,4.0,0.0,,,,,be11c9e1ab161dadd58d83bfad257f8d,0,,,,,1.1,https://www.lecollectionist.com/fr/location-luxe/villa-alma-da-comporta-comporta,2024-05-16 15:53:15,0.0,0.0,0.0,0.0,,Indexable,,0,0,0,0,0,0,0,0,0
62,hotel comporta alma da comporta,3,https://www.almalusahotels.com/comporta/fr/page-d'accueil,0,301.0,477.0,59.0,9.0,,0.0,2.0,1.0,0.0,,823.0,3.0,1509.0,41.0,823.0,2863.8750798129645,1509.0,1631.5252834156145,78.00000000000011,41.0,text/html; charset=iso-8859-1,301.0,Moved Permanently,Non-Indexable,Redirected,,0.0,0.0,,0.0,0.0,,0.0,,0.0,,0.0,,0.0,,0.0,,,,,,,,,,251.0,251.0,0.0,,0,0,,0,0.0,2.0,,0.0,0.0,0.0,0,0.0,0.0,0.0,0.0,0.0,0.0,,,,,,0,,https://www.almalusahotels.com/comporta/fr/,HTTP Redirect,,1.1,https://www.almalusahotels.com/comporta/fr/page-d'accueil,2024-05-16 15:53:10,,,,,,,,0,0,0,0,0,0,0,0,0
63,hotel comporta alma da comporta,4,https://mere-mimosa.fr/hotel-alma-da-comporta/,0,,,,,,0.0,2.0,0.0,0.0,38.0,,,,,,1653.2637179294052,,2145.35,1.5,,text/html; charset=UTF-8,200.0,OK,Indexable,,Hotel Alma Da Comporta : Les choses importantes à savoir sur cet hôtel !,72.0,644.0,,0.0,0.0,,0.0,,0.0,,0.0,Hotel Alma Da Comporta : Les choses importantes à savoir sur cet hôtel !,72.0,La situation géographique de l’hôtel,36.0,"index, follow, max-image-preview:large, max-snippet:-1, max-video-preview:-1",,,https://mere-mimosa.fr/hotel-alma-da-comporta/,,,,,,61809.0,15374.0,1083.0,163.0,0,0,Fairly Easy,0,0.0,1.0,,2.0,1.0,0.0,0,48.0,21.0,0.0,0.0,0.0,0.0,,,,,2d31ed6e096668132ef3f8a8b21db14f,0,,,,,1.1,https://mere-mimosa.fr/hotel-alma-da-comporta/,2024-05-16 15:53:16,0.0,0.0,0.0,0.0,,Indexable,,0,0,0,0,0,0,0,0,0
64,hotel comporta alma da comporta,5,https://www.allonsbontrain.fr/preparer-voyage/hotel-comporta-alma-da-comporta/,0,,,,,,1.0,0.0,0.0,0.0,42.0,,,,,,470.58816891572366,,364.95000000000005,18.5,,text/html; charset=UTF-8,200.0,OK,Indexable,,Hotel comporta alma da comporta : charme et élégance,52.0,492.0,"Découvrez l'hôtel Comporta Alma da Comporta, où le charme rencontre l'élégance dans un cadre idyllique. Vivez une expérience hôtelière unique et mémorable.",155.0,985.0,,0.0,Le charme et l’élégance de l’hôtel Comporta Alma da Comporta,60.0,,0.0,Une localisation paradisiaque,29.0,Un établissement au design épuré et chaleureux,46.0,"index, follow, max-image-preview:large, max-snippet:-1, max-video-preview:-1",,,https://www.allonsbontrain.fr/preparer-voyage/hotel-comporta-alma-da-comporta/,,,,,,117877.0,30203.0,1129.0,164.0,0,0,Normal,0,0.0,2.0,,4.0,1.0,0.0,0,61.0,22.0,0.0,4.0,3.0,0.0,,,,,80127782e384c52dbb644f76707ad8a3,0,"Thu, 16 May 2024 13:37:44 GMT",,,,1.1,https://www.allonsbontrain.fr/preparer-voyage/hotel-comporta-alma-da-comporta/,2024-05-16 15:53:19,0.0,0.0,0.0,0.0,,Indexable,,0,0,0,0,0,0,0,0,0
65,hotel comporta alma da comporta,6,https://alma-da-comporta.com/fr/sublime-comporta/,0,200.0,509.0,54.0,7.0,,0.0,8.0,18.0,5.0,33.0,764.0,3.0,1138.0,48.0,764.0,443.0,1138.0,443.0,0.0,48.0,text/html; charset=UTF-8,200.0,OK,Indexable,,"L'Hôtel Sublime Comporta, une Retraite Idyllique dans la Nature",63.0,557.0,"Le design hôtel Sublime Comporta se situe à Muda au Portugal, au milieu des pins parasol, des chênes-lièges et des fleurs sauvages.",131.0,821.0,,0.0,Sublime Comporta,16.0,,0.0,Les restaurants du Sublime,26.0,Les activités proposées au Sublime et autour,44.0,"index, follow, max-image-preview:large, max-snippet:-1, max-video-preview:-1",,,https://alma-da-comporta.com/fr/sublime-comporta/,,,,,,69684.0,17541.0,872.0,119.0,0,0,Fairly Easy,0,0.0,2.0,,5.0,2.0,0.0,0,41.0,23.0,0.0,4.0,3.0,0.0,,,,,adc56b7edbcfac79df946f04eb7df252,0,"Thu, 16 May 2024 12:32:07 GMT",,,,1.1,https://alma-da-comporta.com/fr/sublime-comporta/,2024-05-16 15:53:10,0.0,0.0,0.0,0.0,,Indexable,,0,0,0,0,0,0,0,0,0
66,hotel comporta alma da comporta,7,https://www.hautsdulyonnaistourisme.fr/hotel-comporta-alma-da-comporta/,0,,,,,,0.0,2.0,0.0,0.0,27.0,1297.0,,1487.0,1.0,1297.0,690.765239507712,1487.0,770.6443577784704,12.0,1.0,text/html; charset=UTF-8,200.0,OK,Indexable,,"Hôtel Comporta Alma da Comporta : luxe, cadre idyllique et avis",63.0,560.0,"Découvrez notre avis sur le magnifique Hôtel Comporta Alma da Comporta au Portugal, un hôtel luxueux avec des services haut de gamme.",133.0,861.0,,0.0,Notre avis sur l’hôtel Comporta Alma da Comporta : une expérience unique et relaxante,85.0,,0.0,La situation idéale de l’hôtel Comporta Alma da Comporta,56.0,hôtel Comporta Alma da Comporta : Une ambiance chaleureuse et conviviale,72.0,"index, follow, max-image-preview:large, max-snippet:-1, max-video-preview:-1",,,https://www.hautsdulyonnaistourisme.fr/hotel-comporta-alma-da-comporta/,,,,,,74498.0,17173.0,1375.0,190.0,0,0,Fairly Easy,0,0.0,1.0,,18.0,2.0,0.0,0,83.0,22.0,0.0,1.0,1.0,0.0,,,,,43377aefbae6b8a8dcac0bb2152f114d,0,,,,,1.1,https://www.hautsdulyonnaistourisme.fr/hotel-comporta-alma-da-comporta/,2024-05-16 15:53:02,0.0,0.0,0.0,0.0,,Indexable,,0,0,0,0,0,0,0,0,0
67,hotel comporta alma da comporta,8,https://www.idsejour.fr/alma-da-comporta-un-hotel-unique-au-coeur-de-lalentejo/,0,200.0,51.0,69.0,18.0,,0.0,281.0,131.0,3.0,63.0,,,,,,592.1671131773726,,357.5,0.0,,text/html; charset=UTF-8,200.0,OK,Indexable,,Hotel Comporta Alma Da Comporta : exclusivité et charme naturel,63.0,582.0,Découvrez l'intimité de Comporta - L'exclusivité et le charme naturel d'Alma da Comporta,88.0,547.0,,0.0,Alma da Comporta – Un Hôtel Unique au Cœur de l’Alentejo,56.0,,0.0,Une Maison Idalia unique en son genre,37.0,Le Village AlmaLusa : un espace de sérénité,43.0,"index, follow, max-image-preview:large, max-snippet:-1, max-video-preview:-1",,,https://www.idsejour.fr/alma-da-comporta-un-hotel-unique-au-coeur-de-lalentejo/,,,,,,193913.0,71827.0,1596.0,208.0,0,0,Normal,0,0.0,1.0,,2.0,1.0,0.0,0,140.0,134.0,0.0,3.0,3.0,0.0,,,,,a9ae8665aef2277a714bca9905a00127,0,,,,,1.1,https://www.idsejour.fr/alma-da-comporta-un-hotel-unique-au-coeur-de-lalentejo/,2024-05-16 15:52:57,0.0,0.0,0.0,0.0,,Indexable,,0,0,0,0,0,0,0,0,0
68,hotel comporta alma da comporta,9,https://www.volcreole.com/hotel-comporta-alma-da-comporta/,0,200.0,56.0,67.0,48.0,,0.0,16.0,20.0,0.0,40.0,,,,,,833.4791115537512,,514.7080841809475,0.0,,text/html; charset=UTF-8,200.0,OK,Indexable,,Hotel Comporta alma da comporta : un luxueux dépaysement,56.0,541.0,Vivez une expérience unique à l'hôtel Alma da Comporta. Découvrez le luxe dépaysant de Comporta.,96.0,618.0,,0.0,L’hôtel Comporta Alma da Comporta : Une expérience unique et dépaysante,71.0,,0.0,Localisation idyllique au cœur de la nature préservée,53.0,Une décoration raffinée et authentique,38.0,"index, follow, max-image-preview:large, max-snippet:-1, max-video-preview:-1",,,https://www.volcreole.com/hotel-comporta-alma-da-comporta/,,,,,,128958.0,29731.0,1417.0,217.0,0,0,Normal,0,0.0,1.0,,12.0,1.0,0.0,0,36.0,18.0,0.0,0.0,0.0,0.0,,,,,1e60d0de745f973c821e1acf4ee7efbb,0,"Thu, 16 May 2024 05:57:27 GMT",,,,1.1,https://www.volcreole.com/hotel-comporta-alma-da-comporta/,2024-05-16 15:53:03,0.0,0.0,0.0,0.0,,Indexable,,0,0,0,0,0,0,0,0,0
69,hotel comporta alma da comporta,10,https://www.almalusahotels.com/comporta/homepage,0,301.0,496.0,61.0,20.0,43.0,2.0,6.0,1.0,0.0,,1083.0,4.0,2187.0,41.0,823.0,2638.1734818143277,1509.0,1297.1136433917204,48.5,41.0,text/html; charset=iso-8859-1,301.0,Moved Permanently,Non-Indexable,Redirected,,0.0,0.0,,0.0,0.0,,0.0,,0.0,,0.0,,0.0,,0.0,,,,,,,,,,248.0,248.0,0.0,,0,0,,0,0.0,1.0,,0.0,0.0,0.0,0,0.0,0.0,0.0,0.0,0.0,0.0,,,,,,0,,https://www.almalusahotels.com/comporta/,HTTP Redirect,,1.1,https://www.almalusahotels.com/comporta/homepage,2024-05-16 15:53:10,,,,,,,,0,0,0,0,0,0,0,0,0
70,hotel comporta alma da comporta,11,https://www.staysomedays.com/hotels/destinations/europe/portugal/comporta-et-cote-atlantique,1,0.0,0.0,41.0,,,0.0,1.0,0.0,0.0,33.0,1191.0,2.0,1562.0,7.0,1191.0,839.4689206058845,1562.0,1032.9966480799012,12.100361712375616,7.0,text/html; charset=UTF-8,200.0,OK,Indexable,,Les plus beaux hôtels à Comporta - STAY SOME DAYS,49.0,479.0,Explorez notre sélection des plus beaux endroits pour séjourner à Comporta.,75.0,474.0,,0.0,Comporta et côte Atlantique,27.0,,0.0,STAY SOME DAYS,14.0,,0.0,"index, follow, max-image-preview:large, max-snippet:-1, max-video-preview:-1",,,https://www.staysomedays.com/hotels/destinations/europe/portugal/comporta-et-cote-atlantique,,,,,,288113.0,29437.0,2988.0,710.0,0,0,Normal,0,0.0,4.0,,4.0,1.0,0.0,0,214.0,30.0,0.0,82.0,23.0,0.0,,,,,d3629a8c6f4e45966c1cf154b9d52dec,0,"Fri, 10 May 2024 21:40:35 GMT",,,,1.1,https://www.staysomedays.com/hotels/destinations/europe/portugal/comporta-et-cote-atlantique,2024-05-16 15:53:13,0.0,0.0,0.0,0.0,,Indexable,,0,0,0,0,0,0,0,0,0
71,hotel comporta alma da comporta,12,https://www.harestaurant.fr/hotel-comporta-alma-da-comporta/,1,,,,,,0.0,5.0,0.0,0.0,52.0,1423.0,,1635.0,1.0,1423.0,755.7007734191991,1635.0,755.7007734191991,0.0,1.0,text/html; charset=UTF-8,200.0,OK,Indexable,,Hôtel Alma da Comporta : Luxe et Authenticité à l'hôtel Comporta,64.0,576.0,,0.0,0.0,,0.0,Hôtel Alma da Comporta : Luxe et Authenticité à l’hôtel Comporta,64.0,,0.0,Découverte de l’Hôtel Comporta Alma Da Comporta,47.0,Les Chambres et Suites,22.0,"index, follow, max-image-preview:large, max-snippet:-1, max-video-preview:-1",,,https://www.harestaurant.fr/hotel-comporta-alma-da-comporta/,,,,,,141339.0,36770.0,1821.0,275.0,0,0,Normal,0,0.0,1.0,,34.0,2.0,0.0,0,77.0,21.0,0.0,1.0,1.0,0.0,,,,,636c3f8d69140aaec873d2ccf35d7d59,0,"Fri, 10 May 2024 10:21:06 GMT",,,,1.1,https://www.harestaurant.fr/hotel-comporta-alma-da-comporta/,2024-05-16 15:52:52,0.0,0.0,0.0,0.0,,Indexable,,0,0,0,0,0,0,0,0,0
72,hotel comporta alma da comporta,13,https://www.booking.com/hotel/pt/almalusa-comporta.fr.html,1,,,,,,0.0,0.0,0.0,0.0,,3766.0,9.0,3960.0,5.0,3766.0,3277.830463532795,3960.0,8579.962416556162,1584.4999999999986,5.0,text/html; charset=UTF-8,200.0,OK,Indexable,,"AlmaLusa Comporta, Comporta – Tarifs 2024",41.0,403.0,"Situé à Comporta, à 2,5 km de la plage du village, l'AlmaLusa Comporta propose un parking privé, une piscine extérieure ouverte en saison, un jardin et une...",158.0,963.0,"AlmaLusa Comporta, Comporta, Portugal, R:Alentejo, Hôtel, Hôtels",64.0,"Offres à l'établissement AlmaLusa Comporta (Hôtel), (Portugal)",62.0,,0.0,Rechercher,10.0,AlmaLusa Comporta,17.0,"index,follow",,,https://www.booking.com/hotel/pt/almalusa-comporta.fr.html,,,,,,1419633.0,333448.0,2996.0,731.0,0,0,Fairly Easy,0,0.0,2.0,,45.0,2.0,0.0,0,121.0,72.0,0.0,3.0,3.0,0.0,,,,,131c72799068bce2ac158989d0e177e4,0,,,,,1.1,https://www.booking.com/hotel/pt/almalusa-comporta.fr.html,2024-05-16 15:53:02,0.0,0.0,0.0,0.0,,Indexable,,0,0,0,0,0,0,0,0,0
73,hotel comporta alma da comporta,14,https://www.yonder.fr/destinations/grand-angle/comporta-les-meilleures-adresses-avec-alma-da-comporta,1,200.0,560.0,63.0,20.0,,0.0,6.0,74.0,14.0,69.0,1142.0,2.0,1362.0,0.0,1142.0,1218.469648681396,1362.0,1615.8009753684878,5.5,0.0,text/html; charset=utf-8,200.0,OK,Indexable,,Week-end à Comporta : les meilleures adresses de la destination bohème chic,75.0,687.0,"Où dormir, que voir, que faire, où manger, où boire un verre et où aller à la plage, sélection des bonnes adresses de Comporta au Portugal.",139.0,847.0,,0.0,Visiter Comporta : les meilleures adresses pour un week-end bohème chic,71.0,,0.0,Formulaire de recherche,23.0,Formulaire de recherche,23.0,,,,https://www.yonder.fr/destinations/grand-angle/comporta-les-meilleures-adresses-avec-alma-da-comporta,,,,,,124826.0,29787.0,2787.0,429.0,0,0,Fairly Easy,0,0.0,2.0,,1.0,1.0,0.0,0,143.0,79.0,0.0,21.0,14.0,0.0,,,,,69398063bf2ec6f88e32da46dea8ad9c,0,,,,,1.1,https://www.yonder.fr/destinations/grand-angle/comporta-les-meilleures-adresses-avec-alma-da-comporta,2024-05-16 15:53:08,0.0,0.0,0.0,0.0,,Indexable,,0,0,0,0,0,0,0,0,0
74,hotel comporta alma da comporta,15,https://www.booking.com/city/pt/comporta.fr.html,1,,,43.0,,,1.0,6.0,0.0,0.0,63.0,3766.0,9.0,3960.0,5.0,3766.0,1869.3970140839303,3960.0,4916.0577333865385,747.9959549400912,5.0,text/html; charset=UTF-8,200.0,OK,Indexable,,"Les 10 meilleurs hôtels à Comporta, au Portugal (à partir de € 145)",67.0,584.0,"Des réductions incroyables sur des hôtels à: Comporta, Portugal. Bonne disponibilité et tarifs exceptionnels. Consultez les commentaires et choisissez la meilleure offre pour votre séjour.",188.0,1153.0,"Hôtel, Hôtels, Comporta, hébergement, logement, Offres spéciales, promotions, offres week-ends Comporta Portugal, Prix compétitifs, réductions, prix bon marché",159.0,Recherchez des hôtels à Comporta,32.0,,0.0,Indiquez vos dates afin de voir nos derniers tarifs et nos offres pour des hôtels à Comporta,92.0,Les hôtels les plus réservés à Comporta le mois dernier,55.0,"index,follow",,,https://www.booking.com/city/pt/comporta.fr.html,,,,,,807392.0,187388.0,2697.0,660.0,0,0,Easy,0,0.0,2.0,,8.0,2.0,0.0,0,163.0,94.0,0.0,3.0,3.0,0.0,,,,,3f7b13f21a7c90688d9d7925ea251a03,0,,,,,1.1,https://www.booking.com/city/pt/comporta.fr.html,2024-05-16 15:53:03,0.0,0.0,0.0,0.0,,Indexable,,0,0,0,0,0,0,0,0,0
75,hotel comporta alma da comporta,16,https://www.hautsdulyonnaistourisme.fr/villa-comporta-alma-da-comporta/,1,,,,,,0.0,3.0,0.0,0.0,42.0,1297.0,,1487.0,1.0,1297.0,725.2579803789744,1487.0,785.0660911705386,8.0,1.0,text/html; charset=UTF-8,200.0,OK,Indexable,,"Villa Comporta Alma da Comporta : Lieux, réservation et services",64.0,571.0,"Découvrez la magnifique villa Comporta Alma da Comporta pour un séjour luxueux inoubliable au Portugal. Piscine, suite, jardin et barbecue.",139.0,866.0,,0.0,Notre avis sur la sublime Villa Comporta Alma da Comporta au Portugal,69.0,,0.0,La Villa Comporta Alma da Comporta : un emplacement idyllique pour vos vacances,79.0,La Villa Comporta Alma da Comporta : Un design soigné et une décoration somptueuse,82.0,"index, follow, max-image-preview:large, max-snippet:-1, max-video-preview:-1",,,https://www.hautsdulyonnaistourisme.fr/villa-comporta-alma-da-comporta/,,,,,,78114.0,18306.0,1643.0,220.0,0,0,Normal,0,0.0,1.0,,19.0,2.0,0.0,0,81.0,24.0,0.0,1.0,1.0,0.0,,,,,f54dd07dd1f0495b2b1b72433acf53,0,,,,,1.1,https://www.hautsdulyonnaistourisme.fr/villa-comporta-alma-da-comporta/,2024-05-16 15:53:09,0.0,0.0,0.0,0.0,,Indexable,,0,0,0,0,0,0,0,0,0
76,hotel comporta alma da comporta,17,https://fr.tripadvisor.ch/Hotel_Review-g1441322-d25175583-Reviews-AlmaLusa_Comporta-Comporta_Setubal_District_Alentejo.html,1,,,46.0,,,2.0,6.0,0.0,0.0,,,,,,,,,,,,text/html;charset=utf-8,403.0,Forbidden,Non-Indexable,Client Error,,0.0,0.0,,0.0,0.0,,0.0,,0.0,,0.0,,0.0,,0.0,,,,,,,,,,584.0,584.0,0.0,,0,0,,0,0.0,0.0,,0.0,0.0,0.0,0,0.0,0.0,0.0,0.0,0.0,0.0,,,,,,0,,,,,1.1,https://fr.tripadvisor.ch/Hotel_Review-g1441322-d25175583-Reviews-AlmaLusa_Comporta-Comporta_Setubal_District_Alentejo.html,2024-05-16 15:52:55,,,,,,,,0,0,0,0,0,0,0,0,0
77,hotel comporta alma da comporta,18,https://www.lapergolamarseille.fr/it/hotel-alma-da-comporta-pergola/,1,,,,,,0.0,1.0,0.0,0.0,,,,,,,1773.0357849551438,,327.0,0.0,,text/html; charset=UTF-8,200.0,OK,Indexable,,Hotel Alma da Comporta et Pergola - La Pergola,46.0,421.0,"Imaginez un hôtel où le luxe rencontre l’ingéniosité architecturale sous forme de pergolas magnifiquement intégrées, l’Alma da Comporta vous invite à un",152.0,947.0,,0.0,Albergo Alma da Comporta e Pergola,34.0,,0.0,Albergo Alma da Comporta,24.0,Le camere dell'hotel,20.0,"index, follow, max-snippet:-1, max-video-preview:-1, max-image-preview:large",,,https://www.lapergolamarseille.fr/it/hotel-alma-da-comporta-pergola/,,,,,,101818.0,22878.0,1416.0,203.0,0,0,Very Hard,0,0.0,2.0,,4.0,1.0,0.0,0,89.0,42.0,0.0,0.0,0.0,0.0,,,,,63a2fa2bd12991f0c5ca6dd763ec308d,0,,,,,1.1,https://www.lapergolamarseille.fr/it/hotel-alma-da-comporta-pergola/,2024-05-16 15:53:15,0.0,0.0,0.0,0.0,,Indexable,,0,0,0,0,0,0,0,0,0
78,hotel comporta alma da comporta,19,"https://www.marieclaire.fr/hebergements-insolites-decouvrez-le-portugal-autrement-avec-alma-da-comporta,1471678.asp",1,,,59.0,21.0,,0.0,47.0,0.0,0.0,33.0,1043.0,3.0,1556.0,20.0,1043.0,1424.610381967117,1556.0,2925.524487508328,138.0,20.0,text/html; charset=UTF-8,200.0,OK,Indexable,,Hébergements insolites : découvrez le Portugal autrement avec Alma da Comporta - Marie Claire,93.0,851.0,"Aujourd'hui, partons dans un voyage dépaysant à travers le Portugal, et plus particulièrement dans une région authentique, où nous avons déniché l'adresse parfaite pour tous ceux à la recherche d'une expérience unique : Alma da Comporta.",237.0,1484.0,,0.0,Hébergements insolites : découvrez le Portugal autrement avec Alma da Comporta,78.0,,0.0,Une retraite spirituelle au cœur de la culture portugaise,57.0,Un service au-delà de toute attente,35.0,"index, follow, max-snippet:-1, max-image-preview:large, max-video-preview:-1",,,"https://www.marieclaire.fr/hebergements-insolites-decouvrez-le-portugal-autrement-avec-alma-da-comporta,1471678.asp",,,,,,98553.0,17898.0,906.0,143.0,0,0,Fairly Easy,0,0.0,0.0,,0.0,0.0,0.0,0,63.0,52.0,0.0,13.0,8.0,0.0,,,,,9c6af4c65714c21ca3cc2a5e6cf4763,0,"Mon, 13 May 2024 13:25:20 GMT",,,,1.1,"https://www.marieclaire.fr/hebergements-insolites-decouvrez-le-portugal-autrement-avec-alma-da-comporta,1471678.asp",2024-05-16 15:53:03,0.0,0.0,0.0,0.0,,Indexable,,0,0,0,0,0,0,0,0,0
79,hotel comporta alma da comporta,20,https://www.harestaurant.fr/villa-comporta-alma-da-comporta/,1,,,,,,0.0,6.0,0.0,0.0,49.0,1423.0,,1635.0,1.0,1423.0,783.6964738967126,1635.0,783.6964738967126,0.0,1.0,text/html; charset=UTF-8,200.0,OK,Indexable,,Séjour de Luxe à Villa Alma Da Comporta : Confort et Intimité - Ha Restaurant,77.0,677.0,,0.0,0.0,,0.0,Séjour de Luxe à Villa Alma Da Comporta : Confort et Intimité,61.0,,0.0,Pourquoi Choisir Villa Comporta Alma da Comporta ?,50.0,Caractéristiques Uniques de la Villa,36.0,"index, follow, max-image-preview:large, max-snippet:-1, max-video-preview:-1",,,https://www.harestaurant.fr/villa-comporta-alma-da-comporta/,,,,,,147530.0,38420.0,2265.0,327.0,0,0,Normal,0,0.0,1.0,,35.0,2.0,0.0,0,79.0,22.0,0.0,1.0,1.0,0.0,,,,,b82d9128098c8de71d69e44ed4890c2d,0,"Fri, 10 May 2024 10:20:43 GMT",,,,1.1,https://www.harestaurant.fr/villa-comporta-alma-da-comporta/,2024-05-16 15:53:18,0.0,0.0,0.0,0.0,,Indexable,,0,0,0,0,0,0,0,0,0
80,hotel paris,1,https://www.hotelaparis.com/,0,200.0,20.0,77.0,44.0,65.0,332.0,7772.0,37.0,2.0,36.0,963.0,2.0,1362.0,0.0,838.0,829.650667609597,1092.0,1642.4407550275653,3.0000000000001137,17.0,text/html; charset=utf-8,200.0,OK,Indexable,,Le top des hôtels à Paris au meilleur prix dès 19€ | Hotelaparis.com,68.0,591.0,"Hôtel à Paris : recherche et réservation d’un hôtel à Paris. Choix de plus de 1890 hôtels du 1 au 5 étoiles, hôtel de chaîne, hôtel de charme ou Palace parisien. Description, photos, prix de chaque hôtel sont proposés. Paiement securisé et confirmation immédiate, pour la réservation d’hôtel à Paris",299.0,1819.0,,0.0,"Bienvenue sur Hôtel à ParisLe meilleur site pour trouver, comparer et réserver un hôtel à Paris",95.0,,0.0,Hôtel à Paris,13.0,"Le meilleur site pour trouver, comparer et réserver un hôtel à Paris",68.0,,,,https://www.hotelaparis.com/,,,,,,69437.0,22528.0,458.0,89.0,0,0,Very Easy,0,0.0,0.0,,3.0,2.0,0.0,0,55.0,39.0,0.0,4.0,2.0,0.0,,,,,2a5e399ee79868661c0babf596e4ae9e,0,"Thu, 16 May 2024 02:59:24 GMT",,,,1.1,https://www.hotelaparis.com/,2024-05-16 15:53:19,0.0,0.0,0.0,0.0,,Indexable,,0,0,0,0,0,0,0,0,0
81,hotel paris,2,https://www.booking.com/city/fr/paris.fr.html,0,200.0,1250.0,69.0,60.0,55.0,131.0,430.0,160.0,27.0,97.8,2585.0,5.0,2872.0,1.0,3766.0,2022.6715170098282,3960.0,4850.811191435227,977.4240860922869,5.0,text/html; charset=UTF-8,200.0,OK,Indexable,,Les 10 meilleurs hôtels à Paris (à partir de € 65),50.0,418.0,"Des réductions incroyables sur des hôtels à: Paris, France. Bonne disponibilité et tarifs exceptionnels. Consultez les commentaires et choisissez la meilleure offre pour votre séjour.",183.0,1113.0,"Hôtel, Hôtels, Paris, hébergement, logement, Offres spéciales, promotions, offres week-ends Paris France, Prix compétitifs, réductions, prix bon marché",151.0,Recherchez des hôtels à Paris,29.0,,0.0,Indiquez vos dates afin de voir nos derniers tarifs et nos offres pour des hôtels à Paris,89.0,Les hôtels les plus réservés à Paris le mois dernier,52.0,"index,follow",,,https://www.booking.com/city/fr/paris.fr.html,,,,,,999779.0,218684.0,5604.0,1205.0,0,0,Very Easy,0,0.0,2.0,,8.0,2.0,0.0,0,208.0,143.0,0.0,3.0,3.0,0.0,,,,,9fd5d5404dfbd6c000e1afaf7d105b5b,0,,,,,1.1,https://www.booking.com/city/fr/paris.fr.html,2024-05-16 15:52:52,0.0,0.0,0.0,0.0,,Indexable,,0,0,0,0,0,0,0,0,0
82,hotel paris,3,https://www.kayak.fr/Paris-Hotels.36014.hotel.ksp,0,,,83.0,45.0,58.0,63.0,91534.0,0.0,0.0,98.1,1396.0,8.0,1702.0,2.0,1389.0,1955.8665487452713,2351.0,2998.4531079708213,1211.5,12.0,text/html;charset=UTF-8,200.0,OK,Indexable,,Hôtels à Paris pas chers à partir de 66 €/nuit - KAYAK,54.0,470.0,"À la recherche d’un hôtel à Paris ? Hôtels 2 étoiles dès 66 €, hôtels 3 étoiles dès 46 € et 4 étoiles et + dès 114 €. Hotel Victoria dès 91 € par nuit, Grand Hôtel de l'Europe dès 78 € par nuit, Jarry dès 66 € par nuit et plus. Comparez les prix de 18,885 hôtels à Paris sur KAYAK dès maintenant.",296.0,1779.0,,0.0,Hôtels à Paris,14.0,,0.0,Parcourez des centaines de sites de voyage à la fois et trouvez un hôtel à Paris,80.0,Meilleurs hôtels à Paris,24.0,"index,follow",,,https://www.kayak.fr/Paris-Hotels.36014.hotel.ksp,,,,,,1287783.0,209627.0,5335.0,783.0,0,0,Very Easy,0,0.0,0.0,,33.0,2.0,0.0,0,357.0,301.0,0.0,106.0,105.0,0.0,,,,,9970bbb8d13a925d2f19d70df27b4cbb,0,,,,,1.1,https://www.kayak.fr/Paris-Hotels.36014.hotel.ksp,2024-05-16 15:53:01,0.0,0.0,0.0,0.0,,Indexable,,0,0,0,0,0,0,0,0,0
83,hotel paris,4,https://fr.hotels.com/de504261/hotels-paris-france/,0,200.0,624.0,71.0,41.0,61.0,282.0,3186.0,15.0,59.0,,2254.0,18.0,2477.0,11.0,2222.0,2677.8512203807995,3398.0,5148.559029035447,2226.0000000000005,5.0,text/html; charset=utf-8,200.0,OK,Indexable,,Les meilleurs hôtels à Paris à partir de 72 € en 2024 | Hotels.com,66.0,570.0,"Comparez les prix de 13 279 établissements à Paris ! Découvrez notre sélection d'hôtels aux prix les plus avantageux, accessibles à tous.",137.0,847.0,,0.0,Hôtels à Paris,14.0,,0.0,Les membres connectés économisent 10 % minimum sur plus de 100 000 hôtels dans le monde.,88.0,Trouvez et réservez le séjour idéal Trouvez et réservez le séjour idéal Détails importants,90.0,"index,follow",,,https://fr.hotels.com/de504261/hotels-paris-france/,,,,,,1717399.0,246531.0,373.0,137.0,0,0,Very Easy,0,0.0,2.0,,12.0,2.0,0.0,0,27.0,16.0,0.0,3.0,3.0,0.0,,,,,6e3050d02c744bb5730e15e5c7568ba6,0,,,,,1.1,https://fr.hotels.com/de504261/hotels-paris-france/,2024-05-16 15:53:10,0.0,0.0,0.0,0.0,,Indexable,,0,0,0,0,0,0,0,0,0
84,hotel paris,5,https://www.trivago.fr/fr/odr/h%C3%B4tels-paris-france?search=200-22235,0,,,73.0,35.0,,52.0,5181.0,0.0,0.0,38.0,1586.0,30.0,3185.0,12.0,1586.0,2911.776904931957,3185.0,3128.3601686535962,1263.000000000001,12.0,,,,,,,,,,,,,,,,,,,,,,,,,,,,,,,,,,,0,0,,0,,,,,,,0,,,,,,,,,,,,0,,,,,,,,,,,,,,,0,0,0,0,0,0,0,0,0
85,hotel paris,6,https://www.tripadvisor.fr/Hotels-g187147-Paris_Ile_de_France-Hotels.html,0,200.0,857.0,79.0,48.0,57.0,43.0,3720.0,236.0,52.0,,,,,,,,,,,,text/html;charset=utf-8,403.0,Forbidden,Non-Indexable,Client Error,,0.0,0.0,,0.0,0.0,,0.0,,0.0,,0.0,,0.0,,0.0,,,,,,,,,,584.0,584.0,0.0,,0,0,,0,0.0,0.0,,0.0,0.0,0.0,0,0.0,0.0,0.0,0.0,0.0,0.0,,,,,,0,,,,,1.1,https://www.tripadvisor.fr/Hotels-g187147-Paris_Ile_de_France-Hotels.html,2024-05-16 15:52:52,,,,,,,,0,0,0,0,0,0,0,0,0
86,hotel paris,7,https://www.hotel-bb.com/fr/ville/hotels-paris,0,403.0,12.0,68.0,35.0,60.0,76.0,520.0,0.0,0.0,18.0,3299.0,22.0,5428.0,17.0,1847.0,5423.295945393575,2270.0,5255.355747018713,1709.0004183219776,19.0,text/html; charset=UTF-8,200.0,OK,Indexable,,Hôtels pas chers à Paris à partir de € 50 | B&B HOTELS,54.0,480.0,Réservez votre hôtel pas cher à Paris ou dans un arrondissement à proximité des grands monuments. Réservez au meilleur prix garanti sur le site officiel B&B HOTELS !,165.0,1031.0,,0.0,"B&B HOTELS à Paris, 27 hôtels",29.0,,0.0,Nos hôtels à Paris,18.0,Réservez votre hôtel à Paris avec B&B HOTELS,44.0,,,,https://www.hotel-bb.com/fr/ville/hotels-paris,,,,,,1154693.0,66051.0,5321.0,1084.0,0,0,Very Easy,0,0.0,2.0,,135.0,2.0,0.0,0,501.0,297.0,0.0,7.0,6.0,0.0,,,,,5c2d5f50f5a71e2c3f13c4094b6313e1,0,"Thu, 16 May 2024 13:44:54 GMT",,,,1.1,https://www.hotel-bb.com/fr/ville/hotels-paris,2024-05-16 15:53:10,0.0,0.0,0.0,0.0,,Indexable,,0,0,0,0,0,0,0,0,0
87,hotel paris,8,https://www.kyriad.com/fr-fr/nos-hotels/france/ile-de-france/hotels-paris/,0,200.0,1912.0,79.0,58.0,72.0,1925.0,629.0,100.0,34.0,,,,,,,,,,,,text/html; charset=utf-8,200.0,OK,Indexable,,Hôtel Paris : réservez votre chambre au meilleur prix | Kyriad,62.0,528.0,Réservez vite votre chambre dans l'un de nos hôtels Kyriad 3 étoiles Paris. Retrouvez tous les hôtels Kyriad en Europe et dans le monde. Plus de 100 destinations à découvrir!,174.0,1072.0,,0.0,Hôtels à Paris,14.0,,0.0,Réservez dès à présent dans nos hôtels Kyriad,45.0,Les sites d’intérêt touristique à Paris,39.0,,,,https://www.kyriad.com/fr-fr/nos-hotels/france/ile-de-france/hotels-paris/,,,,,,1198442.0,168708.0,5638.0,1266.0,0,0,Fairly Easy,0,0.0,5.0,,5.0,2.0,0.0,0,191.0,135.0,0.0,0.0,0.0,0.0,,,,,20e93519664485c893108586b346ef9e,0,,,,,1.1,https://www.kyriad.com/fr-fr/nos-hotels/france/ile-de-france/hotels-paris/,2024-05-16 15:52:59,0.0,0.0,0.0,0.0,,Indexable,,0,0,0,0,0,0,0,0,0
88,hotel paris,9,https://www.bestwestern.fr/recherche-paris/,0,200.0,2734.0,75.0,31.0,56.0,45.0,436.0,120.0,17.0,57.0,1458.0,7.0,1893.0,4.0,1190.0,2778.565138410375,1467.0,4357.5630669224265,361.9999999999993,8.0,text/html;charset=UTF-8,200.0,OK,Indexable,,Hôtel Paris : Les Meilleurs Hôtels à Paris | Best Western,57.0,487.0,"Découvrez le confort exceptionnel de Best Western, votre choix idéal d'hôtel à Paris. Séjournez avec style et profitez d'une escapade au cœur de la ville lumière.",162.0,981.0,"hotel Paris, réservation hotel Paris, hotel, chambre hotel Paris, hebergement hotel Paris",89.0,Nos hôtels à Paris,18.0,,0.0,Quels sont les meilleurs hôtels à Paris ?,41.0,Quels quartiers sont recommandés pour séjourner à Paris ?,57.0,"index,follow",,,,,,,,,203517.0,37528.0,2577.0,526.0,0,0,Fairly Easy,0,0.0,1.0,,2.0,1.0,0.0,0,177.0,135.0,0.0,15.0,13.0,0.0,,,,,fc910742b9dab49495f8d1a60c6d647c,0,,,,,1.1,https://www.bestwestern.fr/recherche-paris/,2024-05-16 15:52:58,0.0,0.0,0.0,0.0,,Indexable,,0,0,0,0,0,0,0,0,0
89,hotel paris,10,https://www.paris-france-hotel.com/fr/,0,200.0,136.0,66.0,9.0,49.0,5.0,298.0,21.0,6.0,22.0,1852.0,3.0,2124.0,15.0,1852.0,1104.397720783278,2124.0,448.0,0.0,15.0,text/html; charset=UTF-8,200.0,OK,Indexable,,Paris France Hôtel | Site Officiel | Marais République,54.0,456.0,"Le Paris France Hôtel, un hôtel trois étoiles, au cœur de Paris, dans le quartier du Marais, à 2 pas de la Place de la République, vous souhaite la bienvenue sur son site officiel. Meilleurs tarifs garantis",206.0,1218.0,,0.0,Bienvenue au Paris France Hotel***,34.0,,0.0,une sublime bâtisse en pierre de taille typique de la Belle Époque,66.0,Chambres,8.0,,,,,,,,,,73061.0,18271.0,689.0,108.0,0,0,Fairly Easy,0,0.0,1.0,,6.0,1.0,0.0,0,47.0,23.0,0.0,12.0,11.0,0.0,,,,,68130a95aa639887f40a2ad2f869866,0,,,,,1.1,https://www.paris-france-hotel.com/fr/,2024-05-16 15:52:58,0.0,0.0,0.0,0.0,,Indexable,,0,0,0,0,0,0,0,0,0
90,hotel paris,11,https://www.hotelaparis.com/hotel-paris-arrondissement.html,1,200.0,228.0,75.0,31.0,39.0,2.0,7759.0,49.0,2.0,36.0,838.0,2.0,1092.0,17.0,838.0,935.2950490391778,1092.0,1023.039329848046,3.500000000000057,17.0,text/html; charset=utf-8,200.0,OK,Indexable,,"Hôtels à Paris, par arrondissement",34.0,303.0,"Hotels à Paris et dans la région parisienne, regroupés arrondissement par arrondissement.",89.0,559.0,hotel paris par arrondissement,30.0,Hôtels à Paris par arrondissement,33.0,,0.0,Hôtel à Paris,13.0,"Le meilleur site pour trouver, comparer et réserver un hôtel à Paris",68.0,,,,https://www.hotelaparis.com/hotel-paris-arrondissement.html,,,,,,44979.0,17350.0,290.0,52.0,0,0,Fairly Easy,0,0.0,0.0,,2.0,2.0,0.0,0,61.0,50.0,0.0,2.0,2.0,0.0,,,,,754ae39862cbb5a847be93ecd815026a,0,"Thu, 16 May 2024 03:01:45 GMT",,,,1.1,https://www.hotelaparis.com/hotel-paris-arrondissement.html,2024-05-16 15:53:08,0.0,0.0,0.0,0.0,,Indexable,,0,0,0,0,0,0,0,0,0
91,hotel paris,12,https://www.staycation.co/fr/paris,1,200.0,23.0,64.0,19.0,58.0,53.0,4.0,11.0,7.0,33.0,935.0,11.0,1365.0,66.0,812.0,2425.825047112471,2731.0,3371.5082545359755,1206.4999999999998,30.0,text/html; charset=utf-8,200.0,OK,Indexable,,Staycation Paris | 24h dans les meilleurs hôtels de luxe de Paris,65.0,558.0,"Profitez chaque week-end d'expériences dans les plus beaux hôtels de luxe de Paris, à des tarifs confidentiels jusqu'à -70%.",124.0,762.0,,0.0,Upgradez le quotidien,21.0,,0.0,Des expériences de 24h près de chez vous,40.0,Dans les plus beaux hôtels de luxe de Paris,43.0,,,,https://www.staycation.co/fr/paris,,,,,,206776.0,39788.0,1255.0,183.0,0,0,Easy,0,0.0,1.0,,0.0,0.0,0.0,0,19.0,12.0,0.0,4.0,4.0,0.0,,,,,d79e446d2d0150e229a5aa41969439f9,0,,,,,1.1,https://www.staycation.co/fr/paris,2024-05-16 15:53:01,0.0,0.0,0.0,0.0,,Indexable,,0,0,0,0,0,0,0,0,0
92,hotel paris,13,https://parisjetaime.com/paris-pratique/ou-dormir-a-paris/hotels-paris-i029,1,200.0,1575.0,64.0,41.0,,0.0,6.0,85.0,13.0,37.0,2479.0,3.0,3121.0,4.0,2479.0,1305.2014947848493,3121.0,902.2746782425473,2.5,4.0,text/html; charset=UTF-8,403.0,Forbidden,Non-Indexable,Client Error,,0.0,0.0,,0.0,0.0,,0.0,,0.0,,0.0,,0.0,,0.0,,,,,,,,,,0.0,0.0,0.0,,0,0,,0,0.0,2.0,,0.0,0.0,0.0,0,0.0,0.0,0.0,0.0,0.0,0.0,,,,,,0,,,,,1.1,https://parisjetaime.com/paris-pratique/ou-dormir-a-paris/hotels-paris-i029,2024-05-16 15:53:14,,,,,,,,0,0,0,0,0,0,0,0,0
93,hotel paris,14,https://www.hotel-lancaster.com/fr/,1,200.0,12.0,65.0,33.0,60.0,70.0,45.0,33.0,15.0,33.0,1810.0,4.0,7638.0,41.0,947.0,4936.501954965762,3147.0,8450.038825028527,61.0,3.0,text/html; charset=utf-8,200.0,OK,Indexable,,Hôtel Lancaster Paris ***** | SITE OFFICIEL | Hôtel 5 étoiles Champs Elysées,76.0,670.0,"Bienvenue à l'Hôtel Lancaster, un charmant et luxueux hôtel 5 étoiles à Paris, à quelques pas des Champs Elysées. Site officiel, meilleurs tarifs garantis !",156.0,937.0,,0.0,,0.0,,0.0,Bienvenue dans votre Maison Parisienne !,40.0,Nos Offres sur mesure,21.0,,,,https://www.hotel-lancaster.com/fr/,,,,,,254066.0,53258.0,584.0,123.0,0,0,Fairly Easy,0,0.0,1.0,,10.0,1.0,0.0,0,76.0,34.0,0.0,25.0,15.0,0.0,,,,,ee505e6677f37afc50f1217297420785,0,"Wed, 08 May 2024 14:52:59 GMT",,,,1.1,https://www.hotel-lancaster.com/fr/,2024-05-16 15:53:09,0.0,0.0,0.0,0.0,,Indexable,,0,0,0,0,0,0,0,0,0
94,hotel paris,15,https://www.premiereclasse.com/fr-fr/nos-hotels/france/ile-de-france/hotels-paris/,1,200.0,135.0,79.0,52.0,71.0,1075.0,802.0,89.0,38.0,,2256.0,72.0,2670.0,17.0,1951.0,6948.19672516441,3475.0,8062.919374013645,4828.997769845808,6.0,text/html; charset=utf-8,200.0,OK,Indexable,,Hôtel Paris pas cher | Première Classe,38.0,335.0,Réserver vite votre hôtel pas cher Paris. Première Classe c'est l'essentiel à petit prix pour vous faciliter votre séjour. Rapport qualité / prix unique!,153.0,892.0,,0.0,Hôtels pas chers à Paris,24.0,,0.0,Réservez dès à présent dans nos hôtels pas chers Première Classe,64.0,Les sites d’intérêt touristique à Paris,39.0,,,,https://www.premiereclasse.com/fr-fr/nos-hotels/france/ile-de-france/hotels-paris/,,,,,,1187085.0,166543.0,5021.0,1164.0,0,0,Fairly Easy,0,0.0,5.0,,5.0,2.0,0.0,0,193.0,129.0,0.0,0.0,0.0,0.0,,,,,1d0f75ba9efdd4678b22ee819822e50d,0,,,,,1.1,https://www.premiereclasse.com/fr-fr/nos-hotels/france/ile-de-france/hotels-paris/,2024-05-16 15:53:07,0.0,0.0,0.0,0.0,,Indexable,,0,0,0,0,0,0,0,0,0
95,hotel paris,16,https://www.campanile.com/fr-fr/nos-hotels/france/ile-de-france/hotels-paris/,1,200.0,52.0,77.0,43.0,69.0,1796.0,900.0,151.0,59.0,,2630.0,46.0,3075.0,7.0,2222.0,3963.218443594392,3420.0,7554.905046990349,4356.498386651408,4.0,text/html; charset=utf-8,200.0,OK,Indexable,,Hôtel Paris : réservation en ligne | Campanile,46.0,393.0,Réservez dans l'un de nos hôtels Campanile Paris ! Un weekend en famille ou un voyage d'affaires ? Profitez de nos chambres d'hôtels économiques et conviviales,159.0,1003.0,,0.0,Hôtels à Paris,14.0,,0.0,Réservez dès maintenant dans nos hôtels restaurants Campanile,61.0,Lieux d'intérêts autour de nos hôtels à Paris,45.0,,,,https://www.campanile.com/fr-fr/nos-hotels/france/ile-de-france/hotels-paris/,,,,,,1227616.0,171358.0,5438.0,1257.0,0,0,Fairly Easy,0,0.0,5.0,,5.0,2.0,0.0,0,296.0,208.0,0.0,2.0,2.0,0.0,,,,,f4c8c7271cc8cd1d4f330f760f69533f,0,,,,,1.1,https://www.campanile.com/fr-fr/nos-hotels/france/ile-de-france/hotels-paris/,2024-05-16 15:53:11,0.0,0.0,0.0,0.0,,Indexable,,0,0,0,0,0,0,0,0,0
96,hotel paris,17,https://www.hotelparisjadore.com/,1,200.0,2589.0,73.0,39.0,64.0,133.0,152.0,29.0,4.0,,4554.0,,,0.0,3264.0,5335.1996348680195,3769.0,9797.270341340496,434.9999999999991,1.0,text/html; charset=UTF-8,200.0,OK,Indexable,,Paris j’adore Hôtel & Spa. Hôtel de charme à Paris avec Spa et Piscine.,71.0,619.0,"Paris j’adore Hôtel & Spa, est un hôtel-spa 5 étoiles qui invite les amoureux à célébrer leur passion au coeur de Paris. Un hôtel luxueux et fou à la fois, qui mélange le meilleur du classicisme français autour de septs décors inattendus.",238.0,1433.0,,0.0,Paris J'adore Hôtel & Spa.,26.0,Paris j'adore Hotel & Spa,25.0,Pleasure is the ultimate rebellion,34.0,Chambre Bain de minuit,22.0,"index, follow, max-image-preview:large, max-snippet:-1, max-video-preview:-1",,,https://www.hotelparisjadore.com/,,,,,,136192.0,25959.0,333.0,76.0,0,0,Easy,0,0.0,0.0,,9.0,1.0,0.0,0,82.0,30.0,0.0,7.0,5.0,0.0,,,,,476048da050f0b45facaf09b675edafd,0,,,,,1.1,https://www.hotelparisjadore.com/,2024-05-16 15:53:16,0.0,0.0,0.0,0.0,,Indexable,,0,0,0,0,0,0,0,0,0
97,hotel paris,18,https://www.hotelwelcomeparis.com/,1,200.0,36.0,72.0,20.0,56.0,28.0,452.0,37.0,11.0,50.0,1393.0,3.0,1657.0,1.0,1393.0,3355.948485357518,1657.0,3851.234015715598,634.2868009539716,1.0,text/html; charset=UTF-8,200.0,OK,Indexable,,Welcome Hôtel Paris Centre | Hôtel Saint-Germain-des-Prés,57.0,523.0,"Découvrez le Welcome Hôtel Paris Centre, notre charmant à l'ambiance douce et chaleureuse au coeur de Saint-Germain-des-Prés.",125.0,805.0,,0.0,Welcome Hôtel Paris Centre,26.0,,0.0,Nos chambres d’hôtel Paris Centre,33.0,Prendre le petit-déjeuner à l’hôtel,35.0,"follow, index, max-snippet:-1, max-video-preview:-1, max-image-preview:large",,,https://www.hotelwelcomeparis.com/,,,,,,159347.0,25404.0,1261.0,197.0,0,0,Normal,0,0.0,0.0,,24.0,1.0,0.0,0,89.0,35.0,0.0,15.0,11.0,0.0,,,,,c2ad3d5ff23bfcf3b2bebc3b172f7829,0,"Thu, 16 May 2024 10:54:36 GMT",,,,1.1,https://www.hotelwelcomeparis.com/,2024-05-16 15:53:00,0.0,0.0,0.0,0.0,,Indexable,,0,0,0,0,0,0,0,0,0
98,hotel paris,19,https://www.ubparis.com/,1,200.0,117.0,81.0,45.0,73.0,770.0,63.0,21.0,4.0,36.0,1831.0,6.0,2829.0,0.0,1639.0,786.8130687916912,2645.0,3618.6275342087743,309.7150896880112,2.0,text/html; charset=UTF-8,200.0,OK,Indexable,,Hotel Paris 13eme : Urban Bivouac Hotel 3 étoiles | Site Officiel,65.0,552.0,"Hôtel 3 étoiles, 13ème arrondissement de Paris entre Tolbiac et Bercy. Profitez des meilleurs tarifs sur le site officiel UB. Proche JO 2024",140.0,845.0,,0.0,HÔTEL URBAN BIVOUAC PARIS 13E,29.0,,0.0,NOS CHAMBRES,12.0,LES SERVICES,12.0,"index, follow, max-image-preview:large, max-snippet:-1, max-video-preview:-1",,,https://www.ubparis.com/,,,,,,110451.0,18016.0,769.0,136.0,0,0,Easy,0,0.0,0.0,,8.0,1.0,0.0,0,47.0,22.0,0.0,8.0,4.0,0.0,,,,,577d970e2a5c93f85e0859f08022ad,0,,,,,1.1,https://www.ubparis.com/,2024-05-16 15:53:02,0.0,0.0,0.0,0.0,,Indexable,,0,0,0,0,0,0,0,0,0
99,hotel paris,20,https://www.tripadvisor.fr/HotelsList-Paris-Hotel-Centre-Ville-zfp47115.html,1,200.0,1568.0,63.0,33.0,,15.0,104.0,264.0,51.0,,,,,,,,,,,,text/html;charset=utf-8,403.0,Forbidden,Non-Indexable,Client Error,,0.0,0.0,,0.0,0.0,,0.0,,0.0,,0.0,,0.0,,0.0,,,,,,,,,,584.0,584.0,0.0,,0,0,,0,0.0,0.0,,0.0,0.0,0.0,0,0.0,0.0,0.0,0.0,0.0,0.0,,,,,,0,,,,,1.1,https://www.tripadvisor.fr/HotelsList-Paris-Hotel-Centre-Ville-zfp47115.html,2024-05-16 15:53:19,,,,,,,,0,0,0,0,0,0,0,0,0
