,Keyword,Position,Url,Top10,HTTP code BABBAR,TTFB (en ms) BABBAR,Page Value BABBAR,Page Trust BABBAR,Semantic Value BABBAR,Backlinks BABBAR,Backlinks host BABBAR,Host Outlinks BABBAR,Outlinks BABBAR,Score_1fr,Desktop First Contentful Paint Terrain,Desktop First Input Delay Terain,Desktop Largest Contentful Paint Terrain,Desktop Cumulative Layout Shift Terrain,Desktop First Contentful Paint Lab,Desktop Speed Index Lab,Desktop Largest Contentful Paint Lab,Desktop Time to Interactive Lab,Desktop Total Blocking Time Lab,Desktop Cumulative Layout Shift Lab,SOSEO yourtext_guru,DSEO yourtext_guru,Content Type,Status Code,Status,Indexability_x,Indexability Status_x,Title 1,Title 1 Length,Title 1 Pixel Width,Title 2,Title 2 Length,Title 2 Pixel Width,Meta Description 1,Meta Description 1 Length,Meta Description 1 Pixel Width,Meta Keywords 1,Meta Keywords 1 Length,H1-1,H1-1 Length,H1-2,H1-2 Length,H2-1,H2-1 Length,H2-2,H2-2 Length,Meta Robots 1,X-Robots-Tag 1,Meta Refresh 1,Canonical Link Element 1,"rel=""next"" 1","rel=""prev"" 1","HTTP rel=""next"" 1","HTTP rel=""prev"" 1",amphtml Link Element,Size (bytes),Transferred (bytes),Word Count,Sentence Count,Average Words Per Sentence,Flesch Reading Ease Score,Readability,Text Ratio,Crawl Depth,Folder Depth,Link Score,Inlinks,Unique Inlinks,Unique JS Inlinks,% of Total,Outlinks,Unique Outlinks,Unique JS Outlinks,External Outlinks,Unique External Outlinks,Unique External JS Outlinks,Closest Similarity Match,No. Near Duplicates,Spelling Errors,Grammar Errors,Hash,Response Time,Last Modified,Redirect URL,Redirect Type,Cookies,HTTP Version,URL Encoded Address,Crawl Timestamp,Errors,Warnings,Total Types,Unique Types,Type-1,Indexability_y,Indexability Status_y,Title 1 score,Meta Description 1 score,Meta Keywords 1 score,H1-1 score,H1-2 score,H2-1 score,H2-2 score,Meta Robots 1 score,Url score
0,Hôtel,1,https://fr.hotels.com/,0,200.0,1097.0,80.0,49.0,71.0,1956.0,14456.0,54.0,64.0,,2682.0,43.0,2920.0,1.0,2156.0,3700.626091877836,3259.0,5910.25,1537.0,4.0,,,text/html; charset=utf-8,200.0,OK,Indexable,,"Hotels.com - Promotions et réductions sur vos réservations d’hôtels, du luxe à l’économique",91.0,817.0,,0.0,0.0,"Hotels.com FRANCE - Réservez des chambres dans des hôtels de luxe ou des hôtels pour les budgets limités. Lisez les avis impartiaux des voyageurs, situez les hôtels sur le plan et regardez les photos de qualité. Réservez votre chambre d’hôtel des aujourd’hui et faites des économies avec notre Garantie de prix.",311.0,1906.0,,0.0,Où voulez-vous partir ?,23.0,,0.0,Les membres connectés économisent 10 % minimum sur plus de 100 000 hôtels dans le monde.,88.0,Voyagez à prix mini,19.0,,,,https://fr.hotels.com/,,,,,,1738320.0,247888.0,1650.0,430.0,0,0,Very Easy,0,0.0,0.0,,2.0,1.0,0.0,0,181.0,159.0,0.0,8.0,8.0,0.0,,,,,b6842215d88925785d958e8cdcef27a6,0,,,,,1.1,https://fr.hotels.com/,2024-01-30 15:26:59,0.0,0.0,0.0,0.0,,Indexable,,0,0,0,0,0,0,0,0,0
1,Hôtel,2,https://www.fr.lastminute.com/hotel/,0,200.0,1052.0,81.0,25.0,72.0,1797.0,18058.0,77.0,11.0,37.0,625.0,10.0,1003.0,2.0,1196.0,1616.9082521753553,1977.0,3040.5,338.5,8.0,,,text/html; charset=UTF-8,403.0,Forbidden,Non-Indexable,Client Error,,0.0,0.0,,0.0,0.0,,0.0,0.0,,0.0,,0.0,,0.0,,0.0,,0.0,,,,,,,,,,0.0,0.0,0.0,,0,0,,0,0.0,1.0,,0.0,0.0,0.0,0,0.0,0.0,0.0,0.0,0.0,0.0,,,,,,0,,,,,1.1,https://www.fr.lastminute.com/hotel/,2024-01-30 15:26:56,,,,,,,,0,0,0,0,0,0,0,0,0
2,Hôtel,3,https://www.trivago.fr/,0,200.0,629.0,82.0,50.0,72.0,3957.0,16246.0,301.0,67.0,38.0,1946.0,3.0,2129.0,11.0,1639.0,3257.5985939926754,3441.0,4539.74844,823.9999999999999,13.0,212.0,87.0,text/html; charset=utf-8,200.0,OK,Indexable,,trivago.fr - Comparez les prix des hôtels et des hébergements dans le monde entier,82.0,743.0,,0.0,0.0,"Comparez les prix, photos et avis de millions d´hôtels et d´hébergements et trouvez votre offre idéale. Gagnez du temps et de l´argent grâce à notre comparateur trivago.fr",171.0,1045.0,,0.0,Nous comparons les prix d’hôtels de centaines de sites,54.0,,0.0,"Nous recherchons, vous économisez.",34.0,Nos partenaires,15.0,,,,https://www.trivago.fr/,,,,,,499748.0,79497.0,4911.0,1342.0,0,0,Very Easy,0,0.0,0.0,,3.0,1.0,0.0,0,916.0,307.0,0.0,169.0,65.0,0.0,,,,,c8a108e27ff06bbeb6eb5da18516e707,0,,,,,1.1,https://www.trivago.fr/,2024-01-30 15:26:58,0.0,0.0,0.0,0.0,,Indexable,,0,0,0,0,0,0,0,0,0
3,Hôtel,4,https://www.booking.com/index.fr.html,0,200.0,2688.0,87.0,62.0,86.0,90149.0,10160.0,230.0,32.0,49.0,3137.0,13.0,3614.0,2.0,4100.0,2367.5724928275304,4344.0,5751.5,552.75,5.0,,,text/html; charset=UTF-8,200.0,OK,Indexable,,"Booking.com | Site officiel | Hôtels, vols, voitures de location et hébergements",80.0,691.0,,0.0,0.0,"Avec Booking.com, économisez sur les hôtels, maisons, vols, voitures de location, taxis et attractions. Des voyages parfaits pour tous les budgets.",147.0,897.0,"hébergement, logement, Hôtel, Hôtels, Offres spéciales, promotions, offres week-ends, Prix compétitifs, réductions, prix bon marché",131.0,Trouvez votre prochain séjour,29.0,,0.0,Trouvez des idées pour votre prochain voyage Plus,49.0,Profitez de réductions immédiates,33.0,"index,follow",,,https://www.booking.com/index.fr.html,,,,,,521876.0,156831.0,812.0,163.0,0,0,Fairly Easy,0,0.0,0.0,,14.0,3.0,0.0,0,205.0,192.0,0.0,3.0,3.0,0.0,,,,,96a270bcc2e113faf47db68789f8f011,0,,,,,1.1,https://www.booking.com/index.fr.html,2024-01-30 15:26:58,0.0,0.0,0.0,0.0,,Indexable,,0,0,0,0,0,0,0,0,0
4,Hôtel,5,https://www.skyscanner.fr/hotels,0,307.0,135.0,63.0,,58.0,54.0,143.0,1.0,0.0,,994.0,5.0,1206.0,1.0,694.0,1544.004173124643,1865.0,2462.0,48.0,61.0,6.0,0.0,text/html; charset=utf-8,200.0,OK,Indexable,,Hôtels | Comparez les offres d'hôtel les moins chères | Skyscanner,66.0,591.0,,0.0,0.0,"Vous cherchez un hôtel pas cher ? Comparez plus de 1,8 million d'offres d'hôtels et d'hébergements avec Skyscanner. Recherchez, comparez et réservez instantanément.",164.0,1037.0,,0.0,Trouvez l'hôtel de vos rêves dès aujourd'hui,44.0,,0.0,Économisez sur votre prochain séjour,36.0,Trouvez les prix les plus intéressants parmi les meilleurs fournisseurs d'hôtels.,81.0,,,,https://www.skyscanner.fr/hotels,,,,,,195239.0,45105.0,223.0,70.0,0,0,Fairly Easy,0,0.0,0.0,,3.0,1.0,0.0,0,62.0,52.0,0.0,29.0,29.0,0.0,,,,,590ca82ec1989a0c3879d07eabb120b9,0,,,,,1.1,https://www.skyscanner.fr/hotels,2024-01-30 15:27:02,0.0,0.0,0.0,0.0,,Indexable,,0,0,0,0,0,0,0,0,0
5,Hôtel,6,https://www.expedia.fr/Hotels,0,200.0,1737.0,86.0,49.0,75.0,4609.0,136654.0,128.0,51.0,,2564.0,23.0,5041.0,14.0,2273.0,5214.1074663604995,4019.0,6482.5,2142.5,7.0,,,text/html; charset=utf-8,200.0,OK,Indexable,,Offres Hôtels Expedia.fr: Réservation de votre hôtel pas cher,61.0,538.0,,0.0,0.0,"Découvrez nos meilleures offres, promos & réductions sur des milliers d'hôtels, du luxe à l’économique. Annulation gratuite sur la plupart des hôtels.",150.0,904.0,,0.0,,0.0,,0.0,Les membres connectés économisent 10 % minimum sur plus de 100 000 hôtels dans le monde.,88.0,Idées pour votre prochain voyage,32.0,"index,follow",,,https://www.expedia.fr/Hotels,,,,,,1519570.0,247395.0,1385.0,245.0,0,0,Fairly Easy,0,0.0,0.0,,3.0,1.0,0.0,0,143.0,129.0,0.0,8.0,8.0,0.0,,,,,4510f41a849aeedea6aec54014e7c984,0,,,,,1.1,https://www.expedia.fr/Hotels,2024-01-30 15:26:53,0.0,0.0,0.0,0.0,,Indexable,,0,0,0,0,0,0,0,0,0
6,Hôtel,7,https://www.kayak.fr/hotels,0,200.0,220.0,87.0,60.0,82.0,62028.0,117167.0,246.0,63.0,71.0,1111.0,3.0,1566.0,3.0,1434.0,2016.1745520758595,2965.0,1821.0,342.0,23.0,92.0,22.0,text/html;charset=UTF-8,200.0,OK,Indexable,,Hôtels : Comparaison et réservation d'hôtels pas chers | KAYAK,62.0,565.0,,0.0,0.0,KAYAK effectue ses recherches sur des centaines de sites de voyage pour que vous puissiez trouver l'hôtel idéal au meilleur prix. Consultez des millions d'avis certifiés sur les hôtels du monde entier.,201.0,1204.0,,0.0,Trouvez et comparez des offres d’hôtels,39.0,,0.0,Cherchez sur des centaines de sites de voyage à la fois et trouvez des offres d'hôtels,86.0,Trouvez un hôtel au meilleur prix dans l’une de ces destinations,64.0,"index,follow",,,https://www.kayak.fr/hotels,,,,,,415317.0,83322.0,3287.0,530.0,0,0,Very Easy,0,0.0,0.0,,14.0,2.0,0.0,0,265.0,250.0,0.0,89.0,61.0,0.0,,,,,6b979efd9fe65e31064d75234c17528e,0,,,,,1.1,https://www.kayak.fr/hotels,2024-01-30 15:26:52,0.0,0.0,0.0,0.0,,Indexable,,0,0,0,0,0,0,0,0,0
7,Hôtel,8,https://www.booking.com/city/fr/paris.fr.html,0,200.0,1250.0,68.0,36.0,56.0,111.0,735.0,160.0,27.0,,2740.0,5.0,3069.0,4.0,4100.0,1857.877180440049,4344.0,3769.5,343.5,5.0,,,text/html; charset=UTF-8,200.0,OK,Indexable,,Les 10 meilleurs hôtels à Paris (à partir de € 61),50.0,427.0,,0.0,0.0,"Des réductions incroyables sur des hôtels à: Paris, France. Bonne disponibilité et tarifs exceptionnels. Consultez les commentaires et choisissez la meilleure offre pour votre séjour.",183.0,1096.0,"Hôtel, Hôtels, Paris, hébergement, logement, Offres spéciales, promotions, offres week-ends Paris France, Prix compétitifs, réductions, prix bon marché",151.0,Recherchez des hôtels à Paris,29.0,,0.0,Indiquez vos dates afin de voir nos derniers tarifs et nos offres pour des hôtels à Paris,89.0,Les hôtels les plus réservés à Paris le mois dernier,52.0,"index,follow",,,https://www.booking.com/city/fr/paris.fr.html,,,,,,966900.0,212243.0,5277.0,1032.0,0,0,Easy,0,0.0,2.0,,8.0,2.0,0.0,0,208.0,147.0,0.0,3.0,3.0,0.0,,,,,4f35f1c65e95d3bd767d14455e7a66d9,0,,,,,1.1,https://www.booking.com/city/fr/paris.fr.html,2024-01-30 15:26:50,0.0,0.0,0.0,0.0,,Indexable,,0,0,0,0,0,0,0,0,0
8,Hôtel,9,https://www.hotel-bb.com/fr,0,403.0,17.0,82.0,68.0,79.0,12417.0,656.0,0.0,0.0,50.0,1500.0,11.0,1768.0,13.0,1788.0,2072.456847145263,2841.0,3002.2501764297485,438.0,22.0,29.0,5.0,text/html; charset=UTF-8,200.0,OK,Indexable,,B&B HOTELS : réservez un hôtel en France et en Europe | Site web officiel,73.0,652.0,,0.0,0.0,Réservez votre hôtel dès maintenant sur notre site et profitez des meilleurs prix B&B HOTELS en France et en Europe avec nos promotions exclusives !,148.0,919.0,,0.0,,0.0,,0.0,Services,8.0,,0.0,"index, follow",,,https://www.hotel-bb.com/fr,,,,,,172680.0,28517.0,1810.0,513.0,0,0,Very Easy,0,0.0,0.0,,93.0,1.0,0.0,0,386.0,227.0,0.0,11.0,10.0,0.0,,,,,3e977b8f75d010216e91ee5b599d2450,0,"Tue, 30 Jan 2024 12:47:38 GMT",,,,1.1,https://www.hotel-bb.com/fr,2024-01-30 15:26:54,0.0,0.0,0.0,0.0,,Indexable,,0,0,0,0,0,0,0,0,0
9,Hôtel,10,https://www.agoda.com/fr-fr/,0,200.0,341.0,66.0,17.0,61.0,189.0,1.0,0.0,0.0,1.0,1453.0,7.0,1792.0,6.0,776.0,4302.053259926256,1045.0,7181.5,774.5,16.0,,,text/html; charset=utf-8,200.0,OK,Indexable,,,0.0,0.0,,0.0,0.0,,0.0,0.0,,0.0,,0.0,,0.0,,0.0,,0.0,,,,,,,,,,183503.0,51734.0,0.0,,0,0,,0,0.0,1.0,,0.0,0.0,0.0,0,0.0,0.0,0.0,0.0,0.0,0.0,,,,,9d357b376d3dff5dca5598412a61caf1,0,,,,,1.1,https://www.agoda.com/fr-fr/,2024-01-30 15:26:54,0.0,0.0,0.0,0.0,,Indexable,,0,0,0,0,0,0,0,0,0
10,Hôtel,11,https://fr.wikipedia.org/wiki/H%C3%B4tel,1,,,71.0,66.0,67.0,555.0,15.0,0.0,0.0,76.0,837.0,3.0,901.0,4.0,837.0,1124.3927161600448,901.0,1049.0,0.0,4.0,54.0,14.0,,,,,,,,,,,,,,,,,,,,,,,,,,,,,,,,,,,,,,0,0,,0,,,,,,,0,,,,,,,,,,,,0,,,,,,,,,,,,,,,0,0,0,0,0,0,0,0,0
11,Hôtel,12,https://www.bestwestern.fr/,1,200.0,214.0,87.0,58.0,85.0,44834.0,15792.0,32.0,18.0,56.0,1453.0,17.0,1653.0,5.0,1554.0,5099.185530090007,1797.0,11547.0,1299.999999999999,7.0,,,text/html;charset=UTF-8,200.0,OK,Indexable,,Réservation hôtel en ligne - Best Western,41.0,367.0,,0.0,0.0,Séjour en famille ou d'affaires ? En ville ou en bord de mer ? Réservez votre chambre d'hôtel Best Western dans l'un de nos 4000 hôtels dans le monde.,150.0,916.0,"hotel, hotels, hotel best western, hotels best western, hotel 3 etoiles, hotel 4 etoiles, hotel 5 etoiles, hotels 3 etoiles, hotels 4 etoiles, hotel bestwestern, hotels bestwestern",180.0,Les Best deals,14.0,,0.0,"EXCLUSIVITÉ MEMBRES CLUB FIDÉLITÉ : Cet hiver, gagnez votre réservation remboursée* !*voir conditions",101.0,GRAND JEU,9.0,"index,follow",,,,,,,,,155226.0,33830.0,1139.0,255.0,0,0,Fairly Easy,0,0.0,0.0,,3.0,1.0,0.0,0,56.0,40.0,0.0,16.0,13.0,0.0,,,,,63d2fe95bfee9ac8a418cc1822209aa6,0,"Tue, 30 Jan 2024 14:26:50 GMT",,,,1.1,https://www.bestwestern.fr/,2024-01-30 15:26:56,0.0,0.0,0.0,0.0,,Indexable,,0,0,0,0,0,0,0,0,0
12,Hôtel,13,https://voyages.carrefour.fr/accueil/hotel,1,,,71.0,25.0,56.0,6.0,10408.0,0.0,0.0,37.0,369.0,8.0,815.0,6.0,592.0,634.4520536922446,1126.0,1763.0,66.5,33.0,,,text/html; charset=UTF-8,403.0,Forbidden,Non-Indexable,Client Error,,0.0,0.0,,0.0,0.0,,0.0,0.0,,0.0,,0.0,,0.0,,0.0,,0.0,,,,,,,,,,0.0,0.0,0.0,,0,0,,0,0.0,1.0,,0.0,0.0,0.0,0,0.0,0.0,0.0,0.0,0.0,0.0,,,,,,0,,,,,1.1,https://voyages.carrefour.fr/accueil/hotel,2024-01-30 15:27:02,,,,,,,,0,0,0,0,0,0,0,0,0
13,Hôtel,14,https://www.premiereclasse.com/fr-fr/,1,200.0,17.0,82.0,46.0,77.0,3067.0,1060.0,67.0,10.0,,2270.0,11.0,2968.0,8.0,2343.0,3556.483796207068,3831.0,5176.0,770.5,7.0,15.0,1.0,text/html; charset=utf-8,200.0,OK,Indexable,,Réservez un hôtel pas cher dans plus de 200 villes | Première Classe,68.0,609.0,,0.0,0.0,"En France et en Europe, il y a 260 hôtels Première Classe toujours là pour vous accueillir. Profitez de multiples avantages : wifi gratuit, salles de bains privatives, petit-déjeuner à volonté et des chambres à prix unique que vous soyez 1, 2, ou 3 personnes !",260.0,1542.0,,0.0,Trouvez votre hôtel idéal,25.0,,0.0,Réservez dès à présent dans nos hôtels pas chers Première Classe,64.0,Besoin d'inspiration ?,22.0,,,,https://www.premiereclasse.com/fr-fr/,,,,,,643749.0,124845.0,905.0,154.0,0,0,Fairly Easy,0,0.0,1.0,,2.0,1.0,0.0,0,126.0,69.0,0.0,12.0,9.0,0.0,,,,,d0e9da624182008d70ad368987a0baf2,0,,,,,1.1,https://www.premiereclasse.com/fr-fr/,2024-01-30 15:26:57,0.0,0.0,0.0,0.0,,Indexable,,0,0,0,0,0,0,0,0,0
14,Hôtel,15,https://www.logishotels.com/fr/,1,403.0,687.0,83.0,50.0,79.0,84171.0,0.0,0.0,0.0,71.0,1634.0,3.0,1810.0,4.0,2283.0,1465.0332510070943,2936.0,2515.5,258.0,16.0,17.0,1.0,text/html; charset=utf-8,200.0,OK,Indexable,,Hôtels et restaurants en France et à l'étranger - LOGIS HÔTELS,62.0,561.0,,0.0,0.0,"Votre hôtel en France et dans le monde : 2000 hôtels et restaurants LOGIS, 1ère chaîne volontaire de restaurateurs / hôteliers indépendants en Europe",149.0,922.0,,0.0,Joignez le local à l'agréable !,31.0,,0.0,,0.0,Pourquoi réserver sur notre site ?,34.0,,,,https://www.logishotels.com/fr/,,,,,,115817.0,31222.0,1185.0,185.0,0,0,Normal,0,0.0,1.0,,1.0,1.0,0.0,0,113.0,83.0,0.0,10.0,10.0,0.0,,,,,d2aea572566bb654a56d9e33deec00a9,0,"Tue, 30 Jan 2024 14:27:01 GMT",,,,1.1,https://www.logishotels.com/fr/,2024-01-30 15:27:00,0.0,0.0,0.0,0.0,,Indexable,,0,0,0,0,0,0,0,0,0
15,Hôtel,16,https://www.campanile.com/fr-fr/,1,200.0,552.0,82.0,52.0,73.0,3077.0,1225.0,110.0,10.0,,2269.0,4.0,2504.0,9.0,3003.0,1951.9835387961427,4163.0,3510.5,392.5,6.0,13.0,1.0,text/html; charset=utf-8,200.0,OK,Indexable,,Campanile | Réservez dans plus de 380 hôtels restaurants,56.0,516.0,,0.0,0.0,"Dans les hôtels Campanile, chaque occasion et chaque lieu sont autant d’opportunités de vivre et partager de bons moments entre collègues, amis ou en famille. Campanile, une chaîne hôtelière 3-étoiles reconnue avec un réseau de plus de 400 hôtels dans plus de 13 pays, offre des lieux de vie à l’atmosphère conviviale.",318.0,1953.0,,0.0,Réservez votre chambre dans votre hôtel restaurant Campanile,60.0,,0.0,Réservez dès maintenant dans nos hôtels restaurants Campanile,61.0,Offres spéciales,16.0,,,,https://www.campanile.com/fr-fr/,,,,,,648434.0,125255.0,1013.0,175.0,0,0,Fairly Easy,0,0.0,1.0,,2.0,1.0,0.0,0,163.0,111.0,0.0,12.0,10.0,0.0,,,,,4646eb5e0b3c674edcd513173805ff6b,0,,,,,1.1,https://www.campanile.com/fr-fr/,2024-01-30 15:26:59,0.0,0.0,0.0,0.0,,Indexable,,0,0,0,0,0,0,0,0,0
16,Hôtel,17,https://www.contact-hotel.com/recherche-hotel-dans-regions-france.htm,1,200.0,2605.0,74.0,35.0,61.0,71.0,21333.0,34.0,5.0,45.0,2216.0,2.0,2474.0,1.0,2454.0,6282.85160672383,2849.0,4468.0,19.5,2.0,2.0,0.0,text/html; charset=utf-8,200.0,OK,Indexable,,Chercher un Hôtel - Contact Hôtel,33.0,300.0,,0.0,0.0,Rechercher un hôtel,19.0,123.0,,0.0,Chercher parmi nos hôtels en France,35.0,,0.0,Recherche par destination,25.0,Recherche sur la carte,22.0,,,,,,,,,,158681.0,26406.0,460.0,146.0,0,0,Very Easy,0,0.0,0.0,,5.0,1.0,0.0,0,64.0,35.0,0.0,5.0,5.0,0.0,,,,,a60bef0755dff3df94238f8f7dd26235,0,,,,,1.1,https://www.contact-hotel.com/recherche-hotel-dans-regions-france.htm,2024-01-30 15:26:58,0.0,0.0,0.0,0.0,,Indexable,,0,0,0,0,0,0,0,0,0
17,Hôtel,18,https://www.orsohotels.com/hotel-cabane,1,200.0,545.0,66.0,20.0,59.0,50.0,28.0,10.0,6.0,27.0,1341.0,3.0,1384.0,0.0,1212.0,1318.8787925890774,1435.0,6334.5,1266.0,0.0,7.0,0.0,text/html,200.0,OK,Indexable,,Hôtels Cabane | Orso Hôtels | Boutiques Hôtels Parisiens,56.0,506.0,,0.0,0.0,Découvrez l'unicité à l'Hôtel Cabane d'Orso Hôtels. Une expérience immersive dans une oasis de charme au cœur de Paris. Réservez votre escapade.,144.0,906.0,,0.0,Hôtel Cabane - Quartier Montparnasse,36.0,,0.0,L’hôtel,7.0,Nos chambres,12.0,,,,,,,,,,95531.0,30696.0,353.0,65.0,0,0,Fairly Easy,0,0.0,0.0,,11.0,1.0,0.0,0,31.0,11.0,0.0,5.0,5.0,0.0,,,,,456d4fe1fa6cd86b1d489bb6855c593c,0,,,,,1.1,https://www.orsohotels.com/hotel-cabane,2024-01-30 15:26:58,0.0,0.0,0.0,0.0,,Indexable,,0,0,0,0,0,0,0,0,0
18,Hôtel,19,https://hotel.cdiscount.com/,1,302.0,955.0,59.0,0.0,55.0,56.0,0.0,0.0,0.0,,3884.0,3.0,5458.0,0.0,3682.0,3642.324922156926,7513.0,3776.0,497.0,18.0,,,text/html; charset=utf-8,200.0,OK,Indexable,,Hôtel pas cher – Cdiscount Voyages,34.0,322.0,,0.0,0.0,"Pour vos vacances dans un hôtel pas cher en France ou à l’étranger, découvrez toute l’offre d’hébergement de Cdiscount Voyages !",128.0,805.0,,0.0,TOUS LES HÔTELS AU MEILLEUR PRIXRÉSERVEZ VOTRE HÔTEL,52.0,,0.0,PROMOS VOLSLes offres du moment,31.0,PROMOS HOTELSLES OFFRES DU MOMENT,33.0,,,,,,,,,,107785.0,19864.0,525.0,84.0,0,0,Fairly Easy,0,0.0,0.0,,7.0,1.0,0.0,0,177.0,84.0,0.0,8.0,4.0,0.0,,,,,ee5b0e43c7fecbe3990400811a3c8b45,0,,,,,1.1,https://hotel.cdiscount.com/,2024-01-30 15:26:50,0.0,0.0,0.0,0.0,,Indexable,,0,0,0,0,0,0,0,0,0
19,Hôtel,20,https://www.hotelabbayeparis.com/,1,200.0,1154.0,70.0,26.0,61.0,87.0,54.0,15.0,5.0,19.0,1308.0,5.0,1345.0,1.0,1447.0,1398.314962480786,1638.0,2853.75,141.5,0.0,10.0,0.0,text/html,200.0,OK,Indexable,,Hôtel de l’Abbaye Paris,23.0,206.0,,0.0,0.0,"Un hôtel 4 étoiles luxueux et raffiné, véritable havre de paix situé en plein coeur du quartier Saint-Germain-des-Prés à Paris, proposant un bar et un jardin.",158.0,937.0,,0.0,Hôtel de l'abbaye à paris Une maison parisienne au coeur de Saint-Germain-des-prés,82.0,,0.0,un lieu au charme préservé,26.0,chambres & suites,17.0,,,,,,,,,,47742.0,12512.0,572.0,123.0,0,0,Easy,0,0.0,0.0,,11.0,1.0,0.0,0,63.0,17.0,0.0,4.0,4.0,0.0,,,,,87eb889c99db94df04f8a9a1ccefbca0,0,,,,,1.1,https://www.hotelabbayeparis.com/,2024-01-30 15:27:00,0.0,0.0,0.0,0.0,,Indexable,,0,0,0,0,0,0,0,0,0
20,booking hôtel,1,https://www.booking.com/index.fr.html,0,200.0,2688.0,87.0,62.0,86.0,90149.0,10160.0,230.0,32.0,49.0,3137.0,13.0,3614.0,2.0,4100.0,2367.5724928275304,4344.0,5751.5,552.75,5.0,,,text/html; charset=UTF-8,200.0,OK,Indexable,,"Booking.com | Site officiel | Hôtels, vols, voitures de location et hébergements",80.0,691.0,,0.0,0.0,"Avec Booking.com, économisez sur les hôtels, maisons, vols, voitures de location, taxis et attractions. Des voyages parfaits pour tous les budgets.",147.0,897.0,"hébergement, logement, Hôtel, Hôtels, Offres spéciales, promotions, offres week-ends, Prix compétitifs, réductions, prix bon marché",131.0,Trouvez votre prochain séjour,29.0,,0.0,Trouvez des idées pour votre prochain voyage Plus,49.0,Profitez de réductions immédiates,33.0,"index,follow",,,https://www.booking.com/index.fr.html,,,,,,521876.0,156831.0,812.0,163.0,0,0,Fairly Easy,0,0.0,0.0,,14.0,3.0,0.0,0,205.0,192.0,0.0,3.0,3.0,0.0,,,,,96a270bcc2e113faf47db68789f8f011,0,,,,,1.1,https://www.booking.com/index.fr.html,2024-01-30 15:26:58,0.0,0.0,0.0,0.0,,Indexable,,0,0,0,0,0,0,0,0,0
21,booking hôtel,2,https://bookinghotel.com/fr/home/,0,,,,,,1.0,0.0,0.0,0.0,16.0,2451.0,3.0,3125.0,1.0,2959.0,2134.5127132550556,4011.0,3642.0,1370.5,1.0,11.0,0.0,text/html; charset=UTF-8,200.0,OK,Indexable,,Booking Hotel .com | Réservation d'hôtels et de logements dans le monde entier,78.0,711.0,,0.0,0.0,"Booking Hôtels. Réservez avec Booking Hotel. Plus de 4 000 000 d'hébergements dans presque toutes les destinations 24 heures sur 24, 365 jours par an.",150.0,945.0,,0.0,Home fr,7.0,"Booking Hôtels, villas, appartements, auberges et bien plus encore.",67.0,Villes recommandées par Booking Hotel,37.0,Booking Hotel | Rester dans le monde commence par trouver un monde d’hébergement,80.0,"index, follow, max-image-preview:large, max-snippet:-1, max-video-preview:-1",,,https://bookinghotel.com/fr/home/,,,,,,94353.0,22460.0,277.0,47.0,0,0,Normal,0,0.0,2.0,,6.0,1.0,0.0,0,41.0,20.0,0.0,15.0,7.0,0.0,,,,,f83fc95a9cd0ed9339e783269b692dc1,0,,,,,1.1,https://bookinghotel.com/fr/home/,2024-01-30 15:26:55,0.0,0.0,0.0,0.0,,Indexable,,0,0,0,0,0,0,0,0,0
22,booking hôtel,3,https://www.trivago.fr/,0,200.0,629.0,82.0,50.0,72.0,3957.0,16246.0,301.0,67.0,38.0,1946.0,3.0,2129.0,11.0,1639.0,3257.5985939926754,3441.0,4539.74844,823.9999999999999,13.0,177.0,71.0,text/html; charset=utf-8,200.0,OK,Indexable,,trivago.fr - Comparez les prix des hôtels et des hébergements dans le monde entier,82.0,743.0,,0.0,0.0,"Comparez les prix, photos et avis de millions d´hôtels et d´hébergements et trouvez votre offre idéale. Gagnez du temps et de l´argent grâce à notre comparateur trivago.fr",171.0,1045.0,,0.0,Nous comparons les prix d’hôtels de centaines de sites,54.0,,0.0,"Nous recherchons, vous économisez.",34.0,Nos partenaires,15.0,,,,https://www.trivago.fr/,,,,,,499748.0,79497.0,4911.0,1342.0,0,0,Very Easy,0,0.0,0.0,,3.0,1.0,0.0,0,916.0,307.0,0.0,169.0,65.0,0.0,,,,,c8a108e27ff06bbeb6eb5da18516e707,0,,,,,1.1,https://www.trivago.fr/,2024-01-30 15:26:58,0.0,0.0,0.0,0.0,,Indexable,,0,0,0,0,0,0,0,0,0
23,booking hôtel,4,https://play.google.com/store/apps/details?id=com.booking&hl=fr&gl=US,0,,,,,,,,,,,1360.0,3.0,1893.0,7.0,1636.0,1004.0,2379.0,2963.0,324.0,9.0,24.0,2.0,text/html; charset=utf-8,200.0,OK,Non-Indexable,Canonicalised,Booking.com: Hotels & Travel – Applications sur Google Play,59.0,538.0,,0.0,0.0,Book your whole trip in one app.,32.0,198.0,,0.0,Booking.com: Hotels & Travel,28.0,,0.0,À propos de l'application,25.0,Sécurité des données,20.0,NOODP,,,https://play.google.com/store/apps/details?id=com.booking&hl=fr,,,,,,1041682.0,158226.0,1412.0,276.0,0,0,Fairly Easy,0,0.0,2.0,,0.0,0.0,0.0,0,39.0,29.0,0.0,3.0,3.0,0.0,,,,,d08eb6b40d156d592e7774443aec0022,0,,,,,1.1,https://play.google.com/store/apps/details?id=com.booking&hl=fr&gl=US,2024-01-30 15:26:50,0.0,0.0,0.0,0.0,,Non-Indexable,Canonicalised,0,0,0,0,0,0,0,0,0
24,booking hôtel,5,https://bookingexpress.com/fr/,0,200.0,225.0,,,,3.0,36.0,71.0,14.0,76.0,4401.0,2.0,4985.0,1.0,4401.0,4311.36438323059,4985.0,4513.5,841.5,1.0,9.0,1.0,text/html; charset=UTF-8,200.0,OK,Non-Indexable,Canonicalised,"Promos de voyages, vols et hôtels pas cher! | Booking Express",61.0,550.0,,0.0,0.0,"Réservez avec l'agence de voyage online Booking Express les meilleurs prix de voyages, vols lowcost, hôtels pas chers et vol+hôtel au meilleur prix! Partez en voyage!",166.0,1009.0,,0.0,,0.0,,0.0,Offres de voyages,17.0,Découvrez de nouvelles destinations,35.0,"index,follow",,,https://booking.bookingexpress.com/,,,,,,403961.0,48423.0,1380.0,413.0,0,0,Very Easy,0,0.0,1.0,,24.0,1.0,0.0,0,113.0,59.0,0.0,17.0,9.0,0.0,,,,,ba8b834dd1f76551d78da4d64b102d45,0,,,,,1.1,https://bookingexpress.com/fr/,2024-01-30 15:26:57,0.0,0.0,0.0,0.0,,Non-Indexable,Canonicalised,0,0,0,0,0,0,0,0,0
25,booking hôtel,6,https://www.kayak.fr/hotels,0,200.0,220.0,87.0,60.0,82.0,62028.0,117167.0,246.0,63.0,71.0,1111.0,3.0,1566.0,3.0,1434.0,2016.1745520758595,2965.0,1821.0,342.0,23.0,62.0,13.0,text/html;charset=UTF-8,200.0,OK,Indexable,,Hôtels : Comparaison et réservation d'hôtels pas chers | KAYAK,62.0,565.0,,0.0,0.0,KAYAK effectue ses recherches sur des centaines de sites de voyage pour que vous puissiez trouver l'hôtel idéal au meilleur prix. Consultez des millions d'avis certifiés sur les hôtels du monde entier.,201.0,1204.0,,0.0,Trouvez et comparez des offres d’hôtels,39.0,,0.0,Cherchez sur des centaines de sites de voyage à la fois et trouvez des offres d'hôtels,86.0,Trouvez un hôtel au meilleur prix dans l’une de ces destinations,64.0,"index,follow",,,https://www.kayak.fr/hotels,,,,,,415317.0,83322.0,3287.0,530.0,0,0,Very Easy,0,0.0,0.0,,14.0,2.0,0.0,0,265.0,250.0,0.0,89.0,61.0,0.0,,,,,6b979efd9fe65e31064d75234c17528e,0,,,,,1.1,https://www.kayak.fr/hotels,2024-01-30 15:26:52,0.0,0.0,0.0,0.0,,Indexable,,0,0,0,0,0,0,0,0,0
26,booking hôtel,7,https://www.fr.lastminute.com/hotel/,0,200.0,1052.0,81.0,25.0,72.0,1797.0,18058.0,77.0,11.0,37.0,625.0,10.0,1003.0,2.0,1196.0,1616.9082521753553,1977.0,3040.5,338.5,8.0,,,text/html; charset=UTF-8,403.0,Forbidden,Non-Indexable,Client Error,,0.0,0.0,,0.0,0.0,,0.0,0.0,,0.0,,0.0,,0.0,,0.0,,0.0,,,,,,,,,,0.0,0.0,0.0,,0,0,,0,0.0,1.0,,0.0,0.0,0.0,0,0.0,0.0,0.0,0.0,0.0,0.0,,,,,,0,,,,,1.1,https://www.fr.lastminute.com/hotel/,2024-01-30 15:26:56,,,,,,,,0,0,0,0,0,0,0,0,0
27,booking hôtel,8,https://www.booking-better.com/fr/hotels,0,200.0,2478.0,63.0,12.0,39.0,1.0,195.0,35.0,17.0,,1350.0,2.0,1764.0,5.0,1350.0,4298.126066852174,1764.0,2640.5,298.0,5.0,,,text/html; charset=UTF-8,200.0,OK,Indexable,,"Hôtels, Gîtes, Maisons d'hôte, Camping et autres hébergements | Booking-Better",78.0,713.0,,0.0,0.0,Recherchez et réservez votre hébergement ou séjour en privilégiant le circuit court ! Booking-Better vous propose un large choix d'hébergements de tous types.,158.0,972.0,,0.0,,0.0,,0.0,,0.0,,0.0,,,,,,,,,,1556808.0,237633.0,1813.0,350.0,0,0,Fairly Easy,0,0.0,1.0,,5.0,1.0,0.0,0,86.0,36.0,0.0,25.0,18.0,0.0,,,,,8d89461b4155c0fcc9ccc5bda3816ea4,0,,,,,1.1,https://www.booking-better.com/fr/hotels,2024-01-30 15:27:01,0.0,0.0,0.0,0.0,,Indexable,,0,0,0,0,0,0,0,0,0
28,booking hôtel,9,https://www.amazon.fr/iCreativeline-Booking-Hotel-Paris/dp/B00NBTE55I,0,,,,,,0.0,0.0,0.0,0.0,63.0,818.0,4.0,1958.0,28.0,818.0,1532.0353070903886,1958.0,2231.0,2.0,28.0,,,text/html;charset=UTF-8,200.0,OK,Indexable,,Booking Hotel Paris:Amazon.fr:Appstore for Android,50.0,463.0,,0.0,0.0,"Need a hotel ? want to book your own flight ? Looking for a car rental ? Look no further, This app simplified all that task for you !!",134.0,789.0,,0.0,Booking Hotel Paris,19.0,,0.0,Aperçu,6.0,Détails du produit,18.0,,,,,,,,,,357011.0,107907.0,1254.0,268.0,0,0,Normal,0,0.0,2.0,,11.0,1.0,0.0,0,110.0,94.0,0.0,28.0,27.0,0.0,,,,,598f513fc248c229a20b89f5f3d62219,0,,,,,1.1,https://www.amazon.fr/iCreativeline-Booking-Hotel-Paris/dp/B00NBTE55I,2024-01-30 15:26:57,0.0,0.0,0.0,0.0,,Indexable,,0,0,0,0,0,0,0,0,0
29,booking hôtel,10,https://www.miles-and-more.com/row/fr/program/partners/booking.html,0,403.0,23.0,,,,0.0,0.0,0.0,0.0,37.0,1203.0,3.0,2212.0,32.0,1203.0,2800.4924033238485,2212.0,2771.5,698.5,32.0,17.0,0.0,text/html;charset=utf-8,200.0,OK,Indexable,,Booking.com : hôtels  | Miles & More,36.0,316.0,,0.0,0.0,"En tant que membre Miles & More, vous recevez un Mile de prime pour chaque EUR dépensé pour vos nuits d’hôtel. Utilisez dès aujourd’hui le meilleur site de réservation et profitez de primes avantageuses.",203.0,1250.0,,0.0,Booking.com :explorez le monde,30.0,,0.0,"Bonjour, comment pouvons-nous vous aider ?",42.0,Nous combinons l’univers du voyage et la technologie pour vous offrir des réservations de prime encore plus attrayantes,119.0,"index,follow",,,,,,,,,403270.0,50016.0,2474.0,438.0,0,0,Normal,0,0.0,4.0,,3.0,1.0,0.0,0,61.0,36.0,0.0,6.0,4.0,0.0,,,,,29731b728fc12a2d1dc2998e9ae5306e,0,,,,,1.1,https://www.miles-and-more.com/row/fr/program/partners/booking.html,2024-01-30 15:26:50,0.0,0.0,0.0,0.0,,Indexable,,0,0,0,0,0,0,0,0,0
30,booking hôtel,11,https://fr.hotels.com/,1,200.0,1097.0,80.0,49.0,71.0,1956.0,14456.0,54.0,64.0,,2682.0,43.0,2920.0,1.0,2156.0,3700.626091877836,3259.0,5910.25,1537.0,4.0,,,text/html; charset=utf-8,200.0,OK,Indexable,,"Hotels.com - Promotions et réductions sur vos réservations d’hôtels, du luxe à l’économique",91.0,817.0,,0.0,0.0,"Hotels.com FRANCE - Réservez des chambres dans des hôtels de luxe ou des hôtels pour les budgets limités. Lisez les avis impartiaux des voyageurs, situez les hôtels sur le plan et regardez les photos de qualité. Réservez votre chambre d’hôtel des aujourd’hui et faites des économies avec notre Garantie de prix.",311.0,1906.0,,0.0,Où voulez-vous partir ?,23.0,,0.0,Les membres connectés économisent 10 % minimum sur plus de 100 000 hôtels dans le monde.,88.0,Voyagez à prix mini,19.0,,,,https://fr.hotels.com/,,,,,,1738320.0,247888.0,1650.0,430.0,0,0,Very Easy,0,0.0,0.0,,2.0,1.0,0.0,0,181.0,159.0,0.0,8.0,8.0,0.0,,,,,b6842215d88925785d958e8cdcef27a6,0,,,,,1.1,https://fr.hotels.com/,2024-01-30 15:26:59,0.0,0.0,0.0,0.0,,Indexable,,0,0,0,0,0,0,0,0,0
31,booking hôtel,12,https://www.ebooking.com/fr/,1,,,68.0,18.0,64.0,103.0,141.0,0.0,0.0,57.0,805.0,2.0,836.0,0.0,1508.0,766.0,1534.0,766.0,0.0,0.0,,,text/html,403.0,Forbidden,Non-Indexable,Client Error,,0.0,0.0,,0.0,0.0,,0.0,0.0,,0.0,,0.0,,0.0,,0.0,,0.0,,,,,,,,,,919.0,919.0,0.0,,0,0,,0,0.0,1.0,,0.0,0.0,0.0,0,0.0,0.0,0.0,0.0,0.0,0.0,,,,,,0,,,,,1.1,https://www.ebooking.com/fr/,2024-01-30 15:26:58,,,,,,,,0,0,0,0,0,0,0,0,0
32,booking hôtel,13,https://www.google.fr/travel/hotels,1,302.0,4075991909.0,68.0,15.0,42.0,5.0,4.0,0.0,1.0,,919.0,2.0,916.0,0.0,919.0,823.0,916.0,1063.5,35.0,0.0,,,application/binary,302.0,Found,Non-Indexable,Redirected,,0.0,0.0,,0.0,0.0,,0.0,0.0,,0.0,,0.0,,0.0,,0.0,,0.0,,,,,,,,,,0.0,0.0,0.0,,0,0,,0,0.0,1.0,,0.0,0.0,0.0,0,0.0,0.0,0.0,0.0,0.0,0.0,,,,,,0,,https://consent.google.fr/m?continue=https://www.google.fr/travel/hotels&gl=FR&m=0&pc=trv&cm=2&hl=fr&src=1,HTTP Redirect,,1.1,https://www.google.fr/travel/hotels,2024-01-30 15:26:50,,,,,,,,0,0,0,0,0,0,0,0,0
33,booking hôtel,14,https://www.skyscanner.fr/hotels,1,307.0,135.0,63.0,,58.0,54.0,143.0,1.0,0.0,,994.0,5.0,1206.0,1.0,694.0,1544.004173124643,1865.0,2462.0,48.0,61.0,7.0,0.0,text/html; charset=utf-8,200.0,OK,Indexable,,Hôtels | Comparez les offres d'hôtel les moins chères | Skyscanner,66.0,591.0,,0.0,0.0,"Vous cherchez un hôtel pas cher ? Comparez plus de 1,8 million d'offres d'hôtels et d'hébergements avec Skyscanner. Recherchez, comparez et réservez instantanément.",164.0,1037.0,,0.0,Trouvez l'hôtel de vos rêves dès aujourd'hui,44.0,,0.0,Économisez sur votre prochain séjour,36.0,Trouvez les prix les plus intéressants parmi les meilleurs fournisseurs d'hôtels.,81.0,,,,https://www.skyscanner.fr/hotels,,,,,,195239.0,45105.0,223.0,70.0,0,0,Fairly Easy,0,0.0,0.0,,3.0,1.0,0.0,0,62.0,52.0,0.0,29.0,29.0,0.0,,,,,590ca82ec1989a0c3879d07eabb120b9,0,,,,,1.1,https://www.skyscanner.fr/hotels,2024-01-30 15:27:02,0.0,0.0,0.0,0.0,,Indexable,,0,0,0,0,0,0,0,0,0
34,booking hôtel,15,https://www.lepoint.fr/economie/les-hoteliers-declarent-la-guerre-a-booking-com-08-07-2020-2383480_28.php,1,,,62.0,13.0,57.0,28.0,1.0,0.0,0.0,52.0,959.0,4.0,1175.0,2.0,959.0,1462.8250007881293,1175.0,2159.25,147.75,2.0,19.0,3.0,text/html; charset=UTF-8,200.0,OK,Indexable,,Les hôteliers déclarent la guerre à Booking.com,47.0,424.0,,0.0,0.0,"VIDÉO. La plateforme prend 17 % de commission en moyenne sur les réservations. Trop gourmand pour certains hôteliers, qui veulent inverser le rapport de force.",159.0,992.0,,0.0,Les hôteliers déclarent la guerre à Booking.com,47.0,,0.0,Commission à la tête du client,30.0,David contre Golliath,21.0,"index, follow, max-snippet:-1, max-image-preview:large, max-video-preview:-1",,,https://www.lepoint.fr/economie/les-hoteliers-declarent-la-guerre-a-booking-com-08-07-2020-2383480_28.php,,,,,,120545.0,47220.0,1857.0,290.0,0,0,Easy,0,0.0,1.0,,1.0,1.0,0.0,0,102.0,86.0,0.0,10.0,10.0,0.0,,,,,3bf0044dd4dfea9c48156c587f39f15,0,"Tue, 30 Jan 2024 10:30:00 GMT",,,,1.1,https://www.lepoint.fr/economie/les-hoteliers-declarent-la-guerre-a-booking-com-08-07-2020-2383480_28.php,2024-01-30 15:27:01,0.0,0.0,0.0,0.0,,Indexable,,0,0,0,0,0,0,0,0,0
35,booking hôtel,16,https://www.theoriginalshotels.com/offres-speciales/very-early-booking,1,200.0,1009.0,62.0,28.0,,0.0,330.0,32.0,6.0,16.0,1152.0,6.0,1509.0,16.0,1152.0,1373.667627873925,1509.0,2945.25,192.00000000000023,16.0,3.0,0.0,text/html; charset=UTF-8,200.0,OK,Indexable,,Very Early Booking — Offre Spéciale réservation hôtel — The Originals Hotels,76.0,680.0,Arrow Right,11.0,104.0,Découvrez Very Early Booking pour réserver un hôtel dans les meilleures conditions.,83.0,513.0,,0.0,Very Early Booking,18.0,,0.0,CONTINUER L’EXPÉRIENCE,22.0,,0.0,"index, follow",,,https://www.theoriginalshotels.com/offres-speciales/very-early-booking,,,,,,370844.0,50439.0,393.0,95.0,0,0,Fairly Easy,0,0.0,1.0,,3.0,1.0,0.0,0,64.0,32.0,0.0,13.0,7.0,0.0,,,,,2e584e47217d678f522ba47709bb27b,0,"Mon, 29 Jan 2024 20:07:55 GMT",,,,1.1,https://www.theoriginalshotels.com/offres-speciales/very-early-booking,2024-01-30 15:26:56,0.0,0.0,0.0,0.0,,Indexable,,0,0,0,0,0,0,0,0,0
36,booking hôtel,17,https://voyages.topexpos.fr/conseils-bons-plans/reserver-gratuitement-hotel-booking/,1,,,48.0,6.0,,0.0,3.0,0.0,0.0,38.0,,,,,,,,,,,24.0,1.0,text/html; charset=UTF-8,200.0,OK,Indexable,,Réserver gratuitement votre hôtel avec Booking.com,50.0,469.0,,0.0,0.0,"Booking, l'une des meilleures plateformes de réservation d'hôtels, vous propose de trouver facilement l'hébergement idéal au meilleur prix. Profitez-en !",153.0,919.0,,0.0,Réserver gratuitement votre hôtel avec Booking,46.0,Rechercher dans le site,23.0,Trouver son hébergement en toute sérénité,41.0,,0.0,"index, follow, max-image-preview:large, max-snippet:-1, max-video-preview:-1",,,https://voyages.topexpos.fr/conseils-bons-plans/reserver-gratuitement-hotel-booking/,,,,,,99623.0,19889.0,1110.0,167.0,0,0,Easy,0,0.0,2.0,,12.0,1.0,0.0,0,207.0,123.0,0.0,11.0,11.0,0.0,,,,,68bbf983244ffdcf34dd67ef6e6a48e4,0,,,,,1.1,https://voyages.topexpos.fr/conseils-bons-plans/reserver-gratuitement-hotel-booking/,2024-01-30 15:26:52,0.0,0.0,0.0,0.0,,Indexable,,0,0,0,0,0,0,0,0,0
37,booking hôtel,18,https://fr.wikipedia.org/wiki/Booking.com,1,,,64.0,68.0,59.0,61.0,0.0,0.0,0.0,40.0,928.0,,927.0,7.0,837.0,1475.8822339698497,901.0,1695.0,6.0,4.0,46.0,9.0,text/html; charset=UTF-8,200.0,OK,Indexable,,Booking.com — Wikipédia,23.0,228.0,,0.0,0.0,,0.0,0.0,,0.0,Booking.com,11.0,,0.0,Sommaire,8.0,Historique[modifier | modifier le code],39.0,max-image-preview:standard,,,https://fr.wikipedia.org/wiki/Booking.com,,,,,,109072.0,24145.0,2011.0,417.0,0,0,Easy,0,0.0,1.0,,81.0,1.0,0.0,0,249.0,153.0,0.0,50.0,44.0,0.0,,,,,9d544939a129f88583002dcbd9bd9805,0,"Sat, 27 Jan 2024 16:58:15 GMT",,,,1.1,https://fr.wikipedia.org/wiki/Booking.com,2024-01-30 15:27:02,0.0,0.0,0.0,0.0,,Indexable,,0,0,0,0,0,0,0,0,0
38,booking hôtel,19,https://www.hoteltilde.fr/en/hotel-en/pricing-booking/,1,200.0,980.0,52.0,2.0,,30.0,25.0,26.0,6.0,,,,,,,4481.359548335873,,4924.0,39.5,,0.0,0.0,text/html; charset=UTF-8,200.0,OK,Indexable,,Pricing & Booking - Hôtel Tilde,31.0,268.0,,0.0,0.0,,0.0,0.0,,0.0,Pricing & Booking,17.0,,0.0,,0.0,,0.0,,,,https://www.hoteltilde.fr/en/hotel-en/pricing-booking/,,,,,,640123.0,83873.0,89.0,26.0,0,0,Very Easy,0,0.0,3.0,,11.0,1.0,0.0,0,53.0,24.0,0.0,13.0,7.0,0.0,,,,,e5ab57897a759a53355da81314bf0d13,0,,,,,1.1,https://www.hoteltilde.fr/en/hotel-en/pricing-booking/,2024-01-30 15:26:54,0.0,0.0,0.0,0.0,,Indexable,,0,0,0,0,0,0,0,0,0
39,booking hôtel,20,https://www.partirdesuite.com/voyagiste/booking/,1,200.0,1683.0,69.0,10.0,46.0,1.0,879.0,160.0,2.0,72.0,2773.0,3.0,3071.0,6.0,2773.0,1276.5,3071.0,1301.25,0.0,6.0,112.0,31.0,text/html; charset=UTF-8,200.0,OK,Indexable,,Booking: ultra derniere minute à moitié prix (-50% et +),56.0,486.0,,0.0,0.0,"Booking derniere minute à moitié prix (-50% et + ), bons plans de voyages (vacances, séjours, week-end, croisières) pour un départ ultra dernières minutes",154.0,940.0,,0.0,Dernière minute Booking,23.0,,0.0,"NH Oberhausen 4* | Oberhausen, Allemagne",40.0,"Sofitel Paris Baltimore Tour Eiffel 5* | Paris, France",54.0,"index, follow, max-image-preview:large, max-snippet:-1, max-video-preview:-1",,,https://www.partirdesuite.com/voyagiste/booking/,https://www.partirdesuite.com/voyagiste/booking/page/2/,,,,,294969.0,49242.0,2786.0,453.0,0,0,Very Easy,0,0.0,2.0,,31.0,1.0,0.0,0,330.0,163.0,0.0,2.0,2.0,0.0,,,,,dd1a352bf4e190256237775f1093204c,0,,,,,1.1,https://www.partirdesuite.com/voyagiste/booking/,2024-01-30 15:26:55,0.0,0.0,0.0,0.0,,Indexable,,0,0,0,0,0,0,0,0,0
40,hôtel,1,https://fr.hotels.com/,0,200.0,1097.0,80.0,49.0,71.0,1956.0,14456.0,54.0,64.0,,2682.0,43.0,2920.0,1.0,2156.0,3700.626091877836,3259.0,5910.25,1537.0,4.0,,,text/html; charset=utf-8,200.0,OK,Indexable,,"Hotels.com - Promotions et réductions sur vos réservations d’hôtels, du luxe à l’économique",91.0,817.0,,0.0,0.0,"Hotels.com FRANCE - Réservez des chambres dans des hôtels de luxe ou des hôtels pour les budgets limités. Lisez les avis impartiaux des voyageurs, situez les hôtels sur le plan et regardez les photos de qualité. Réservez votre chambre d’hôtel des aujourd’hui et faites des économies avec notre Garantie de prix.",311.0,1906.0,,0.0,Où voulez-vous partir ?,23.0,,0.0,Les membres connectés économisent 10 % minimum sur plus de 100 000 hôtels dans le monde.,88.0,Voyagez à prix mini,19.0,,,,https://fr.hotels.com/,,,,,,1738320.0,247888.0,1650.0,430.0,0,0,Very Easy,0,0.0,0.0,,2.0,1.0,0.0,0,181.0,159.0,0.0,8.0,8.0,0.0,,,,,b6842215d88925785d958e8cdcef27a6,0,,,,,1.1,https://fr.hotels.com/,2024-01-30 15:26:59,0.0,0.0,0.0,0.0,,Indexable,,0,0,0,0,0,0,0,0,0
41,hôtel,2,https://www.fr.lastminute.com/hotel/,0,200.0,1052.0,81.0,25.0,72.0,1797.0,18058.0,77.0,11.0,37.0,625.0,10.0,1003.0,2.0,1196.0,1616.9082521753553,1977.0,3040.5,338.5,8.0,,,text/html; charset=UTF-8,403.0,Forbidden,Non-Indexable,Client Error,,0.0,0.0,,0.0,0.0,,0.0,0.0,,0.0,,0.0,,0.0,,0.0,,0.0,,,,,,,,,,0.0,0.0,0.0,,0,0,,0,0.0,1.0,,0.0,0.0,0.0,0,0.0,0.0,0.0,0.0,0.0,0.0,,,,,,0,,,,,1.1,https://www.fr.lastminute.com/hotel/,2024-01-30 15:26:56,,,,,,,,0,0,0,0,0,0,0,0,0
42,hôtel,3,https://www.trivago.fr/,0,200.0,629.0,82.0,50.0,72.0,3957.0,16246.0,301.0,67.0,38.0,1946.0,3.0,2129.0,11.0,1639.0,3257.5985939926754,3441.0,4539.74844,823.9999999999999,13.0,212.0,87.0,text/html; charset=utf-8,200.0,OK,Indexable,,trivago.fr - Comparez les prix des hôtels et des hébergements dans le monde entier,82.0,743.0,,0.0,0.0,"Comparez les prix, photos et avis de millions d´hôtels et d´hébergements et trouvez votre offre idéale. Gagnez du temps et de l´argent grâce à notre comparateur trivago.fr",171.0,1045.0,,0.0,Nous comparons les prix d’hôtels de centaines de sites,54.0,,0.0,"Nous recherchons, vous économisez.",34.0,Nos partenaires,15.0,,,,https://www.trivago.fr/,,,,,,499748.0,79497.0,4911.0,1342.0,0,0,Very Easy,0,0.0,0.0,,3.0,1.0,0.0,0,916.0,307.0,0.0,169.0,65.0,0.0,,,,,c8a108e27ff06bbeb6eb5da18516e707,0,,,,,1.1,https://www.trivago.fr/,2024-01-30 15:26:58,0.0,0.0,0.0,0.0,,Indexable,,0,0,0,0,0,0,0,0,0
43,hôtel,4,https://www.booking.com/index.fr.html,0,200.0,2688.0,87.0,62.0,86.0,90149.0,10160.0,230.0,32.0,49.0,3137.0,13.0,3614.0,2.0,4100.0,2367.5724928275304,4344.0,5751.5,552.75,5.0,,,text/html; charset=UTF-8,200.0,OK,Indexable,,"Booking.com | Site officiel | Hôtels, vols, voitures de location et hébergements",80.0,691.0,,0.0,0.0,"Avec Booking.com, économisez sur les hôtels, maisons, vols, voitures de location, taxis et attractions. Des voyages parfaits pour tous les budgets.",147.0,897.0,"hébergement, logement, Hôtel, Hôtels, Offres spéciales, promotions, offres week-ends, Prix compétitifs, réductions, prix bon marché",131.0,Trouvez votre prochain séjour,29.0,,0.0,Trouvez des idées pour votre prochain voyage Plus,49.0,Profitez de réductions immédiates,33.0,"index,follow",,,https://www.booking.com/index.fr.html,,,,,,521876.0,156831.0,812.0,163.0,0,0,Fairly Easy,0,0.0,0.0,,14.0,3.0,0.0,0,205.0,192.0,0.0,3.0,3.0,0.0,,,,,96a270bcc2e113faf47db68789f8f011,0,,,,,1.1,https://www.booking.com/index.fr.html,2024-01-30 15:26:58,0.0,0.0,0.0,0.0,,Indexable,,0,0,0,0,0,0,0,0,0
44,hôtel,5,https://www.skyscanner.fr/hotels,0,307.0,135.0,63.0,,58.0,54.0,143.0,1.0,0.0,,994.0,5.0,1206.0,1.0,694.0,1544.004173124643,1865.0,2462.0,48.0,61.0,6.0,0.0,text/html; charset=utf-8,200.0,OK,Indexable,,Hôtels | Comparez les offres d'hôtel les moins chères | Skyscanner,66.0,591.0,,0.0,0.0,"Vous cherchez un hôtel pas cher ? Comparez plus de 1,8 million d'offres d'hôtels et d'hébergements avec Skyscanner. Recherchez, comparez et réservez instantanément.",164.0,1037.0,,0.0,Trouvez l'hôtel de vos rêves dès aujourd'hui,44.0,,0.0,Économisez sur votre prochain séjour,36.0,Trouvez les prix les plus intéressants parmi les meilleurs fournisseurs d'hôtels.,81.0,,,,https://www.skyscanner.fr/hotels,,,,,,195239.0,45105.0,223.0,70.0,0,0,Fairly Easy,0,0.0,0.0,,3.0,1.0,0.0,0,62.0,52.0,0.0,29.0,29.0,0.0,,,,,590ca82ec1989a0c3879d07eabb120b9,0,,,,,1.1,https://www.skyscanner.fr/hotels,2024-01-30 15:27:02,0.0,0.0,0.0,0.0,,Indexable,,0,0,0,0,0,0,0,0,0
45,hôtel,6,https://www.expedia.fr/Hotels,0,200.0,1737.0,86.0,49.0,75.0,4609.0,136654.0,128.0,51.0,,2564.0,23.0,5041.0,14.0,2273.0,5214.1074663604995,4019.0,6482.5,2142.5,7.0,,,text/html; charset=utf-8,200.0,OK,Indexable,,Offres Hôtels Expedia.fr: Réservation de votre hôtel pas cher,61.0,538.0,,0.0,0.0,"Découvrez nos meilleures offres, promos & réductions sur des milliers d'hôtels, du luxe à l’économique. Annulation gratuite sur la plupart des hôtels.",150.0,904.0,,0.0,,0.0,,0.0,Les membres connectés économisent 10 % minimum sur plus de 100 000 hôtels dans le monde.,88.0,Idées pour votre prochain voyage,32.0,"index,follow",,,https://www.expedia.fr/Hotels,,,,,,1519570.0,247395.0,1385.0,245.0,0,0,Fairly Easy,0,0.0,0.0,,3.0,1.0,0.0,0,143.0,129.0,0.0,8.0,8.0,0.0,,,,,4510f41a849aeedea6aec54014e7c984,0,,,,,1.1,https://www.expedia.fr/Hotels,2024-01-30 15:26:53,0.0,0.0,0.0,0.0,,Indexable,,0,0,0,0,0,0,0,0,0
46,hôtel,7,https://www.kayak.fr/hotels,0,200.0,220.0,87.0,60.0,82.0,62028.0,117167.0,246.0,63.0,71.0,1111.0,3.0,1566.0,3.0,1434.0,2016.1745520758595,2965.0,1821.0,342.0,23.0,94.0,24.0,text/html;charset=UTF-8,200.0,OK,Indexable,,Hôtels : Comparaison et réservation d'hôtels pas chers | KAYAK,62.0,565.0,,0.0,0.0,KAYAK effectue ses recherches sur des centaines de sites de voyage pour que vous puissiez trouver l'hôtel idéal au meilleur prix. Consultez des millions d'avis certifiés sur les hôtels du monde entier.,201.0,1204.0,,0.0,Trouvez et comparez des offres d’hôtels,39.0,,0.0,Cherchez sur des centaines de sites de voyage à la fois et trouvez des offres d'hôtels,86.0,Trouvez un hôtel au meilleur prix dans l’une de ces destinations,64.0,"index,follow",,,https://www.kayak.fr/hotels,,,,,,415317.0,83322.0,3287.0,530.0,0,0,Very Easy,0,0.0,0.0,,14.0,2.0,0.0,0,265.0,250.0,0.0,89.0,61.0,0.0,,,,,6b979efd9fe65e31064d75234c17528e,0,,,,,1.1,https://www.kayak.fr/hotels,2024-01-30 15:26:52,0.0,0.0,0.0,0.0,,Indexable,,0,0,0,0,0,0,0,0,0
47,hôtel,8,https://www.booking.com/city/fr/paris.fr.html,0,200.0,1250.0,68.0,36.0,56.0,111.0,735.0,160.0,27.0,,2740.0,5.0,3069.0,4.0,4100.0,1857.877180440049,4344.0,3769.5,343.5,5.0,,,text/html; charset=UTF-8,200.0,OK,Indexable,,Les 10 meilleurs hôtels à Paris (à partir de € 61),50.0,427.0,,0.0,0.0,"Des réductions incroyables sur des hôtels à: Paris, France. Bonne disponibilité et tarifs exceptionnels. Consultez les commentaires et choisissez la meilleure offre pour votre séjour.",183.0,1096.0,"Hôtel, Hôtels, Paris, hébergement, logement, Offres spéciales, promotions, offres week-ends Paris France, Prix compétitifs, réductions, prix bon marché",151.0,Recherchez des hôtels à Paris,29.0,,0.0,Indiquez vos dates afin de voir nos derniers tarifs et nos offres pour des hôtels à Paris,89.0,Les hôtels les plus réservés à Paris le mois dernier,52.0,"index,follow",,,https://www.booking.com/city/fr/paris.fr.html,,,,,,966900.0,212243.0,5277.0,1032.0,0,0,Easy,0,0.0,2.0,,8.0,2.0,0.0,0,208.0,147.0,0.0,3.0,3.0,0.0,,,,,4f35f1c65e95d3bd767d14455e7a66d9,0,,,,,1.1,https://www.booking.com/city/fr/paris.fr.html,2024-01-30 15:26:50,0.0,0.0,0.0,0.0,,Indexable,,0,0,0,0,0,0,0,0,0
48,hôtel,9,https://www.hotel-bb.com/fr,0,403.0,17.0,82.0,68.0,79.0,12417.0,656.0,0.0,0.0,50.0,1500.0,11.0,1768.0,13.0,1788.0,2072.456847145263,2841.0,3002.2501764297485,438.0,22.0,29.0,5.0,text/html; charset=UTF-8,200.0,OK,Indexable,,B&B HOTELS : réservez un hôtel en France et en Europe | Site web officiel,73.0,652.0,,0.0,0.0,Réservez votre hôtel dès maintenant sur notre site et profitez des meilleurs prix B&B HOTELS en France et en Europe avec nos promotions exclusives !,148.0,919.0,,0.0,,0.0,,0.0,Services,8.0,,0.0,"index, follow",,,https://www.hotel-bb.com/fr,,,,,,172680.0,28517.0,1810.0,513.0,0,0,Very Easy,0,0.0,0.0,,93.0,1.0,0.0,0,386.0,227.0,0.0,11.0,10.0,0.0,,,,,3e977b8f75d010216e91ee5b599d2450,0,"Tue, 30 Jan 2024 12:47:38 GMT",,,,1.1,https://www.hotel-bb.com/fr,2024-01-30 15:26:54,0.0,0.0,0.0,0.0,,Indexable,,0,0,0,0,0,0,0,0,0
49,hôtel,10,https://www.agoda.com/fr-fr/,0,200.0,341.0,66.0,17.0,61.0,189.0,1.0,0.0,0.0,1.0,1453.0,7.0,1792.0,6.0,776.0,4302.053259926256,1045.0,7181.5,774.5,16.0,,,text/html; charset=utf-8,200.0,OK,Indexable,,,0.0,0.0,,0.0,0.0,,0.0,0.0,,0.0,,0.0,,0.0,,0.0,,0.0,,,,,,,,,,183503.0,51734.0,0.0,,0,0,,0,0.0,1.0,,0.0,0.0,0.0,0,0.0,0.0,0.0,0.0,0.0,0.0,,,,,9d357b376d3dff5dca5598412a61caf1,0,,,,,1.1,https://www.agoda.com/fr-fr/,2024-01-30 15:26:54,0.0,0.0,0.0,0.0,,Indexable,,0,0,0,0,0,0,0,0,0
50,hôtel,11,https://fr.wikipedia.org/wiki/H%C3%B4tel,1,,,71.0,66.0,67.0,555.0,15.0,0.0,0.0,76.0,837.0,3.0,901.0,4.0,837.0,1124.3927161600448,901.0,1049.0,0.0,4.0,53.0,14.0,,,,,,,,,,,,,,,,,,,,,,,,,,,,,,,,,,,,,,0,0,,0,,,,,,,0,,,,,,,,,,,,0,,,,,,,,,,,,,,,0,0,0,0,0,0,0,0,0
51,hôtel,12,https://www.bestwestern.fr/,1,200.0,214.0,87.0,58.0,85.0,44834.0,15792.0,32.0,18.0,56.0,1453.0,17.0,1653.0,5.0,1554.0,5099.185530090007,1797.0,11547.0,1299.999999999999,7.0,,,text/html;charset=UTF-8,200.0,OK,Indexable,,Réservation hôtel en ligne - Best Western,41.0,367.0,,0.0,0.0,Séjour en famille ou d'affaires ? En ville ou en bord de mer ? Réservez votre chambre d'hôtel Best Western dans l'un de nos 4000 hôtels dans le monde.,150.0,916.0,"hotel, hotels, hotel best western, hotels best western, hotel 3 etoiles, hotel 4 etoiles, hotel 5 etoiles, hotels 3 etoiles, hotels 4 etoiles, hotel bestwestern, hotels bestwestern",180.0,Les Best deals,14.0,,0.0,"EXCLUSIVITÉ MEMBRES CLUB FIDÉLITÉ : Cet hiver, gagnez votre réservation remboursée* !*voir conditions",101.0,GRAND JEU,9.0,"index,follow",,,,,,,,,155226.0,33830.0,1139.0,255.0,0,0,Fairly Easy,0,0.0,0.0,,3.0,1.0,0.0,0,56.0,40.0,0.0,16.0,13.0,0.0,,,,,63d2fe95bfee9ac8a418cc1822209aa6,0,"Tue, 30 Jan 2024 14:26:50 GMT",,,,1.1,https://www.bestwestern.fr/,2024-01-30 15:26:56,0.0,0.0,0.0,0.0,,Indexable,,0,0,0,0,0,0,0,0,0
52,hôtel,13,https://voyages.carrefour.fr/accueil/hotel,1,,,71.0,25.0,56.0,6.0,10408.0,0.0,0.0,37.0,369.0,8.0,815.0,6.0,592.0,634.4520536922446,1126.0,1763.0,66.5,33.0,,,text/html; charset=UTF-8,403.0,Forbidden,Non-Indexable,Client Error,,0.0,0.0,,0.0,0.0,,0.0,0.0,,0.0,,0.0,,0.0,,0.0,,0.0,,,,,,,,,,0.0,0.0,0.0,,0,0,,0,0.0,1.0,,0.0,0.0,0.0,0,0.0,0.0,0.0,0.0,0.0,0.0,,,,,,0,,,,,1.1,https://voyages.carrefour.fr/accueil/hotel,2024-01-30 15:27:02,,,,,,,,0,0,0,0,0,0,0,0,0
53,hôtel,14,https://www.premiereclasse.com/fr-fr/,1,200.0,17.0,82.0,46.0,77.0,3067.0,1060.0,67.0,10.0,,2270.0,11.0,2968.0,8.0,2343.0,3556.483796207068,3831.0,5176.0,770.5,7.0,15.0,1.0,text/html; charset=utf-8,200.0,OK,Indexable,,Réservez un hôtel pas cher dans plus de 200 villes | Première Classe,68.0,609.0,,0.0,0.0,"En France et en Europe, il y a 260 hôtels Première Classe toujours là pour vous accueillir. Profitez de multiples avantages : wifi gratuit, salles de bains privatives, petit-déjeuner à volonté et des chambres à prix unique que vous soyez 1, 2, ou 3 personnes !",260.0,1542.0,,0.0,Trouvez votre hôtel idéal,25.0,,0.0,Réservez dès à présent dans nos hôtels pas chers Première Classe,64.0,Besoin d'inspiration ?,22.0,,,,https://www.premiereclasse.com/fr-fr/,,,,,,643749.0,124845.0,905.0,154.0,0,0,Fairly Easy,0,0.0,1.0,,2.0,1.0,0.0,0,126.0,69.0,0.0,12.0,9.0,0.0,,,,,d0e9da624182008d70ad368987a0baf2,0,,,,,1.1,https://www.premiereclasse.com/fr-fr/,2024-01-30 15:26:57,0.0,0.0,0.0,0.0,,Indexable,,0,0,0,0,0,0,0,0,0
54,hôtel,15,https://www.logishotels.com/fr/,1,403.0,687.0,83.0,50.0,79.0,84171.0,0.0,0.0,0.0,71.0,1634.0,3.0,1810.0,4.0,2283.0,1465.0332510070943,2936.0,2515.5,258.0,16.0,17.0,1.0,text/html; charset=utf-8,200.0,OK,Indexable,,Hôtels et restaurants en France et à l'étranger - LOGIS HÔTELS,62.0,561.0,,0.0,0.0,"Votre hôtel en France et dans le monde : 2000 hôtels et restaurants LOGIS, 1ère chaîne volontaire de restaurateurs / hôteliers indépendants en Europe",149.0,922.0,,0.0,Joignez le local à l'agréable !,31.0,,0.0,,0.0,Pourquoi réserver sur notre site ?,34.0,,,,https://www.logishotels.com/fr/,,,,,,115817.0,31222.0,1185.0,185.0,0,0,Normal,0,0.0,1.0,,1.0,1.0,0.0,0,113.0,83.0,0.0,10.0,10.0,0.0,,,,,d2aea572566bb654a56d9e33deec00a9,0,"Tue, 30 Jan 2024 14:27:01 GMT",,,,1.1,https://www.logishotels.com/fr/,2024-01-30 15:27:00,0.0,0.0,0.0,0.0,,Indexable,,0,0,0,0,0,0,0,0,0
55,hôtel,16,https://www.campanile.com/fr-fr/,1,200.0,552.0,82.0,52.0,73.0,3077.0,1225.0,110.0,10.0,,2269.0,4.0,2504.0,9.0,3003.0,1951.9835387961427,4163.0,3510.5,392.5,6.0,13.0,1.0,text/html; charset=utf-8,200.0,OK,Indexable,,Campanile | Réservez dans plus de 380 hôtels restaurants,56.0,516.0,,0.0,0.0,"Dans les hôtels Campanile, chaque occasion et chaque lieu sont autant d’opportunités de vivre et partager de bons moments entre collègues, amis ou en famille. Campanile, une chaîne hôtelière 3-étoiles reconnue avec un réseau de plus de 400 hôtels dans plus de 13 pays, offre des lieux de vie à l’atmosphère conviviale.",318.0,1953.0,,0.0,Réservez votre chambre dans votre hôtel restaurant Campanile,60.0,,0.0,Réservez dès maintenant dans nos hôtels restaurants Campanile,61.0,Offres spéciales,16.0,,,,https://www.campanile.com/fr-fr/,,,,,,648434.0,125255.0,1013.0,175.0,0,0,Fairly Easy,0,0.0,1.0,,2.0,1.0,0.0,0,163.0,111.0,0.0,12.0,10.0,0.0,,,,,4646eb5e0b3c674edcd513173805ff6b,0,,,,,1.1,https://www.campanile.com/fr-fr/,2024-01-30 15:26:59,0.0,0.0,0.0,0.0,,Indexable,,0,0,0,0,0,0,0,0,0
56,hôtel,17,https://www.contact-hotel.com/recherche-hotel-dans-regions-france.htm,1,200.0,2605.0,74.0,35.0,61.0,71.0,21333.0,34.0,5.0,45.0,2216.0,2.0,2474.0,1.0,2454.0,6282.85160672383,2849.0,4468.0,19.5,2.0,2.0,0.0,text/html; charset=utf-8,200.0,OK,Indexable,,Chercher un Hôtel - Contact Hôtel,33.0,300.0,,0.0,0.0,Rechercher un hôtel,19.0,123.0,,0.0,Chercher parmi nos hôtels en France,35.0,,0.0,Recherche par destination,25.0,Recherche sur la carte,22.0,,,,,,,,,,158681.0,26406.0,460.0,146.0,0,0,Very Easy,0,0.0,0.0,,5.0,1.0,0.0,0,64.0,35.0,0.0,5.0,5.0,0.0,,,,,a60bef0755dff3df94238f8f7dd26235,0,,,,,1.1,https://www.contact-hotel.com/recherche-hotel-dans-regions-france.htm,2024-01-30 15:26:58,0.0,0.0,0.0,0.0,,Indexable,,0,0,0,0,0,0,0,0,0
57,hôtel,18,https://www.orsohotels.com/hotel-cabane,1,200.0,545.0,66.0,20.0,59.0,50.0,28.0,10.0,6.0,27.0,1341.0,3.0,1384.0,0.0,1212.0,1318.8787925890774,1435.0,6334.5,1266.0,0.0,7.0,0.0,text/html,200.0,OK,Indexable,,Hôtels Cabane | Orso Hôtels | Boutiques Hôtels Parisiens,56.0,506.0,,0.0,0.0,Découvrez l'unicité à l'Hôtel Cabane d'Orso Hôtels. Une expérience immersive dans une oasis de charme au cœur de Paris. Réservez votre escapade.,144.0,906.0,,0.0,Hôtel Cabane - Quartier Montparnasse,36.0,,0.0,L’hôtel,7.0,Nos chambres,12.0,,,,,,,,,,95531.0,30696.0,353.0,65.0,0,0,Fairly Easy,0,0.0,0.0,,11.0,1.0,0.0,0,31.0,11.0,0.0,5.0,5.0,0.0,,,,,456d4fe1fa6cd86b1d489bb6855c593c,0,,,,,1.1,https://www.orsohotels.com/hotel-cabane,2024-01-30 15:26:58,0.0,0.0,0.0,0.0,,Indexable,,0,0,0,0,0,0,0,0,0
58,hôtel,19,https://hotel.cdiscount.com/,1,302.0,955.0,59.0,0.0,55.0,56.0,0.0,0.0,0.0,,3884.0,3.0,5458.0,0.0,3682.0,3642.324922156926,7513.0,3776.0,497.0,18.0,,,text/html; charset=utf-8,200.0,OK,Indexable,,Hôtel pas cher – Cdiscount Voyages,34.0,322.0,,0.0,0.0,"Pour vos vacances dans un hôtel pas cher en France ou à l’étranger, découvrez toute l’offre d’hébergement de Cdiscount Voyages !",128.0,805.0,,0.0,TOUS LES HÔTELS AU MEILLEUR PRIXRÉSERVEZ VOTRE HÔTEL,52.0,,0.0,PROMOS VOLSLes offres du moment,31.0,PROMOS HOTELSLES OFFRES DU MOMENT,33.0,,,,,,,,,,107785.0,19864.0,525.0,84.0,0,0,Fairly Easy,0,0.0,0.0,,7.0,1.0,0.0,0,177.0,84.0,0.0,8.0,4.0,0.0,,,,,ee5b0e43c7fecbe3990400811a3c8b45,0,,,,,1.1,https://hotel.cdiscount.com/,2024-01-30 15:26:50,0.0,0.0,0.0,0.0,,Indexable,,0,0,0,0,0,0,0,0,0
59,hôtel,20,https://www.hotelabbayeparis.com/,1,200.0,1154.0,70.0,26.0,61.0,87.0,54.0,15.0,5.0,19.0,1308.0,5.0,1345.0,1.0,1447.0,1398.314962480786,1638.0,2853.75,141.5,0.0,10.0,0.0,text/html,200.0,OK,Indexable,,Hôtel de l’Abbaye Paris,23.0,206.0,,0.0,0.0,"Un hôtel 4 étoiles luxueux et raffiné, véritable havre de paix situé en plein coeur du quartier Saint-Germain-des-Prés à Paris, proposant un bar et un jardin.",158.0,937.0,,0.0,Hôtel de l'abbaye à paris Une maison parisienne au coeur de Saint-Germain-des-prés,82.0,,0.0,un lieu au charme préservé,26.0,chambres & suites,17.0,,,,,,,,,,47742.0,12512.0,572.0,123.0,0,0,Easy,0,0.0,0.0,,11.0,1.0,0.0,0,63.0,17.0,0.0,4.0,4.0,0.0,,,,,87eb889c99db94df04f8a9a1ccefbca0,0,,,,,1.1,https://www.hotelabbayeparis.com/,2024-01-30 15:27:00,0.0,0.0,0.0,0.0,,Indexable,,0,0,0,0,0,0,0,0,0
60,hôtel première classe,1,https://www.premiereclasse.com/fr-fr/,0,200.0,17.0,82.0,46.0,77.0,3067.0,1060.0,67.0,10.0,,2270.0,11.0,2968.0,8.0,2343.0,3556.483796207068,3831.0,5176.0,770.5,7.0,29.0,1.0,text/html; charset=utf-8,200.0,OK,Indexable,,Réservez un hôtel pas cher dans plus de 200 villes | Première Classe,68.0,609.0,,0.0,0.0,"En France et en Europe, il y a 260 hôtels Première Classe toujours là pour vous accueillir. Profitez de multiples avantages : wifi gratuit, salles de bains privatives, petit-déjeuner à volonté et des chambres à prix unique que vous soyez 1, 2, ou 3 personnes !",260.0,1542.0,,0.0,Trouvez votre hôtel idéal,25.0,,0.0,Réservez dès à présent dans nos hôtels pas chers Première Classe,64.0,Besoin d'inspiration ?,22.0,,,,https://www.premiereclasse.com/fr-fr/,,,,,,643749.0,124845.0,905.0,154.0,0,0,Fairly Easy,0,0.0,1.0,,2.0,1.0,0.0,0,126.0,69.0,0.0,12.0,9.0,0.0,,,,,d0e9da624182008d70ad368987a0baf2,0,,,,,1.1,https://www.premiereclasse.com/fr-fr/,2024-01-30 15:26:57,0.0,0.0,0.0,0.0,,Indexable,,0,0,0,0,0,0,0,0,0
61,hôtel première classe,2,https://fr.wikipedia.org/wiki/Premi%C3%A8re_Classe_(cha%C3%AEne_d%27h%C3%B4tels),0,,,51.0,0.0,47.0,6.0,0.0,0.0,0.0,,837.0,3.0,901.0,4.0,837.0,1125.9252241542736,901.0,1014.0,0.0,4.0,26.0,7.0,,,,,,,,,,,,,,,,,,,,,,,,,,,,,,,,,,,,,,0,0,,0,,,,,,,0,,,,,,,,,,,,0,,,,,,,,,,,,,,,0,0,0,0,0,0,0,0,0
62,hôtel première classe,3,https://www.hotelaparis.com/chaines-hotelieres-paris/hotels-premiere-classe-paris.html,0,200.0,1376.0,57.0,17.0,,0.0,24.0,35.0,3.0,84.0,890.0,3.0,1230.0,20.0,890.0,1796.6884899692789,1230.0,1815.5,4.5,20.0,68.0,11.0,text/html; charset=utf-8,200.0,OK,Indexable,,Hôtels Première Classe à Paris,30.0,278.0,,0.0,0.0,Tous les hôtels appartenant à la chaîne économique Première Classe à Paris et en région parisienne.,99.0,615.0,,0.0,Tous les hôtels Première Classe à Paris,39.0,,0.0,Hôtel à Paris,13.0,"Le meilleur site pour trouver, comparer et réserver un hôtel à Paris",68.0,,,,https://www.hotelaparis.com/chaines-hotelieres-paris/hotels-premiere-classe-paris.html,,,,,,82295.0,23392.0,708.0,122.0,0,0,Easy,0,0.0,1.0,,1.0,1.0,0.0,0,55.0,36.0,0.0,3.0,3.0,0.0,,,,,2397662e7d6f80bb5a1cfba70630c96c,0,"Fri, 08 Jul 2022 09:19:22 GMT",,,,1.1,https://www.hotelaparis.com/chaines-hotelieres-paris/hotels-premiere-classe-paris.html,2024-01-30 15:27:01,0.0,0.0,0.0,0.0,,Indexable,,0,0,0,0,0,0,0,0,0
63,hôtel première classe,4,https://www.martigues-tourisme.com/hotel/hotel-premiere-classe.html,0,200.0,2024.0,50.0,33.0,,3.0,2.0,80.0,15.0,56.0,1154.0,3.0,1380.0,4.0,1154.0,1432.3573578055657,1380.0,2454.0,43.0,4.0,61.0,14.0,text/html; charset=utf-8,200.0,OK,Indexable,,Hôtel Première Classe - Hôtel Chambres à Martigues,50.0,473.0,,0.0,0.0,"L'hôtel se situe à 2 kilomètres du centre ville, vous prendrez plaisir à flâner dans ses rues pour découvrir les ponts et les canaux qui ont fait de Martigues La Venise Provençale.",180.0,1068.0,,0.0,Hôtel Première Classe,21.0,,0.0,Présentation,12.0,Tarifs,6.0,,,,https://www.martigues-tourisme.com/hotel/hotel-premiere-classe.html,,,,,,105410.0,21270.0,1107.0,270.0,0,0,Very Easy,0,0.0,1.0,,30.0,1.0,0.0,0,125.0,84.0,0.0,9.0,9.0,0.0,,,,,ae242f54bff8ae26481c43c1c3cc7106,0,,,,,1.1,https://www.martigues-tourisme.com/hotel/hotel-premiere-classe.html,2024-01-30 15:26:54,0.0,0.0,0.0,0.0,,Indexable,,0,0,0,0,0,0,0,0,0
64,hôtel première classe,5,https://www.booking.com/hotel/fr/premiere-classe.fr.html,0,,,35.0,,,0.0,1.0,0.0,0.0,64.0,4100.0,12.0,4344.0,5.0,4100.0,3214.065156846837,4344.0,7305.5,1561.0,5.0,73.0,18.0,text/html; charset=UTF-8,200.0,OK,Indexable,,"Hôtel Premiere Classe Pamiers, Pamiers – Tarifs 2024",52.0,489.0,,0.0,0.0,"L’Hôtel Premiere Classe Pamiers se situe dans l’Ariège, au sein du complexe commercial La Bouriette.",100.0,621.0,"Hôtel Premiere Classe Pamiers, Pamiers, France, R:Midi-Pyrénées, Hôtel, Hôtels",78.0,"Offres à l'établissement Hôtel Premiere Classe Pamiers (Hôtel), (France)",72.0,,0.0,Rechercher,10.0,Hôtel Premiere Classe Pamiers,29.0,"index,follow",,,https://www.booking.com/hotel/fr/premiere-classe.fr.html,,,,,,1218865.0,306599.0,2105.0,512.0,0,0,Fairly Easy,0,0.0,2.0,,36.0,1.0,0.0,0,111.0,68.0,0.0,3.0,3.0,0.0,,,,,1da4d7027d32e34b28eeff1786924604,0,,,,,1.1,https://www.booking.com/hotel/fr/premiere-classe.fr.html,2024-01-30 15:26:52,0.0,0.0,0.0,0.0,,Indexable,,0,0,0,0,0,0,0,0,0
65,hôtel première classe,6,https://www.sortir-yvelines.fr/Ou-dormir/Ou-dormir-dans-les-Yvelines/hotel-yvelines/Hotel-Premiere-Classe-Maurepas,0,200.0,289.0,51.0,1.0,,0.0,29.0,95.0,8.0,59.0,1578.0,10.0,1794.0,3.0,1578.0,2501.3833133031208,1794.0,2455.0,107.5,3.0,,,text/html; charset=UTF-8,301.0,Moved Permanently,Non-Indexable,Redirected,,0.0,0.0,,0.0,0.0,,0.0,0.0,,0.0,,0.0,,0.0,,0.0,,0.0,,,,,,,,,,0.0,0.0,0.0,,0,0,,0,0.0,3.0,,0.0,0.0,0.0,0,0.0,0.0,0.0,0.0,0.0,0.0,,,,,,0,,https://destination-yvelines.fr/hotels/,HTTP Redirect,,1.1,https://www.sortir-yvelines.fr/Ou-dormir/Ou-dormir-dans-les-Yvelines/hotel-yvelines/Hotel-Premiere-Classe-Maurepas,2024-01-30 15:27:00,,,,,,,,0,0,0,0,0,0,0,0,0
66,hôtel première classe,7,https://www.larochelle-tourisme.com/sejourner/hebergements/hotels/hotel-premiere-classe-la-rochelle-centre-les-minimes,0,200.0,1439.0,57.0,15.0,,3.0,9.0,46.0,18.0,29.0,871.0,2.0,1017.0,38.0,871.0,979.5401136097996,1017.0,4475.5,749.0,38.0,22.0,3.0,text/html; charset=UTF-8,200.0,OK,Indexable,,Hôtel Première Classe La Rochelle centre Les Minimes Hôtels à La Rochelle - La Rochelle Tourisme,96.0,886.0,,0.0,0.0,"A 1 km du centre-ville et 1 km de la Gare SNCF, idéalement situé cet hôtel vous propose 84 chambres de 2 à 4 personnes, climatisées avec salle de bain toute équipée privative. Wifi gratuit, parking privé payant.",211.0,1275.0,,0.0,Hôtel Première Classe La Rochelle centre Les Minimes,52.0,,0.0,,0.0,,0.0,,,,https://www.larochelle-tourisme.com/sejourner/hebergements/hotels/hotel-premiere-classe-la-rochelle-centre-les-minimes,,,,,,73756.0,11830.0,511.0,146.0,0,0,Very Easy,0,0.0,3.0,,7.0,1.0,0.0,0,71.0,48.0,0.0,23.0,18.0,0.0,,,,,a6919913fcd81fd8b765dd366393f635,0,"Tue, 30 Jan 2024 14:26:58 GMT",,,,1.1,https://www.larochelle-tourisme.com/sejourner/hebergements/hotels/hotel-premiere-classe-la-rochelle-centre-les-minimes,2024-01-30 15:26:58,0.0,0.0,0.0,0.0,,Indexable,,0,0,0,0,0,0,0,0,0
67,hôtel première classe,8,https://www.agoda.com/fr-fr/premiere-classe-paris-montreuil-hotel/hotel/paris-fr.html,0,,,,,,0.0,0.0,0.0,0.0,,776.0,6.0,1045.0,16.0,776.0,4245.9068754319205,1045.0,6605.0,2443.5,16.0,,,text/html; charset=utf-8,200.0,OK,Indexable,,,0.0,0.0,,0.0,0.0,,0.0,0.0,,0.0,,0.0,,0.0,,0.0,,0.0,,,,,,,,,,248230.0,76666.0,0.0,,0,0,,0,0.0,3.0,,0.0,0.0,0.0,0,1.0,1.0,0.0,0.0,0.0,0.0,,,,,5bb2344bcc2ae055683060c2868d8d61,0,,,,,1.1,https://www.agoda.com/fr-fr/premiere-classe-paris-montreuil-hotel/hotel/paris-fr.html,2024-01-30 15:26:54,0.0,0.0,0.0,0.0,,Indexable,,0,0,0,0,0,0,0,0,0
68,hôtel première classe,9,https://www.suresnes-tourisme.com/hotel-premiere-classe.html,0,200.0,406.0,48.0,11.0,,0.0,2.0,33.0,13.0,42.0,1106.0,3.0,1342.0,0.0,1106.0,1879.3641900838516,1342.0,2379.0,0.0,0.0,45.0,9.0,text/html; charset=ISO-8859-15,200.0,OK,Indexable,,Hôtel Première Classe Paris Ouest Pont de Suresnes **,53.0,495.0,,0.0,0.0,"A proximit&eacute; de Paris Porte Maillot, et du quartier d&#039;affaire de La D&eacute;fense, l?H&ocirc;tel Premi&egrave;re Classe Paris Ouest Pont de Suresnes vous propose des chambres confortables, pratiques et toutes climatis&eacute;es. Vous &ecirc;tes trois ? L&#039;H&ocirc;tel vous sugg&eacute;rera de prendre une chambre avec un lit superpos&eacute; pour l&#039;accueil d&#039;une troisi&egrave;me personne, sans suppl&eacute;ment. Proche du centre ville de Suresnes, des sites touristiques de grande renomm&eacute;e.",525.0,2612.0,"Hôtel Première classe, paris pont de Suresnes, centre, Bois de Boulogne, Hippodrome de Longchamp, Porte Maillot, paris Suresnes centre, chambre pratique confortables, simple double triple, nuit touriste, agrément,  tarif abordable, hotel proche paris, hôt,",256.0,OT Suresnes,11.0,HÔTEL PREMIERE CLASSE PARIS OUEST PONT DE SURESNES **,53.0,Services et équipements,23.0,Tarifs,6.0,"follow,index,all",,,https://www.suresnes-tourisme.com/hotel-premiere-classe.html,,,,,,51331.0,11487.0,727.0,181.0,0,0,Easy,0,0.0,0.0,,1.0,1.0,0.0,0,79.0,39.0,0.0,16.0,11.0,0.0,,,,,4d0e42fa780335382949a522c0c1d62b,0,,,,,1.1,https://www.suresnes-tourisme.com/hotel-premiere-classe.html,2024-01-30 15:26:56,0.0,0.0,0.0,0.0,,Indexable,,0,0,0,0,0,0,0,0,0
69,hôtel première classe,10,https://www.trivago.fr/fr/oar/h%C3%B4tel-premiere-classe-plaisir?search=100-395036,0,,,59.0,3.0,,3.0,32.0,0.0,0.0,38.0,1639.0,26.0,3441.0,13.0,1639.0,4322.830933553911,3441.0,3695.0,1462.5,13.0,68.0,13.0,,,,,,,,,,,,,,,,,,,,,,,,,,,,,,,,,,,,,,0,0,,0,,,,,,,0,,,,,,,,,,,,0,,,,,,,,,,,,,,,0,0,0,0,0,0,0,0,0
70,hôtel première classe,11,https://www.pagesjaunes.fr/pros/08088689,1,,,,,,0.0,0.0,0.0,0.0,37.0,1506.0,2.0,1797.0,1.0,1506.0,1453.9757371959508,1797.0,1806.5,181.0,1.0,,,text/html; charset=UTF-8,403.0,Forbidden,Non-Indexable,Client Error,,0.0,0.0,,0.0,0.0,,0.0,0.0,,0.0,,0.0,,0.0,,0.0,,0.0,,,,,,,,,,0.0,0.0,0.0,,0,0,,0,0.0,1.0,,0.0,0.0,0.0,0,0.0,0.0,0.0,0.0,0.0,0.0,,,,,,0,,,,,1.1,https://www.pagesjaunes.fr/pros/08088689,2024-01-30 15:26:53,,,,,,,,0,0,0,0,0,0,0,0,0
71,hôtel première classe,12,https://www.tripadvisor.fr/Hotel_Review-g196579-d644537-Reviews-Hotel_Premiere_Classe_Nanterre_La_Defense-Nanterre_La_Defense_Hauts_de_Seine_Ile_de_Fra.html,1,,,30.0,0.0,,0.0,3.0,0.0,0.0,,2384.0,4.0,3311.0,11.0,2384.0,3123.0043302819604,3311.0,5717.5,565.5,11.0,163.0,50.0,text/html;charset=UTF-8,200.0,OK,Indexable,,Hôtel Première Classe Nanterre - La Défense : tarifs 2024 et 224 avis,69.0,615.0,,0.0,0.0,"Hôtel Première Classe Nanterre - La Défense, Nanterre dès 60€ sur Tripadvisor: Consultez les 273 avis de voyageurs, 85 photos, et les meilleures offres pour Hôtel Première Classe Nanterre - La Défense, classé n°12 sur 12 hôtels à Nanterre et noté 2,5 sur 5 sur Tripadvisor.",273.0,1660.0,,0.0,Hôtel Première Classe Nanterre - La Défense,43.0,Hôtel Première Classe Nanterre - La Défense : tarifs 2024 et 224 avis,69.0,Consultez les prix pour vos dates de voyage,43.0,Infos pratiques,15.0,,,,,,,,,,1134882.0,217839.0,3486.0,689.0,0,0,Easy,0,0.0,0.0,,13.0,1.0,0.0,0,204.0,155.0,0.0,4.0,4.0,0.0,,,,,a6dd988389b73ff485ca62b264f80f4f,0,,,,,1.1,https://www.tripadvisor.fr/Hotel_Review-g196579-d644537-Reviews-Hotel_Premiere_Classe_Nanterre_La_Defense-Nanterre_La_Defense_Hauts_de_Seine_Ile_de_Fra.html,2024-01-30 15:27:01,0.0,0.0,0.0,0.0,,Indexable,,0,0,0,0,0,0,0,0,0
72,hôtel première classe,13,https://www.lehavre-etretat-tourisme.com/fr/fiche/le-havre/hotel-premiere-classe-le-havre-centre_TFOHOTNOR076V50SDXR/,1,200.0,240.0,58.0,31.0,,0.0,4.0,106.0,16.0,69.0,1745.0,3.0,2191.0,4.0,1745.0,1292.0,2191.0,2149.0,72.0,4.0,20.0,1.0,text/html; charset=UTF-8,200.0,OK,Indexable,,Hôtel Première Classe Le Havre Centre,37.0,351.0,,0.0,0.0,"Situé à 20 minutes à pied de la Gare SNCF Le Havre et à 3 kilomètres du centre-ville du Havre, votre hôtel Première Classe Le Havre Centre bénéficie d'une situa...",163.0,982.0,,0.0,Hôtel Première Classe Le Havre Centre,37.0,,0.0,,0.0,,0.0,"index, follow, max-image-preview:large, max-snippet:-1, max-video-preview:-1",,,,,,,,,236053.0,28461.0,439.0,99.0,0,0,Very Easy,0,0.0,4.0,,21.0,1.0,0.0,0,224.0,108.0,0.0,17.0,16.0,0.0,,,,,e8ae8fdc525cb7c4f0d9da7feb9fda8e,0,,,,,1.1,https://www.lehavre-etretat-tourisme.com/fr/fiche/le-havre/hotel-premiere-classe-le-havre-centre_TFOHOTNOR076V50SDXR/,2024-01-30 15:27:01,0.0,0.0,0.0,0.0,,Indexable,,0,0,0,0,0,0,0,0,0
73,hôtel première classe,14,https://www.tourisme-aveyron.com/fr/diffusio/hotels/hotel-premiere-classe-rodez_TFO17139019862,1,200.0,860.0,53.0,38.0,,0.0,9.0,84.0,16.0,55.0,1517.0,3.0,2296.0,0.0,1517.0,1347.1913286377883,2296.0,2941.5,117.0,0.0,0.0,0.0,text/html; charset=UTF-8,200.0,OK,Indexable,,"HOTEL PREMIERE CLASSE, Rodez | Hôtel | Tourisme Aveyron",55.0,540.0,,0.0,0.0,Le confort d'un hôtel à petit prix !,36.0,202.0,,0.0,HOTEL PREMIERE CLASSE,21.0,,0.0,Rodez,5.0,Capacités & Services,20.0,,,,https://www.tourisme-aveyron.com/fr/diffusio/hotels/hotel-premiere-classe-rodez_TFO17139019862,,,,,,102256.0,18792.0,568.0,145.0,0,0,Very Easy,0,0.0,3.0,,22.0,1.0,0.0,0,125.0,89.0,0.0,29.0,20.0,0.0,,,,,c9ad19ba49df117a059ae60edbbc79e8,0,,,,,1.1,https://www.tourisme-aveyron.com/fr/diffusio/hotels/hotel-premiere-classe-rodez_TFO17139019862,2024-01-30 15:27:01,0.0,0.0,0.0,0.0,,Indexable,,0,0,0,0,0,0,0,0,0
74,hôtel première classe,15,https://www.tourisme-ouestvar.com/hotel-premiere-classe-la-seyne-sur-mer.html,1,200.0,1088.0,47.0,11.0,,1.0,10.0,76.0,18.0,69.0,942.0,3.0,2490.0,28.0,942.0,1988.7427345641202,2490.0,3794.0,383.5,28.0,39.0,9.0,text/html; charset=utf-8,200.0,OK,Indexable,,"Hôtel Première Classe : Hôtel 1 étoile La Seyne sur Mer, La Seyne Nord , Internet / Wifi, Animaux Admis, Climatisation",118.0,1047.0,,0.0,0.0,"Hôtel Première Classe  Hôtel rénové, nouvelle génération. A quelques minutes du centre de Toulon et de sa gare maritime, du centre de La Seyne sur Mer et tout près d'une zone commerciale, notre hôtel facilement accessible de l'A50 sortie 13. L'hôtel est situé tout près des grandes plages. Nos chambres rénovées sont climatisées, équipées de cabine de douche, wc privatif, écran plat avec réveil intégré, TNT. L'accès internet Wifi est gratuit. Petit déjeuner sous forme de buffet à volonté. Retrouvez-nous sur   3 km de la plage, 800 m des commerces, 10 m de l'arrêt de bus, ligne(s) de bus 83, arrêt Hôtels accès wifi, distributeur de boissons, distributeur de nourriture, micro-ondes",686.0,4136.0,,0.0,Hôtel Première Classe,21.0,,0.0,,0.0,,0.0,,,,https://www.tourisme-ouestvar.com/hotel-premiere-classe-la-seyne-sur-mer.html,,,,,,216283.0,36223.0,1451.0,741.0,0,0,Very Easy,0,0.0,0.0,,37.0,1.0,0.0,0,128.0,78.0,0.0,15.0,14.0,0.0,,,,,ebf0bf3edde95e83c24667dc7a67474c,0,,,,,1.1,https://www.tourisme-ouestvar.com/hotel-premiere-classe-la-seyne-sur-mer.html,2024-01-30 15:26:56,0.0,0.0,0.0,0.0,,Indexable,,0,0,0,0,0,0,0,0,0
75,hôtel première classe,16,https://www.kayak.fr/Toulouse-Hotels-Hotel-Premiere-Classe-Toulouse-Nord---Sesquieres.420603.ksp,1,200.0,12.0,63.0,27.0,,10.0,8.0,38.0,64.0,60.0,1434.0,5.0,2965.0,23.0,1434.0,2055.4828275044592,2965.0,2304.5,699.5,23.0,147.0,45.0,text/html;charset=UTF-8,200.0,OK,Indexable,,Hôtel Première Classe Toulouse Nord - Sesquières à partir de 23 €. Hôtels à Toulouse - KAYAK,92.0,841.0,,0.0,0.0,Comparez les prix et trouvez la meilleure offre pour Hôtel Première Classe Toulouse Nord - Sesquières à Toulouse (Occitanie) sur KAYAK. Tarifs à partir de 21 €.,160.0,976.0,,0.0,Hôtel Première Classe Toulouse Nord - Sesquières,48.0,,0.0,Hôtel Première Classe Toulouse Nord - Sesquières - Présentation,63.0,Photos de Hôtel Première Classe Toulouse Nord - Sesquières,58.0,"index,follow",,,https://www.kayak.fr/Toulouse-Hotels-Hotel-Premiere-Classe-Toulouse-Nord---Sesquieres.420603.ksp,,,,,,1183066.0,170212.0,1844.0,412.0,0,0,Very Easy,0,0.0,0.0,,18.0,1.0,0.0,0,66.0,40.0,0.0,61.0,61.0,0.0,,,,,bb5befbecdb440b3744dcf2c671e246f,0,,,,,1.1,https://www.kayak.fr/Toulouse-Hotels-Hotel-Premiere-Classe-Toulouse-Nord---Sesquieres.420603.ksp,2024-01-30 15:27:00,0.0,0.0,0.0,0.0,,Indexable,,0,0,0,0,0,0,0,0,0
76,hôtel première classe,17,http://www.laval-tourisme.com/votre-sejour/ou-dormir/hotels/premiere-classe-635778,1,301.0,35.0,55.0,37.0,,0.0,4.0,1.0,0.0,33.0,1232.0,3.0,1586.0,5.0,1232.0,2625.7569050771344,1586.0,11860.5,6633.0,5.0,,,text/html,301.0,Moved Permanently,Non-Indexable,Redirected,,0.0,0.0,,0.0,0.0,,0.0,0.0,,0.0,,0.0,,0.0,,0.0,,0.0,,,,,,,,,,166.0,166.0,0.0,,0,0,,0,0.0,3.0,,0.0,0.0,0.0,0,0.0,0.0,0.0,0.0,0.0,0.0,,,,,,0,,https://www.laval-tourisme.com/votre-sejour/ou-dormir/hotels/premiere-classe-635778,HTTP Redirect,,1.1,http://www.laval-tourisme.com/votre-sejour/ou-dormir/hotels/premiere-classe-635778,2024-01-30 15:26:57,,,,,,,,0,0,0,0,0,0,0,0,0
77,hôtel première classe,18,https://www.lilletourism.com/premiere-classe-lille-centre-reserver.html,1,200.0,1601.0,,,,4.0,2.0,49.0,8.0,,1163.0,2.0,1333.0,7.0,1163.0,1503.79307124714,1333.0,1761.25,40.5,7.0,35.0,11.0,text/html; charset=utf-8,200.0,OK,Non-Indexable,Canonicalised,PREMIÈRE CLASSE LILLE CENTRE  |  Lille - Office de Tourisme et des Congrès,74.0,679.0,,0.0,0.0,"Hôtel de 52 chambres (pour 1, 2 ou 3 personnes). L’hôtel Première Classe Lille-Centre est situé au cœur de Lille, à seulement 200 mètres de la gare et de la station de métro de Lille-Flandres.  La gare TGV de Lille-Europe se trouve à 800 mètres de l'établissement Première Classe Lille-Centre. Vous pourrez rejoindre la basilique Notre-Dame-de-la-Treille en moins de 10 min, ainsi que le Grand Palais/Zénith et le Casino Barrière. La proximité de ces 2 hauts lieux culturels vous permettra d'assister à de nombreux concerts, spectacles, salons et congrès professionnels ou touristiques. L’hôtel Première Classe Lille-Centre vous propose des chambres avec une connexion wifi gratuite et une télévision par satellite à écran plat. Chaque chambre de l'établissement Première Classe Lille-Centre possède également une salle de bains privative avec douche et WC.  5 étages sont desservis par un ascenseur, le 6e est accessible par un escalier. Une réception ouverte...",963.0,5829.0,,0.0,PREMIÈRE CLASSE LILLE CENTRE,28.0,,0.0,,0.0,,0.0,,,,http://www.lilletourism.com/hotel-lille/premiere-classe-lille-centre.html,,,,,,67914.0,14256.0,479.0,132.0,0,0,Very Easy,0,0.0,0.0,,25.0,1.0,0.0,0,104.0,52.0,0.0,4.0,3.0,0.0,,,,,ac12fda17d58085b1ed5edecde756af0,0,,,,,1.1,https://www.lilletourism.com/premiere-classe-lille-centre-reserver.html,2024-01-30 15:27:00,0.0,0.0,0.0,0.0,,Non-Indexable,Canonicalised,0,0,0,0,0,0,0,0,0
78,hôtel première classe,19,https://www.hotelsautoroute.fr/hotel-premiere-classe/,1,200.0,416.0,63.0,7.0,,0.0,135.0,87.0,6.0,38.0,1089.0,3.0,1476.0,8.0,1089.0,1972.7126984652214,1476.0,6590.0,3169.0,8.0,15.0,0.0,text/html; charset=UTF-8,200.0,OK,Indexable,,Hôtel Première Classe - Un hôtel Première Classe près de l’autorouteHotels Autoroute .fr,88.0,792.0,,0.0,0.0,Un hôtel pour tous les budgets : l’hôtel Première Classe ✅Reposez-vous avant de reprendre la route,98.0,602.0,,0.0,Hotels Autoroute .fr,20.0,Hôtel Première Classe,21.0,Hotels sur l’ autoroute,23.0,Un hôtel pour tous les budgets : l’hôtel Première Classe,56.0,"index, follow, max-image-preview:large, max-snippet:-1, max-video-preview:-1",,,https://www.hotelsautoroute.fr/hotel-premiere-classe/,,,,,,61878.0,13984.0,1102.0,181.0,0,0,Fairly Easy,0,0.0,1.0,,2.0,1.0,0.0,0,131.0,86.0,0.0,6.0,6.0,0.0,,,,,3a03f4fbe5a5766daa21a2c553df6f6a,0,"Tue, 09 Jan 2024 13:07:03 GMT",,,,1.1,https://www.hotelsautoroute.fr/hotel-premiere-classe/,2024-01-30 15:26:55,0.0,0.0,0.0,0.0,,Indexable,,0,0,0,0,0,0,0,0,0
79,hôtel première classe,20,https://www.clermontauvergnetourisme.com/fiches/hotel-premiere-classe-clermont-fd-centre/,1,200.0,91.0,51.0,20.0,,0.0,46.0,64.0,8.0,45.0,1173.0,3.0,1389.0,13.0,1173.0,2407.646036293084,1389.0,2634.25,44.0,13.0,38.0,3.0,text/html; charset=UTF-8,200.0,OK,Indexable,,Hôtel Première Classe Clermont-Fd centre - Clermont Auvergne Tourism,68.0,647.0,,0.0,0.0,,0.0,0.0,,0.0,Hôtel Première Classe Clermont-Fd centre,40.0,,0.0,Horaires et périodes d’ouverture,32.0,Équipements et services,23.0,max-image-preview:large,,,https://www.clermontauvergnetourisme.com/fiches/hotel-premiere-classe-clermont-fd-centre/,,,,,,59914.0,13508.0,451.0,94.0,0,0,Very Easy,0,0.0,2.0,,13.0,1.0,0.0,0,115.0,78.0,0.0,8.0,8.0,0.0,,,,,457f326ded6842ea2dd7373a0f4bcee,0,"Tue, 30 Jan 2024 14:20:02 GMT",,,,1.1,https://www.clermontauvergnetourisme.com/fiches/hotel-premiere-classe-clermont-fd-centre/,2024-01-30 15:27:00,0.0,0.0,0.0,0.0,,Indexable,,0,0,0,0,0,0,0,0,0
