,Keyword,Position,Url,Top10,HTTP code BABBAR,TTFB (en ms) BABBAR,Page Value BABBAR,Page Trust BABBAR,Semantic Value BABBAR,Backlinks BABBAR,Backlinks host BABBAR,Host Outlinks BABBAR,Outlinks BABBAR,Score_1fr,Desktop First Contentful Paint Terrain,Desktop First Input Delay Terain,Desktop Largest Contentful Paint Terrain,Desktop Cumulative Layout Shift Terrain,Desktop First Contentful Paint Lab,Desktop Speed Index Lab,Desktop Largest Contentful Paint Lab,Desktop Time to Interactive Lab,Desktop Total Blocking Time Lab,Desktop Cumulative Layout Shift Lab,Content Type,Status Code,Status,Indexability_x,Indexability Status_x,Title 1,Title 1 Length,Title 1 Pixel Width,Meta Description 1,Meta Description 1 Length,Meta Description 1 Pixel Width,Meta Description 2,Meta Description 2 Length,Meta Description 2 Pixel Width,Meta Keywords 1,Meta Keywords 1 Length,H1-1,H1-1 Length,H1-2,H1-2 Length,H2-1,H2-1 Length,H2-2,H2-2 Length,Meta Robots 1,Meta Robots 2,Meta Robots 3,X-Robots-Tag 1,Meta Refresh 1,Canonical Link Element 1,Canonical Link Element 2,"rel=""next"" 1","rel=""prev"" 1","HTTP rel=""next"" 1","HTTP rel=""prev"" 1",amphtml Link Element,Size (bytes),Transferred (bytes),Word Count,Sentence Count,Average Words Per Sentence,Flesch Reading Ease Score,Readability,Text Ratio,Crawl Depth,Folder Depth,Link Score,Inlinks,Unique Inlinks,Unique JS Inlinks,% of Total,Outlinks,Unique Outlinks,Unique JS Outlinks,External Outlinks,Unique External Outlinks,Unique External JS Outlinks,Closest Similarity Match,No. Near Duplicates,Spelling Errors,Grammar Errors,Hash,Response Time,Last Modified,Redirect URL,Redirect Type,Cookies,HTTP Version,URL Encoded Address,Crawl Timestamp,Errors,Warnings,Total Types,Unique Types,Type-1,Indexability_y,Indexability Status_y,Title 1 score,Meta Description 1 score,Meta Keywords 1 score,H1-1 score,H1-2 score,H2-1 score,H2-2 score,Meta Robots 1 score,Url score
0,SEO,1,https://www.seo.fr/definition/seo-definition,0,200.0,36.0,76.0,53.0,71.0,1035.0,134.0,87.0,5.0,88.0,1423.0,3.0,1416.0,12.0,1256.0,762.0211777048975,1341.0,2592.9262328323384,44.0,12.0,text/html; charset=UTF-8,200.0,OK,Indexable,,SEO : Qu'est ce que le SEO (Search Engine Optimization) ?,57.0,515.0,Savez-vous ce qu'est le SEO ? Quelles sont les nouveautés en 2024 ? Ne vous posez plus de questions et comprenez tout sur le SEO.,129.0,807.0,,0.0,0.0,,0.0,Définition du SEO (Search Engine Optimization),46.0,,0.0,"Le SEO, qu’est-ce que c’est ?",29.0,Quels sont les critères principaux en SEO ?,43.0,"index, follow, max-image-preview:large, max-snippet:-1, max-video-preview:-1",,,,,https://www.seo.fr/definition/seo-definition,,,,,,,131555.0,32436.0,1864.0,302.0,0,0,Fairly Easy,0,0.0,1.0,,7.0,1.0,0.0,0,139.0,88.0,0.0,5.0,5.0,0.0,,,,,846a97f3452fca5ef25e66536a725009,0,"Tue, 14 May 2024 02:13:22 GMT",,,,1.1,https://www.seo.fr/definition/seo-definition,2024-05-14 14:13:07,0.0,0.0,0.0,0.0,,Indexable,,0,0,0,0,0,0,0,0,0
1,SEO,3,https://semji.com/fr/guide/seo/,0,200.0,726.0,72.0,42.0,62.0,117.0,694.0,148.0,10.0,,1904.0,3.0,1875.0,41.0,1707.0,1228.710768119252,1780.0,1575.00458678198,26.5,19.0,text/html; charset=UTF-8,200.0,OK,Indexable,,Guide SEO : Les techniques pour réussir son référencement,57.0,530.0,Ce guide vous fournira tous les éléments pour réussir votre référencement naturel et atteindre vos objectifs de visibilité et de trafic.,136.0,799.0,,0.0,0.0,,0.0,Guide SEO : Toutes les techniques pour un référencement réussi,62.0,,0.0,SEO : Les clés d’un référencement naturel optimisé,50.0,Pourquoi faire du SEO ?,23.0,"index, follow, max-image-preview:large, max-snippet:-1, max-video-preview:-1",,,,,https://semji.com/fr/guide/seo/,,,,,,,278360.0,49087.0,5050.0,705.0,0,0,Fairly Easy,0,0.0,3.0,,18.0,1.0,0.0,0,234.0,151.0,0.0,7.0,7.0,0.0,,,,,acafa7079a9a4a781a87472a9324d4d4,0,,,,,1.1,https://semji.com/fr/guide/seo/,2024-05-14 14:13:08,0.0,0.0,0.0,0.0,,Indexable,,0,0,0,0,0,0,0,0,0
2,SEO,4,https://developers.google.com/search/docs/fundamentals/seo-starter-guide?hl=fr,0,,,,,,,,,,,2178.0,3.0,2690.0,12.0,1919.0,2945.0913437341887,2514.0,4302.561852537374,548.4998315829666,19.0,text/html; charset=utf-8,200.0,OK,Indexable,,Bien débuter en référencement naturel (SEO) : principes de base | Google Search Central  |  Documentation  |  Google for Developers,131.0,1153.0,"Connaître les principes de base du SEO peut avoir un impact notable. Pour en découvrir les concepts fondamentaux, consultez le guide ""Bien débuter en référencement naturel (SEO)"".",179.0,1116.0,,0.0,0.0,,0.0,Bien débuter en référencement naturel (SEO),43.0,,0.0,Comment fonctionne la recherche Google ?,40.0,Combien de temps dois-je attendre avant que l'impact ne soit visible dans les résultats de recherche ?,102.0,,,,,,https://developers.google.com/search/docs/fundamentals/seo-starter-guide?hl=fr,,,,,,,254923.0,44238.0,4682.0,629.0,0,0,Normal,0,0.0,3.0,,6.0,1.0,0.0,0,305.0,235.0,0.0,23.0,19.0,0.0,,,,,b447fa5830aaa9fef3523f2c0e1106d2,0,"Wed, 01 May 2024 23:37:15 GMT",,,,1.1,https://developers.google.com/search/docs/fundamentals/seo-starter-guide?hl=fr,2024-05-14 14:13:02,0.0,0.0,0.0,0.0,,Indexable,,0,0,0,0,0,0,0,0,0
3,SEO,5,https://fr.wikipedia.org/wiki/Optimisation_pour_les_moteurs_de_recherche,0,,,87.0,55.0,82.0,2936.0,1.0,0.0,0.0,92.0,813.0,,935.0,6.0,857.0,760.5065231037294,924.0,325.60750745397115,0.0,6.0,text/html; charset=UTF-8,200.0,OK,Indexable,,Optimisation pour les moteurs de recherche — Wikipédia,54.0,505.0,,0.0,0.0,,0.0,0.0,,0.0,Optimisation pour les moteurs de recherche,42.0,,0.0,Sommaire,8.0,Historique,10.0,max-image-preview:standard,,,,,https://fr.wikipedia.org/wiki/Optimisation_pour_les_moteurs_de_recherche,,,,,,,140526.0,32759.0,3191.0,581.0,0,0,Fairly Easy,0,0.0,1.0,,67.0,1.0,0.0,0,332.0,240.0,0.0,53.0,51.0,0.0,,,,,cb53f4dd160c6d0cfb5b9ab8c4f3997f,0,"Fri, 10 May 2024 12:16:42 GMT",,,,1.1,https://fr.wikipedia.org/wiki/Optimisation_pour_les_moteurs_de_recherche,2024-05-14 14:13:04,0.0,0.0,0.0,0.0,,Indexable,,0,0,0,0,0,0,0,0,0
4,SEO,6,https://datascientest.com/seo-tout-savoir,0,200.0,1795.0,60.0,23.0,53.0,20.0,15.0,61.0,13.0,,,,,,,,,,,,text/html; charset=UTF-8,200.0,OK,Indexable,,SEO (Search Engine Optimisation) : C'est quoi ? Comment ça marche ?,67.0,626.0,Le SEO (ou Search Engine Optimisation) permet à une entreprise d’améliorer le positionnement de son site web. Décryptage.,121.0,761.0,,0.0,0.0,,0.0,SEO (Search Engine Optimisation) : C’est quoi ? Comment ça marche ?,67.0,,0.0,"Une entreprise prospère est très souvent une entreprise visible. À l’heure d’internet, cette visibilité s'opère sur les moteurs de recherche, comme Google, Bing ou Yahoo. Mais la concurrence y est rude. Pour se faire une place, il est primordial d’aborder la bonne stratégie, à savoir le SEO. Dans cet article, on vous explique en quoi ça consiste, mais également les bouleversements apportés par l’Intelligence Artificielle.",425.0,DataScientest News,18.0,"index, follow, max-image-preview:large, max-snippet:-1, max-video-preview:-1",,,,,https://datascientest.com/seo-tout-savoir,,,,,,,256949.0,37290.0,1380.0,234.0,0,0,Normal,0,0.0,0.0,,13.0,1.0,0.0,0,145.0,64.0,0.0,20.0,11.0,0.0,,,,,1eeb16a60c587df02db9bc411dab2be0,0,,,,,1.1,https://datascientest.com/seo-tout-savoir,2024-05-14 14:12:56,0.0,0.0,0.0,0.0,,Indexable,,0,0,0,0,0,0,0,0,0
5,SEO,7,https://www.definitions-marketing.com/definition/seo/,0,200.0,76.0,78.0,49.0,71.0,421.0,67.0,164.0,11.0,62.0,1164.0,3.0,1295.0,30.0,1164.0,621.9230486088895,1295.0,3473.9665415214586,53.0,30.0,text/html; charset=UTF-8,200.0,OK,Indexable,,SEO - Définitions Marketing » L'encyclopédie illustrée du marketing,67.0,593.0,"SEO est l'acronyme de Search Engine Optimization et peut être défini comme l'art de positionner un site, une page web ou une application dans les...",148.0,905.0,,0.0,0.0,SEO,3.0,SEO,3.0,,0.0,Le marketing bouge... Suivez-le !,33.0,BLOG,4.0,,,,,,,,,,,,,88811.0,13356.0,1239.0,282.0,0,0,Easy,0,0.0,2.0,,0.0,0.0,0.0,0,178.0,166.0,0.0,13.0,11.0,0.0,,,,,88046d187e8ac660b3aad1bc2fcc2dc6,0,,,,,1.1,https://www.definitions-marketing.com/definition/seo/,2024-05-14 14:13:11,0.0,0.0,0.0,0.0,,Indexable,,0,0,0,0,0,0,0,0,0
6,SEO,8,https://bpifrance-creation.fr/encyclopedie/developper-lactivite-son-entreprise/vendre-grace-au-digital/referencement-naturel-seo,0,200.0,1076.0,69.0,26.0,64.0,792.0,8.0,40.0,14.0,74.0,3145.0,4.0,3286.0,4.0,3239.0,2140.100080394108,3408.0,2682.331429782381,65.5,2.0,text/html; charset=UTF-8,200.0,OK,Indexable,,Le référencement naturel SEO : générer du trafic pour votre site internet | Bpifrance Création,94.0,831.0,"A quoi sert de créer un site internet s'il n'est pas visité ? Après la mise ligne de votre site web, l'étape suivante consiste à le faire connaître. Le but du jeu est d'attirer le plus de monde possible sur vos pages, ""générer du trafic"", et être référencé en première page des moteurs de recherche !",300.0,1740.0,,0.0,0.0,,0.0,Le référencement naturel SEO : générer du trafic pour votre site internet,73.0,,0.0,Dans cet article :,18.0,Qu’est-ce que le SEO ?,22.0,,,,,,https://bpifrance-creation.fr/encyclopedie/developper-lactivite-son-entreprise/vendre-grace-au-digital/referencement-naturel-seo,,,,,,,70560.0,16310.0,1475.0,212.0,0,0,Fairly Easy,0,0.0,3.0,,14.0,1.0,0.0,0,71.0,42.0,0.0,13.0,13.0,0.0,,,,,c9fbdccdbd39bbdbb8aa185f9c69ec34,0,"Tue, 14 May 2024 12:08:49 GMT",,,,1.1,https://bpifrance-creation.fr/encyclopedie/developper-lactivite-son-entreprise/vendre-grace-au-digital/referencement-naturel-seo,2024-05-14 14:13:07,0.0,0.0,0.0,0.0,,Indexable,,0,0,0,0,0,0,0,0,0
7,SEO,9,https://www.yumens.fr/expertise/seo/le-seo/,0,200.0,80.0,69.0,45.0,57.0,28.0,30.0,19.0,12.0,,1032.0,3.0,1457.0,22.0,1032.0,727.3442045930628,1457.0,717.3887462191267,0.0,22.0,text/html; charset=UTF-8,200.0,OK,Indexable,,SEO : Qu'est-ce que c'est ?,27.0,233.0,"Vous disposez désormais selon vous du plus beau site du monde mais son trafic vous déçoit ! En toute logique, vous souhaitez remédier à ce problème ! Pour",154.0,964.0,,0.0,0.0,,0.0,Le SEO : Qu’est-ce-que c’est ?,30.0,,0.0,Que signifie le SEO ?,21.0,Quels sont les trois piliers du SEO ?,37.0,"index, follow, max-image-preview:large, max-snippet:-1, max-video-preview:-1",,,,,https://www.yumens.fr/expertise/seo/le-seo/,,,,,,,265389.0,38516.0,2420.0,381.0,0,0,Normal,0,0.0,3.0,,3.0,2.0,0.0,0,72.0,21.0,0.0,11.0,11.0,0.0,,,,,c6251be240b730b1cc153e9ffaa7f67e,0,"Tue, 14 May 2024 08:25:24 GMT",,,,1.1,https://www.yumens.fr/expertise/seo/le-seo/,2024-05-14 14:13:05,0.0,0.0,0.0,0.0,,Indexable,,0,0,0,0,0,0,0,0,0
8,SEO,10,https://www.eskimoz.fr/seo/,0,200.0,30.0,73.0,18.0,61.0,61.0,4.0,67.0,18.0,91.0,1022.0,6.0,1761.0,3.0,1022.0,800.9249545720395,1761.0,2203.8934207510047,24.5,3.0,text/html; charset=UTF-8,200.0,OK,Indexable,,Qu’est-ce que le SEO ? Définition et Signification !,52.0,439.0,Qu’est-ce que le SEO ? Comment fonctionne le référencement naturel ? Quelle est la définition du SEO ? Et quels sont ses leviers ? Suivez le guide.,147.0,885.0,,0.0,0.0,,0.0,Qu’est-ce que le SEO ? Définition et Signification !,52.0,,0.0,Définition du SEO : comprendre le référencement naturel,55.0,L’importance du SEO dans un monde digitalisé,44.0,"index, follow, max-image-preview:large, max-snippet:-1, max-video-preview:-1",,,,,https://www.eskimoz.fr/seo/,,,,,,,273310.0,43339.0,2913.0,404.0,0,0,Fairly Easy,0,0.0,1.0,,0.0,0.0,0.0,0,159.0,65.0,0.0,28.0,17.0,0.0,,,,,9711c51d6ba7c9f09cc4fe3d70e6e93d,0,"Mon, 13 May 2024 09:42:37 GMT",,,,1.1,https://www.eskimoz.fr/seo/,2024-05-14 14:13:09,0.0,0.0,0.0,0.0,,Indexable,,0,0,0,0,0,0,0,0,0
9,SEO,11,https://mailchimp.com/fr/marketing-glossary/seo/,1,,,,,,,,,,59.0,2178.0,18.0,2367.0,2.0,2178.0,2014.6451648982784,2367.0,5366.864773498288,724.7505595401253,2.0,text/html; charset=UTF-8,200.0,OK,Indexable,,Qu'est-ce que la SEO ? | Mailchimp,34.0,306.0,"Acronyme anglais de Search Engine Optimization, la SEO permet d'améliorer le classement de votre page dans Google et les autres moteurs de recherche afin d'attirer plus de trafic sur votre site.",194.0,1185.0,"Acronyme anglais de Search Engine Optimization, la SEO permet d'améliorer le classement de votre page dans Google et les autres moteurs de recherche afin d'attirer plus de trafic sur votre site.",194.0,1185.0,,0.0,Qu'est-ce que la SEO ?,22.0,,0.0,Solutions et services,21.0,Ressources,10.0,"index,follow,archive",,,,,https://mailchimp.com/fr/marketing-glossary/seo/,,,,,,,350158.0,84679.0,1322.0,166.0,0,0,Normal,0,0.0,3.0,,5.0,1.0,0.0,0,188.0,88.0,0.0,26.0,18.0,0.0,,,,,7a3a55846dc7bee75f073e656c926ad3,0,,,,,1.1,https://mailchimp.com/fr/marketing-glossary/seo/,2024-05-14 14:13:10,0.0,0.0,0.0,0.0,,Indexable,,0,0,0,0,0,0,0,0,0
10,SEO,12,https://www.e-marketing.fr/Definitions-Glossaire/Le-SEO-Search-Engine-Optimization-Definition-et-exemples--376581.htm,1,,,,,,,,,,76.0,1312.0,5.0,1790.0,19.0,1312.0,1593.3389427061315,1790.0,3154.505402843318,725.5,19.0,text/html; charset=utf-8,200.0,OK,Indexable,,"SEO, Search Engine Optimization : Définition et exemples ? - SEO > Search - E-marketing.fr",90.0,801.0,Le SEO désigne toutes les pratiques d'optimisation de contenu permettant un bon référencement d'un site web sur les moteurs de recherche sur internet.,150.0,936.0,,0.0,0.0,,0.0,"SEO, Search Engine Optimization : Définition et exemples ?",58.0,,0.0,Qu'est-ce que le SEO ?,22.0,Comment faire un bon SEO pour son site web ?,44.0,NOARCHIVE,"index,follow","max-snippet:-1, max-image-preview:large, max-video-preview:-1",,,https://www.e-marketing.fr/Definitions-Glossaire/Le-SEO-Search-Engine-Optimization-Definition-et-exemples--376581.htm,,,,,,,198721.0,49866.0,1401.0,216.0,0,0,Fairly Easy,0,0.0,1.0,,2.0,1.0,0.0,0,135.0,112.0,0.0,27.0,17.0,0.0,,,,,5d7d80897c6e152bc8e60f67dd8a4f59,0,,,,,1.1,https://www.e-marketing.fr/Definitions-Glossaire/Le-SEO-Search-Engine-Optimization-Definition-et-exemples--376581.htm,2024-05-14 14:13:03,0.0,0.0,0.0,0.0,,Indexable,,0,0,0,0,0,0,0,0,0
11,SEO,13,https://www.journaldunet.com/seo/1508115-comment-le-seo-sert-il-votre-strategie-marketing/,1,,,67.0,32.0,57.0,12.0,0.0,0.0,0.0,75.0,1172.0,4.0,1576.0,6.0,1172.0,3017.2314191121054,1576.0,3165.3881784697646,523.0,6.0,text/html; charset=UTF-8,200.0,OK,Indexable,,Comment le SEO sert-il votre stratégie marketing ?,50.0,454.0,"Le SEO, également appelé ""référencement naturel"", permet d'accroître la visibilité des sites web des entreprises sur les moteurs de recherche. Mais il a également bien d'autres vertus, notamment celles de mieux comprendre et s'adresser à votre audience.",253.0,1545.0,,0.0,0.0,,0.0,Comment le SEO sert-il votre stratégie marketing ?,50.0,,0.0,Le SEO permet de mieux comprendre votre audience,48.0,La notion d’intention de recherche en SEO,41.0,"max-snippet:-1, max-image-preview:large, max-video-preview:15",,,,1200.0,https://www.journaldunet.com/seo/1508115-comment-le-seo-sert-il-votre-strategie-marketing/,,,,,,,150448.0,37334.0,1572.0,248.0,0,0,Fairly Easy,0,0.0,2.0,,4.0,1.0,0.0,0,77.0,62.0,0.0,63.0,61.0,0.0,,,,,9a90869b6af4cba5c511cc2538abe6c3,0,"Tue, 14 May 2024 11:51:53 GMT",https://www.journaldunet.com/seo/1508115-comment-le-seo-sert-il-votre-strategie-marketing/,Meta Refresh Redirect,,1.1,https://www.journaldunet.com/seo/1508115-comment-le-seo-sert-il-votre-strategie-marketing/,2024-05-14 14:13:11,0.0,0.0,0.0,0.0,,Indexable,,0,0,0,0,0,0,0,0,0
12,SEO,14,https://www.hostinger.fr/tutoriels/quest-ce-que-le-seo-un-guide-complet,1,200.0,559.0,65.0,23.0,50.0,5.0,159.0,29.0,38.0,63.0,1186.0,8.0,1448.0,6.0,1186.0,888.2228092664385,1448.0,2906.418445366564,267.0,6.0,text/html; charset=UTF-8,200.0,OK,Indexable,,Qu'est ce que le SEO en 2024 (Search Engine Optimization),57.0,525.0,Le SEO (Search Engine Optimization) est l'optimisation des contenus web pour les moteurs de recherche. Apprenez plus dans cet article.,134.0,836.0,,0.0,0.0,,0.0,Qu’est ce que le SEO (Search Engine Optimization) ? Définitions et Stratégies,77.0,,0.0,Tutoriel Vidéo – Gérer le SEO de votre Site,43.0,Quels sont les facteurs qui influencent le SEO (Search Engine Optimization) ?,77.0,"index, follow, max-image-preview:large, max-snippet:-1, max-video-preview:-1",,,,,https://www.hostinger.fr/tutoriels/quest-ce-que-le-seo-un-guide-complet,,,,,,,226685.0,52457.0,7033.0,930.0,0,0,Fairly Easy,0,0.0,1.0,,19.0,1.0,0.0,0,58.0,28.0,0.0,41.0,38.0,0.0,,,,,45247fd99069495bf81d1871f50a7c18,0,"Tue, 14 May 2024 06:04:52 GMT",,,,1.1,https://www.hostinger.fr/tutoriels/quest-ce-que-le-seo-un-guide-complet,2024-05-14 14:13:07,0.0,0.0,0.0,0.0,,Indexable,,0,0,0,0,0,0,0,0,0
13,SEO,15,https://www.redacteur.com/blog/definition/seo/,1,200.0,76.0,58.0,17.0,53.0,15.0,35.0,30.0,20.0,59.0,1162.0,3.0,1354.0,2.0,1162.0,561.0,1354.0,561.0,0.0,2.0,text/html; charset=UTF-8,200.0,OK,Indexable,,Qu'est-ce que le SEO ? Définition - Redacteur.com,49.0,440.0,Le SEO est un terme que l'on entend partout autour de nous quand on parle de rédaction web ou de référencement naturel. Mais que signifie ce sigle et,149.0,922.0,,0.0,0.0,,0.0,SEO,3.0,,0.0,Qu’est-ce que le SEO ?,22.0,Comment utiliser le SEO pour obtenir ces résultats ?,52.0,"index, follow, max-image-preview:large, max-snippet:-1, max-video-preview:-1",,,,,https://www.redacteur.com/blog/definition/seo/,,,,,,,114832.0,26013.0,917.0,146.0,0,0,Fairly Easy,0,0.0,3.0,,2.0,1.0,0.0,0,41.0,29.0,0.0,28.0,24.0,0.0,,,,,fc00015ceaf53fc32f09891dae7154b4,0,"Tue, 14 May 2024 03:18:10 GMT",,,,1.1,https://www.redacteur.com/blog/definition/seo/,2024-05-14 14:13:03,0.0,0.0,0.0,0.0,,Indexable,,0,0,0,0,0,0,0,0,0
14,SEO,16,https://solutions.lesechos.fr/com-marketing/c/quest-ce-le-seo-13831/,1,200.0,191.0,74.0,30.0,67.0,266.0,1.0,22.0,7.0,76.0,900.0,2.0,1004.0,7.0,900.0,891.8391076666518,1004.0,1543.4112154287654,38.5,7.0,text/html; charset=UTF-8,200.0,OK,Indexable,,SEO : Les trois leviers principaux d'optimisation,49.0,421.0,"Le SEO (Search Engine Optimization) correspond à l’optimisation de sites internet pour les moteurs de recherche, tel que Google, le spécialiste mondial. ...",156.0,940.0,,0.0,0.0,,0.0,SEO : Les trois leviers principaux d'optimisation,49.0,,0.0,Qu’est-ce que le SEO : explications,35.0,Comment optimiser votre site via le référencement naturel ?,59.0,"index, follow",,,,,,,,,,,,52219.0,12446.0,1233.0,187.0,0,0,Fairly Easy,0,0.0,3.0,,0.0,0.0,0.0,0,35.0,22.0,0.0,7.0,7.0,0.0,,,,,8291785319ccbd0e03e571ce8a618771,0,,,,,1.1,https://solutions.lesechos.fr/com-marketing/c/quest-ce-le-seo-13831/,2024-05-14 14:12:59,0.0,0.0,0.0,0.0,,Indexable,,0,0,0,0,0,0,0,0,0
15,SEO,17,https://mylittlebigweb.com/blogue/quest-ce-que-le-seo/,1,200.0,371.0,65.0,31.0,44.0,1.0,122.0,63.0,20.0,92.0,1919.0,3.0,2179.0,3.0,1919.0,751.6360202436997,2179.0,606.8926795244224,0.0,3.0,text/html; charset=UTF-8,200.0,OK,Indexable,,Qu’est-ce que le SEO ? Définitions et Explications,50.0,435.0,On vous apprend ce qu'est le SEO et on vous en dit plus sur les principaux critères pour se positionner #1 sur les moteurs de recherche.,136.0,824.0,,0.0,0.0,,0.0,Qu’est-ce que le SEO ?,22.0,,0.0,1. Qu'est-ce que le SEO? Les définitions,40.0,2. Pourquoi a-t-on besoin de SEO ?,34.0,"index, follow, max-image-preview:large, max-snippet:-1, max-video-preview:-1",,,,,https://mylittlebigweb.com/blogue/quest-ce-que-le-seo/,,,,,,,347801.0,59357.0,3777.0,570.0,0,0,Fairly Easy,0,0.0,2.0,,10.0,1.0,0.0,0,115.0,63.0,0.0,21.0,21.0,0.0,,,,,a08eab8b8a139be63c0e337d66d48419,0,,,,,1.1,https://mylittlebigweb.com/blogue/quest-ce-que-le-seo/,2024-05-14 14:13:10,0.0,0.0,0.0,0.0,,Indexable,,0,0,0,0,0,0,0,0,0
16,SEO,18,https://www.thomascubel.com/le-seo-cest-quoi/,1,200.0,43.0,66.0,34.0,55.0,37.0,293.0,27.0,5.0,,,,,,,1148.7425675378759,,3244.3599768438507,740.9985719296128,,text/html; charset=UTF-8,200.0,,Indexable,,"Le SEO, C'est quoi ? - Thomas Cubel",35.0,319.0,"Au premier abord, le référencement naturel / SEO n'est pas quelque chose de facile à comprendre. En effet, lors d'entretiens téléphoniques ou écrits, j'ai pu",157.0,940.0,,0.0,0.0,,0.0,"Le SEO, C’est quoi ?",20.0,,0.0,Vidéo explicative,17.0,Définition,10.0,"follow, index, max-snippet:-1, max-video-preview:-1, max-image-preview:large",,,,,https://www.thomascubel.com/le-seo-cest-quoi/,,,,,,,67517.0,19370.0,1207.0,156.0,0,0,Normal,0,0.0,1.0,,1.0,1.0,0.0,0,36.0,26.0,0.0,5.0,5.0,0.0,,,,,37a7ddf87bfd3b3930da517d4d265e1,0,,,,,1.1,https://www.thomascubel.com/le-seo-cest-quoi/,2024-05-14 14:13:02,0.0,0.0,0.0,0.0,,Indexable,,0,0,0,0,0,0,0,0,0
17,SEO,19,https://www.yumens.fr/expertise/seo/le-seo/strategie/,1,,,,,,,,,,84.0,1032.0,3.0,1457.0,22.0,1032.0,695.8791009123265,1457.0,695.8791009123265,0.0,22.0,text/html; charset=UTF-8,200.0,OK,Indexable,,Qu’est-ce qu’une stratégie SEO ? - Yumens,41.0,378.0,Le SEO (Search Engine Optimization) consiste à mettre en place des techniques pour générer du trafic qualifié vers son site web depuis les résultats,148.0,904.0,,0.0,0.0,,0.0,Qu’est-ce qu’une stratégie SEO ?,32.0,,0.0,Définir la cible de sa stratégie de référencement naturel,57.0,Mettre en place un plan d’actions SEO,37.0,"index, follow, max-image-preview:large, max-snippet:-1, max-video-preview:-1",,,,,https://www.yumens.fr/expertise/seo/le-seo/strategie/,,,,,,,266394.0,37507.0,1827.0,321.0,0,0,Normal,0,0.0,4.0,,2.0,2.0,0.0,0,74.0,22.0,0.0,11.0,11.0,0.0,,,,,b25eb865f5c6c6bc58d92e681e97615e,0,"Tue, 14 May 2024 08:22:25 GMT",,,,1.1,https://www.yumens.fr/expertise/seo/le-seo/strategie/,2024-05-14 14:12:59,0.0,0.0,0.0,0.0,,Indexable,,0,0,0,0,0,0,0,0,0
18,SEO,20,https://blog.hubspot.fr/marketing/guide-seo-referencement,1,200.0,277.0,67.0,18.0,59.0,178.0,47.0,18.0,89.0,93.0,2307.0,3.0,2432.0,3.0,2307.0,1897.059951078836,2432.0,3822.073795561311,445.5000000000001,3.0,text/html; charset=UTF-8,200.0,OK,Indexable,,SEO : le guide pour réussir en 2024,35.0,309.0,Le SEO est un vaste domaine comportant plusieurs techniques pour améliorer la visibilité d'un site. Voici un guide sur ce qu'il faut savoir du SEO en 2023.,155.0,934.0,,0.0,0.0,,0.0,SEO : le guide pour réussir en 2024,35.0,,0.0,GUIDE ET MODÈLE POUR LA RECHERCHE DE MOTS-CLÉS,46.0,Qu'est-ce que le SEO ?,22.0,,,,,,https://blog.hubspot.fr/marketing/guide-seo-referencement,https://blog.hubspot.fr/marketing/guide-seo-referencement,,,,,,202460.0,38299.0,4185.0,582.0,0,0,Fairly Easy,0,0.0,1.0,,15.0,1.0,0.0,0,110.0,76.0,0.0,39.0,34.0,0.0,,,,,28c84f1130daf83e1c5fb4b3dd43d7aa,0,"Tue, 14 May 2024 11:34:25 GMT",,,,1.1,https://blog.hubspot.fr/marketing/guide-seo-referencement,2024-05-14 14:13:09,0.0,0.0,0.0,0.0,,Indexable,,0,0,0,0,0,0,0,0,0
19,park seo joon,1,https://fr.wikipedia.org/wiki/Park_Seo-joon,0,,,62.0,12.0,56.0,21.0,1.0,0.0,0.0,,704.0,,,6.0,857.0,911.3414582461055,924.0,337.6,0.0,6.0,text/html; charset=UTF-8,200.0,OK,Indexable,,Park Seo-joon — Wikipédia,25.0,237.0,,0.0,0.0,,0.0,0.0,,0.0,Park Seo-joon,13.0,,0.0,Sommaire,8.0,Biographie[modifier | modifier le code],39.0,max-image-preview:standard,,,,,https://fr.wikipedia.org/wiki/Park_Seo-joon,,,,,,,111093.0,23223.0,1555.0,326.0,0,0,Very Easy,0,0.0,1.0,,60.0,2.0,0.0,0,308.0,188.0,0.0,57.0,51.0,0.0,,,,,bb69aeff72f7e675344b8f403a7ce673,0,"Tue, 14 May 2024 08:57:05 GMT",,,,1.1,https://fr.wikipedia.org/wiki/Park_Seo-joon,2024-05-14 14:12:55,0.0,0.0,0.0,0.0,,Indexable,,0,0,0,0,0,0,0,0,0
20,park seo joon,2,https://en.wikipedia.org/wiki/Park_Seo-joon,0,,,71.0,31.0,66.0,476.0,1.0,0.0,0.0,,780.0,2.0,794.0,0.0,880.0,985.4706691652887,910.0,398.5,0.0,0.0,text/html; charset=UTF-8,200.0,OK,Indexable,,Park Seo-joon - Wikipedia,25.0,227.0,,0.0,0.0,,0.0,0.0,,0.0,Park Seo-joon,13.0,,0.0,Contents,8.0,Early years and education[edit],31.0,max-image-preview:standard,,,,,https://en.wikipedia.org/wiki/Park_Seo-joon,,,,,,,316399.0,54941.0,6096.0,1321.0,0,0,Very Easy,0,0.0,1.0,,262.0,3.0,0.0,0,846.0,419.0,0.0,229.0,221.0,0.0,,,,,7d49c39b97b845ad6520586297dc078f,0,"Wed, 01 May 2024 18:14:59 GMT",,,,1.1,https://en.wikipedia.org/wiki/Park_Seo-joon,2024-05-14 14:13:10,0.0,0.0,0.0,0.0,,Indexable,,0,0,0,0,0,0,0,0,0
21,park seo joon,3,https://www.instagram.com/bn_sj2013/,0,,,76.0,33.0,70.0,1801.0,0.0,0.0,0.0,20.0,1010.0,2.0,4616.0,14.0,1009.0,4171.656162935462,3614.0,3885.7031281837144,1244.4999999999995,8.0,"text/html; charset=""utf-8""",200.0,OK,Indexable,,박서준 (@bn_sj2013) • Instagram photos and videos,51.0,474.0,"26M Followers, 68 Following, 358 Posts - See Instagram photos and videos from 박서준 (@bn_sj2013)",99.0,636.0,,0.0,0.0,,0.0,,0.0,,0.0,,0.0,,0.0,"noarchive, noimageindex",,,,,https://www.instagram.com/bn_sj2013/,,,,,,,487537.0,109645.0,0.0,,0,0,,0,0.0,1.0,,3.0,3.0,0.0,0,0.0,0.0,0.0,0.0,0.0,0.0,,,,,fbd573318ca3c90aae7477ccd63ddf99,0,,,,,1.1,https://www.instagram.com/bn_sj2013/,2024-05-14 14:13:04,0.0,0.0,0.0,0.0,,Indexable,,0,0,0,0,0,0,0,0,0
22,park seo joon,4,https://www.nautiljon.com/people/park+seo+jun.html,0,,,,,,,,,,,767.0,2.0,923.0,7.0,767.0,917.568603051222,923.0,1250.6546225275124,119.99999999999989,7.0,text/html; charset=UTF-8,520.0,,Non-Indexable,Server Error,,0.0,0.0,,0.0,0.0,,0.0,0.0,,0.0,,0.0,,0.0,,0.0,,0.0,,,,,,,,,,,,,7192.0,7192.0,0.0,,0,0,,0,0.0,1.0,,0.0,0.0,0.0,0,0.0,0.0,0.0,0.0,0.0,0.0,,,,,,0,,,,,1.1,https://www.nautiljon.com/people/park+seo+jun.html,2024-05-14 14:12:51,,,,,,,,0,0,0,0,0,0,0,0,0
23,park seo joon,5,https://www.imdb.com/name/nm6124994/,0,,,71.0,29.0,68.0,527.0,3.0,0.0,0.0,,,,,,,,,,,,text/html; charset=utf-8,200.0,OK,Indexable,,Park Seo-joon - IMDb,20.0,186.0,"Park Seo-joon. Actor: Cheong-nyeon-gyeong-chal. Park was born on December 16, 1988 in Seoul as the oldest of three brothers. After graduation from An-Nam high school, he attended Seoul Institute of the Arts and enlisted for mandatory military service in 2008.

Park made his entertainment debut in 2011 by appearing in the music video of Bang Yong-Guk's single ""I Remember."" He has then appeared in television dramas Dream High 2 (2012), Pots...",445.0,2775.0,,0.0,0.0,Park Seo-joon,13.0,Park Seo-joon,13.0,,0.0,,0.0,,0.0,,,,,,https://www.imdb.com/name/nm6124994/,,,,,,,1124664.0,218059.0,811.0,284.0,0,0,Very Easy,0,0.0,2.0,,2.0,2.0,0.0,0,219.0,200.0,0.0,17.0,12.0,0.0,,,,,ce7e0e79b6c702c98467e50fc0c7ade5,0,,,,,1.1,https://www.imdb.com/name/nm6124994/,2024-05-14 14:12:59,0.0,0.0,0.0,0.0,,Indexable,,0,0,0,0,0,0,0,0,0
24,park seo joon,6,https://asianwiki.com/Park_Seo-Jun,0,,,59.0,30.0,44.0,2.0,57.0,0.0,0.0,37.0,1058.0,3.0,1228.0,1.0,1474.0,3006.345369231174,1856.0,2145.7498575894624,331.50335975958205,1.0,text/html; charset=UTF-8,200.0,OK,Indexable,,Park Seo-Jun - AsianWiki,24.0,223.0,,0.0,0.0,,0.0,0.0,,0.0,Park Seo-Jun,12.0,,0.0,Contents,8.0,User Rating,11.0,,,,,,,,,,,,,217300.0,50921.0,0.0,,0,0,,0,0.0,0.0,,852.0,1.0,0.0,0,1005.0,114.0,0.0,50.0,40.0,0.0,,,,,eb4c4541de078a8ebd90fc03fee94648,0,,,,,1.1,https://asianwiki.com/Park_Seo-Jun,2024-05-14 14:13:00,0.0,0.0,0.0,0.0,,Indexable,,0,0,0,0,0,0,0,0,0
25,park seo joon,7,https://www.allocine.fr/personne/fichepersonne_gen_cpersonne=746445.html,0,,,53.0,,45.0,3.0,2.0,0.0,0.0,16.0,974.0,6.0,1621.0,12.0,974.0,650.475921529619,1621.0,899.7938555354294,67.55026101717812,12.0,text/html; charset=UTF-8,200.0,OK,Indexable,,Seo-Joon Park - AlloCiné,24.0,220.0,"Seo-Joon Park est un Acteur sud-coréen. Découvrez sa biographie, le détail de ses 12 ans de carrière et toute son actualité",123.0,749.0,,0.0,0.0,,0.0,Seo-Joon Park,13.0,,0.0,Park Seo-joon,13.0,Seo-joon Park,13.0,"index,follow,max-snippet:-1,max-image-preview:large",noarchive,,,,,,,,,,,408834.0,52971.0,485.0,120.0,0,0,Very Easy,0,0.0,1.0,,4.0,3.0,0.0,0,29.0,28.0,0.0,0.0,0.0,0.0,,,,,b55331d88fe4e868e926ab0925938c0,0,"Tue, 14 May 2024 11:39:39 GMT",,,,1.1,https://www.allocine.fr/personne/fichepersonne_gen_cpersonne=746445.html,2024-05-14 14:13:01,0.0,0.0,0.0,0.0,,Indexable,,0,0,0,0,0,0,0,0,0
26,park seo joon,8,https://www.allocine.fr/personne/fichepersonne-746445/filmographie/,0,,,,,,0.0,0.0,0.0,0.0,13.0,974.0,6.0,1621.0,12.0,974.0,715.7530117896129,1621.0,2329.8727902472233,145.0,12.0,text/html; charset=UTF-8,200.0,OK,Indexable,,Seo-Joon Park : Filmographie - AlloCiné,39.0,352.0,Découvrez tous les films et séries de la filmographie de Seo-Joon Park. De ses débuts jusqu'à la fin de ses 12 ans de carrière.,127.0,760.0,,0.0,0.0,,0.0,Filmographie Seo-Joon Park,26.0,,0.0,Acteur,6.0,,0.0,"index,follow,max-snippet:-1,max-image-preview:large",noarchive,,,,,,,,,,,431070.0,54360.0,594.0,122.0,0,0,Very Easy,0,0.0,3.0,,3.0,2.0,0.0,0,24.0,23.0,0.0,0.0,0.0,0.0,,,,,38544c7a14590c4f62419616155d1dd5,0,"Tue, 14 May 2024 11:39:13 GMT",,,,1.1,https://www.allocine.fr/personne/fichepersonne-746445/filmographie/,2024-05-14 14:13:08,0.0,0.0,0.0,0.0,,Indexable,,0,0,0,0,0,0,0,0,0
27,park seo joon,9,https://www.facebook.com/SeoJoon.net/,0,,,55.0,3.0,51.0,7.0,0.0,0.0,0.0,,1557.0,8.0,3749.0,8.0,1557.0,2271.885454107218,3749.0,2536.701187445482,234.0,8.0,,0.0,Connection Refused,Non-Indexable,No Response,,0.0,0.0,,0.0,0.0,,0.0,0.0,,0.0,,0.0,,0.0,,0.0,,0.0,,,,,,,,,,,,,0.0,0.0,0.0,,0,0,,0,0.0,1.0,,0.0,0.0,0.0,0,0.0,0.0,0.0,0.0,0.0,0.0,,,,,,0,,,,,,https://www.facebook.com/SeoJoon.net/,2024-05-14 14:13:02,,,,,,,,0,0,0,0,0,0,0,0,0
28,park seo joon,10,https://universcinematographiquemarvel.fandom.com/fr/wiki/Park_Seo_Joon?mobile-app=true&theme=dark,0,,,,,,,,,,,,,,,,1635.5623254752838,,2897.3069806261874,252.49999999999955,,text/html; charset=UTF-8,200.0,OK,Non-Indexable,Canonicalised,Park Seo Joon | Wiki Univers Cinématographique Marvel | Fandom,62.0,589.0,"Park Seo-joon(coréen : 박서준) de son vrai nom Park Yong-kyu (coréen : 박용규) né le 16 décembre 1988 à Séoul, est un acteur sud-coréen. Il est surtout connu pour ses rôles dans les séries télévisées suivantes : ""Itaewon Class"", ""Kill Me"", ""Heal Me"", ""She Was Pretty"", ""Hwarang"", ""Fight for My Way"" et...",298.0,1781.0,,0.0,0.0,,0.0,Park Seo Joon,13.0,,0.0,Park Seo Joon,13.0,Fandom logo,11.0,,,,,,https://universcinematographiquemarvel.fandom.com/fr/wiki/Park_Seo_Joon,,,,,,,291409.0,49473.0,197.0,58.0,0,0,Very Easy,0,0.0,2.0,,28.0,1.0,0.0,0,803.0,342.0,0.0,19.0,17.0,0.0,,,,,b37f96a786fe96f7a218d6c374ddb731,0,"Mon, 13 May 2024 11:46:59 GMT",,,,1.1,https://universcinematographiquemarvel.fandom.com/fr/wiki/Park_Seo_Joon?mobile-app=true&theme=dark,2024-05-14 14:13:06,0.0,0.0,0.0,0.0,,Non-Indexable,Canonicalised,0,0,0,0,0,0,0,0,0
29,park seo joon,11,https://www.netflix.com/nc/browse/genre/81342271,1,,,,,,0.0,0.0,0.0,0.0,,3256.0,4.0,3751.0,6.0,3256.0,1940.4867577512134,3751.0,2176.1993481448353,309.39612533959894,6.0,text/html; charset=utf-8,200.0,OK,Indexable,,Movies & TV Starring Park Seo-jun | Site officiel de Netflix,60.0,512.0,,0.0,0.0,,0.0,0.0,,0.0,Movies & TV Starring Park Seo-jun,33.0,,0.0,Il y a encore plus de choses à découvrir.,41.0,,0.0,,,,,,,,,,,,,1287547.0,293805.0,151.0,39.0,0,0,Fairly Easy,0,0.0,3.0,,1.0,1.0,0.0,0,27.0,25.0,0.0,1.0,1.0,0.0,,,,,bf842f044042ffc52a4fd2038f74b351,0,,,,,1.1,https://www.netflix.com/nc/browse/genre/81342271,2024-05-14 14:12:57,0.0,0.0,0.0,0.0,,Indexable,,0,0,0,0,0,0,0,0,0
30,park seo joon,12,https://www.senscritique.com/contact/park_seo_joon/1077745,1,,,46.0,6.0,,0.0,5.0,0.0,0.0,,1532.0,3.0,1755.0,7.0,1532.0,2218.146430526177,1755.0,3094.3196250046094,391.5,7.0,text/html; charset=utf-8,200.0,OK,Indexable,,Park Seo-Joon - SensCritique,28.0,260.0,"Acteur et artiste musical sud coréen né le 15 décembre 1988 à Séoul. Park Seo-Joon est connu pour The Marvels, Itaewon Class, She Was Pretty, Kill Me, Heal Me, What's...",169.0,1046.0,,0.0,0.0,,0.0,Park Seo-Joon,13.0,,0.0,Œuvres majeures : Park Seo-Joon,31.0,collaborations,14.0,"index,follow,max-snippet:-1",,,,,https://www.senscritique.com/contact/park_seo_joon/1077745,,,,,,,296513.0,55760.0,259.0,94.0,0,0,Very Easy,0,0.0,2.0,,1.0,1.0,0.0,0,87.0,55.0,0.0,13.0,13.0,0.0,,,,,56c44fc60a54ec26ef0eb4c8ca09b392,0,,,,,1.1,https://www.senscritique.com/contact/park_seo_joon/1077745,2024-05-14 14:12:51,0.0,0.0,0.0,0.0,,Indexable,,0,0,0,0,0,0,0,0,0
31,park seo joon,13,https://k-gen.fr/tag/park-seo-joon/,1,200.0,382.0,54.0,3.0,,0.0,33.0,53.0,7.0,13.0,2255.0,3.0,2537.0,66.0,2255.0,1516.6558329536829,2537.0,3252.2721518681155,65.0,66.0,text/html; charset=UTF-8,200.0,OK,Indexable,,Park Seo Joon – K-GEN,21.0,210.0,,0.0,0.0,,0.0,0.0,,0.0,K-GEN,5.0,Étiquette : Park Seo Joon,25.0,Votre première source française sur la K-Pop !,46.0,Navigation des articles,23.0,max-image-preview:large,,,,,https://k-gen.fr/tag/park-seo-joon/,,,,,,,106621.0,21889.0,1793.0,227.0,0,0,Very Easy,0,0.0,2.0,,2.0,2.0,0.0,0,159.0,51.0,0.0,7.0,7.0,0.0,,,,,932e93efbd29ef37cb03ae2a5013cc4,0,,,,,1.1,https://k-gen.fr/tag/park-seo-joon/,2024-05-14 14:12:55,0.0,0.0,0.0,0.0,,Indexable,,0,0,0,0,0,0,0,0,0
32,park seo joon,14,https://mubi.com/fr/cast/park-seo-joon,1,,,,,,0.0,0.0,0.0,0.0,,,,,,,1617.4207220767257,,3395.65268456583,198.99999999999977,,text/html; charset=utf-8,200.0,OK,Indexable,,"Park Seo-Joon - Films, Biographie et Listes sur MUBI",52.0,466.0,"Park Seo-Joon - Films, Biographie et Listes sur MUBI",52.0,322.0,,0.0,0.0,,0.0,Park Seo-Joon,13.0,,0.0,Acteur,6.0,Dans son propre rôle,20.0,"follow, index",,,,,https://mubi.com/fr/cast/park-seo-joon,,,,,,,92005.0,24813.0,41.0,10.0,0,0,Very Easy,0,0.0,2.0,,0.0,0.0,0.0,0,11.0,10.0,0.0,3.0,3.0,0.0,,,,,94b4581ce2f62743e5595bc14b619df3,0,,,,,1.1,https://mubi.com/fr/cast/park-seo-joon,2024-05-14 14:13:09,0.0,0.0,0.0,0.0,,Indexable,,0,0,0,0,0,0,0,0,0
33,park seo joon,15,https://www.viki.com/celebrities/15074pr-park-seo-joon?locale=fr,1,200.0,624.0,58.0,15.0,,0.0,11.0,21.0,14.0,,2671.0,3.0,2877.0,2.0,2177.0,3085.139087286291,3322.0,4118.1561369506035,823.0023398191606,4.0,text/html; charset=utf-8,200.0,OK,Non-Indexable,Canonicalised,Park Seo Joon - Films et séries télévisées,42.0,372.0,"Faites connaissance avec Park Seo Joon, de Korea. Park Seo Joon est connu pour des rôles importants dans ""Concrete Utopia"" et ""Young Actors’ Retreat"". Découvrez la vie hors écran de Park Seo Joon et restez au courant de ses œuvres les plus récentes, le tout sur Viki.",267.0,1650.0,,0.0,0.0,,0.0,,0.0,,0.0,Émissions,9.0,À propos de nous,16.0,,,,,,https://www.viki.com/celebrities/15074pr-park-seo-joon,,,,,,,592348.0,196739.0,87.0,19.0,0,0,Fairly Hard,0,0.0,1.0,,0.0,0.0,0.0,0,18.0,13.0,0.0,12.0,12.0,0.0,,,,,67b3c2d8281bec9196e1471e4285bbda,0,,,,,1.1,https://www.viki.com/celebrities/15074pr-park-seo-joon?locale=fr,2024-05-14 14:13:08,0.0,0.0,0.0,0.0,,Non-Indexable,Canonicalised,0,0,0,0,0,0,0,0,0
34,park seo joon,16,https://altselection.com/park-hyung-sik-sexprime-sur-le-role-de-park-seo-joon-de-v-de-bts-et-dautres-dans-la-wooga-squad/,1,,,,,,,,,,31.0,2036.0,5.0,3039.0,52.0,2036.0,2443.3307531232845,3039.0,3929.077716102487,229.5,52.0,text/html; charset=UTF-8,200.0,OK,Indexable,,"Park Hyung-sik S'exprime Sur Le Rôle De Park Seo-joon, De V De BTS Et D'autres Dans La Wooga Squad",98.0,917.0,"La récente interview de Park Hyung-sik avec Carol Cheng a attiré l'attention des fans de K-drama, notamment en raison de sa discussion sur les liens étroits",156.0,954.0,,0.0,0.0,,0.0,"Park Hyung-sik s’exprime sur le rôle de Park Seo-joon, de V de BTS et d’autres dans La Wooga Squad",98.0,,0.0,Plus de: Célébrités,19.0,알트케이셀렉션미디어 ALT K-SÉLECTION MÉDIA,33.0,"follow, index, max-snippet:-1, max-video-preview:-1, max-image-preview:large",,,,,https://altselection.com/park-hyung-sik-sexprime-sur-le-role-de-park-seo-joon-de-v-de-bts-et-dautres-dans-la-wooga-squad/,,,,,,,231070.0,40071.0,1072.0,210.0,0,0,Easy,0,0.0,1.0,,13.0,1.0,0.0,0,92.0,41.0,0.0,18.0,5.0,0.0,,,,,5a0addd59c3a8a3661c9b4e01af3c938,0,,,,,1.1,https://altselection.com/park-hyung-sik-sexprime-sur-le-role-de-park-seo-joon-de-v-de-bts-et-dautres-dans-la-wooga-squad/,2024-05-14 14:12:58,0.0,0.0,0.0,0.0,,Indexable,,0,0,0,0,0,0,0,0,0
35,park seo joon,17,https://www.gettyimages.fr/photos/park-seo-jun,1,,,,,,0.0,0.0,0.0,0.0,100.0,957.0,4.0,1558.0,3.0,957.0,1214.8892715783904,1558.0,4063.075791761091,348.0000000000002,3.0,text/html; charset=utf-8,200.0,OK,Indexable,,Park Seo Jun Photos et images de collection - Getty Images,58.0,533.0,"Parcourez la collection premium Getty Images de Park Seo Jun photos et images authentiques, de haute qualité et libres de droits. Les Park Seo Jun photos de banque d’images sont disponibles dans une large variété de tailles et de formats pour répondre à tous vos besoins.",271.0,1682.0,,0.0,0.0,,0.0,832 Park Seo Jun Banque photos et images haute résolution,57.0,,0.0,"Parcourez 832 photos et images disponibles de park seo jun, ou lancez une nouvelle recherche pour explorer plus de photos et images.",132.0,,0.0,,,,,,https://www.gettyimages.fr/photos/park-seo-jun,,,,,,,542807.0,62879.0,1329.0,154.0,0,0,Easy,0,0.0,1.0,,0.0,0.0,0.0,0,251.0,214.0,0.0,19.0,16.0,0.0,,,,,74fa59c3883c2f9c4ddc08035d6debfe,0,,,,,1.1,https://www.gettyimages.fr/photos/park-seo-jun,2024-05-14 14:13:05,0.0,0.0,0.0,0.0,,Indexable,,0,0,0,0,0,0,0,0,0
36,park seo joon,18,https://www.wattpad.com/856467940-10-faits-sur-une-c%C3%A9l%C3%A9brit%C3%A9-c72-park-seo-joon,1,,,38.0,,,0.0,1.0,0.0,0.0,16.0,1545.0,4.0,2172.0,10.0,1545.0,1868.4840881453183,2172.0,3606.606827753639,236.50000000000023,10.0,,,,,,,,,,,,,,,,,,,,,,,,,,,,,,,,,,,,,,,,,0,0,,0,,,,,,,0,,,,,,,,,,,,0,,,,,,,,,,,,,,,0,0,0,0,0,0,0,0,0
37,park seo joon,19,https://www.senscritique.com/contact/park_seo_joon/1077745/collection,1,,,,,,0.0,0.0,0.0,0.0,72.0,1532.0,3.0,1755.0,7.0,1532.0,2263.697472419821,1755.0,2987.9136396174063,313.5,7.0,text/html; charset=utf-8,200.0,OK,Indexable,,SensCritique,12.0,114.0,,0.0,0.0,,0.0,0.0,,0.0,,0.0,,0.0,,0.0,,0.0,"index,follow,max-snippet:-1",,,,,,,,,,,,156467.0,39088.0,11.0,8.0,0,0,Easy,0,0.0,3.0,,1.0,1.0,0.0,0,8.0,8.0,0.0,0.0,0.0,0.0,,,,,a656d934f211473be45e1621a382dc8a,0,,,,,1.1,https://www.senscritique.com/contact/park_seo_joon/1077745/collection,2024-05-14 14:13:00,0.0,0.0,0.0,0.0,,Indexable,,0,0,0,0,0,0,0,0,0
38,park seo joon,20,https://k-gen.fr/seojins-de-retour-pour-une-saison-2/,1,,,60.0,9.0,,0.0,145.0,0.0,0.0,1.0,2255.0,3.0,2537.0,66.0,2255.0,2245.8895746052112,2537.0,3955.3268572387815,58.50000000000068,66.0,text/html; charset=UTF-8,200.0,OK,Indexable,,« Seojin’s » de retour pour une saison 2 toujours avec Park Seo Joon – K-GEN,76.0,685.0,,0.0,0.0,,0.0,0.0,,0.0,K-GEN,5.0,« Seojin’s » de retour pour une saison 2 toujours avec Park Seo Joon,68.0,Votre première source française sur la K-Pop !,46.0,Navigation de l’article,23.0,max-image-preview:large,,,,,https://k-gen.fr/seojins-de-retour-pour-une-saison-2/,,,,,,,82622.0,20244.0,410.0,61.0,0,0,Very Easy,0,0.0,1.0,,7.0,2.0,0.0,0,55.0,41.0,0.0,8.0,8.0,0.0,,,,,79ba94451c846cbe41fc21152a31e032,0,,,,,1.1,https://k-gen.fr/seojins-de-retour-pour-une-saison-2/,2024-05-14 14:13:11,0.0,0.0,0.0,0.0,,Indexable,,0,0,0,0,0,0,0,0,0
39,park seo-joon,1,https://fr.wikipedia.org/wiki/Park_Seo-joon,0,,,62.0,12.0,56.0,21.0,1.0,0.0,0.0,,704.0,,,6.0,857.0,911.3414582461055,924.0,337.6,0.0,6.0,text/html; charset=UTF-8,200.0,OK,Indexable,,Park Seo-joon — Wikipédia,25.0,237.0,,0.0,0.0,,0.0,0.0,,0.0,Park Seo-joon,13.0,,0.0,Sommaire,8.0,Biographie[modifier | modifier le code],39.0,max-image-preview:standard,,,,,https://fr.wikipedia.org/wiki/Park_Seo-joon,,,,,,,111093.0,23223.0,1555.0,326.0,0,0,Very Easy,0,0.0,1.0,,60.0,2.0,0.0,0,308.0,188.0,0.0,57.0,51.0,0.0,,,,,bb69aeff72f7e675344b8f403a7ce673,0,"Tue, 14 May 2024 08:57:05 GMT",,,,1.1,https://fr.wikipedia.org/wiki/Park_Seo-joon,2024-05-14 14:12:55,0.0,0.0,0.0,0.0,,Indexable,,0,0,0,0,0,0,0,0,0
40,park seo-joon,2,https://www.nautiljon.com/people/park+seo+jun.html,0,,,,,,,,,,,767.0,2.0,923.0,7.0,767.0,917.568603051222,923.0,1250.6546225275124,119.99999999999989,7.0,text/html; charset=UTF-8,520.0,,Non-Indexable,Server Error,,0.0,0.0,,0.0,0.0,,0.0,0.0,,0.0,,0.0,,0.0,,0.0,,0.0,,,,,,,,,,,,,7192.0,7192.0,0.0,,0,0,,0,0.0,1.0,,0.0,0.0,0.0,0,0.0,0.0,0.0,0.0,0.0,0.0,,,,,,0,,,,,1.1,https://www.nautiljon.com/people/park+seo+jun.html,2024-05-14 14:12:51,,,,,,,,0,0,0,0,0,0,0,0,0
41,park seo-joon,3,https://www.allocine.fr/personne/fichepersonne_gen_cpersonne=746445.html,0,,,53.0,,45.0,3.0,2.0,0.0,0.0,16.0,974.0,6.0,1621.0,12.0,974.0,650.475921529619,1621.0,899.7938555354294,67.55026101717812,12.0,text/html; charset=UTF-8,200.0,OK,Indexable,,Seo-Joon Park - AlloCiné,24.0,220.0,"Seo-Joon Park est un Acteur sud-coréen. Découvrez sa biographie, le détail de ses 12 ans de carrière et toute son actualité",123.0,749.0,,0.0,0.0,,0.0,Seo-Joon Park,13.0,,0.0,Park Seo-joon,13.0,Seo-joon Park,13.0,"index,follow,max-snippet:-1,max-image-preview:large",noarchive,,,,,,,,,,,408834.0,52971.0,485.0,120.0,0,0,Very Easy,0,0.0,1.0,,4.0,3.0,0.0,0,29.0,28.0,0.0,0.0,0.0,0.0,,,,,b55331d88fe4e868e926ab0925938c0,0,"Tue, 14 May 2024 11:39:39 GMT",,,,1.1,https://www.allocine.fr/personne/fichepersonne_gen_cpersonne=746445.html,2024-05-14 14:13:01,0.0,0.0,0.0,0.0,,Indexable,,0,0,0,0,0,0,0,0,0
42,park seo-joon,4,https://www.instagram.com/bn_sj2013/,0,,,76.0,33.0,70.0,1801.0,0.0,0.0,0.0,20.0,1010.0,2.0,4616.0,14.0,1009.0,4171.656162935462,3614.0,3885.7031281837144,1244.4999999999995,8.0,"text/html; charset=""utf-8""",200.0,OK,Indexable,,박서준 (@bn_sj2013) • Instagram photos and videos,51.0,474.0,"26M Followers, 68 Following, 358 Posts - See Instagram photos and videos from 박서준 (@bn_sj2013)",99.0,636.0,,0.0,0.0,,0.0,,0.0,,0.0,,0.0,,0.0,"noarchive, noimageindex",,,,,https://www.instagram.com/bn_sj2013/,,,,,,,487537.0,109645.0,0.0,,0,0,,0,0.0,1.0,,3.0,3.0,0.0,0,0.0,0.0,0.0,0.0,0.0,0.0,,,,,fbd573318ca3c90aae7477ccd63ddf99,0,,,,,1.1,https://www.instagram.com/bn_sj2013/,2024-05-14 14:13:04,0.0,0.0,0.0,0.0,,Indexable,,0,0,0,0,0,0,0,0,0
43,park seo-joon,5,https://en.wikipedia.org/wiki/Park_Seo-joon,0,,,71.0,31.0,66.0,476.0,1.0,0.0,0.0,,780.0,2.0,794.0,0.0,880.0,985.4706691652887,910.0,398.5,0.0,0.0,text/html; charset=UTF-8,200.0,OK,Indexable,,Park Seo-joon - Wikipedia,25.0,227.0,,0.0,0.0,,0.0,0.0,,0.0,Park Seo-joon,13.0,,0.0,Contents,8.0,Early years and education[edit],31.0,max-image-preview:standard,,,,,https://en.wikipedia.org/wiki/Park_Seo-joon,,,,,,,316399.0,54941.0,6096.0,1321.0,0,0,Very Easy,0,0.0,1.0,,262.0,3.0,0.0,0,846.0,419.0,0.0,229.0,221.0,0.0,,,,,7d49c39b97b845ad6520586297dc078f,0,"Wed, 01 May 2024 18:14:59 GMT",,,,1.1,https://en.wikipedia.org/wiki/Park_Seo-joon,2024-05-14 14:13:10,0.0,0.0,0.0,0.0,,Indexable,,0,0,0,0,0,0,0,0,0
44,park seo-joon,6,https://www.allocine.fr/personne/fichepersonne-746445/filmographie/,0,,,,,,0.0,0.0,0.0,0.0,13.0,974.0,6.0,1621.0,12.0,974.0,715.7530117896129,1621.0,2329.8727902472233,145.0,12.0,text/html; charset=UTF-8,200.0,OK,Indexable,,Seo-Joon Park : Filmographie - AlloCiné,39.0,352.0,Découvrez tous les films et séries de la filmographie de Seo-Joon Park. De ses débuts jusqu'à la fin de ses 12 ans de carrière.,127.0,760.0,,0.0,0.0,,0.0,Filmographie Seo-Joon Park,26.0,,0.0,Acteur,6.0,,0.0,"index,follow,max-snippet:-1,max-image-preview:large",noarchive,,,,,,,,,,,431070.0,54360.0,594.0,122.0,0,0,Very Easy,0,0.0,3.0,,3.0,2.0,0.0,0,24.0,23.0,0.0,0.0,0.0,0.0,,,,,38544c7a14590c4f62419616155d1dd5,0,"Tue, 14 May 2024 11:39:13 GMT",,,,1.1,https://www.allocine.fr/personne/fichepersonne-746445/filmographie/,2024-05-14 14:13:08,0.0,0.0,0.0,0.0,,Indexable,,0,0,0,0,0,0,0,0,0
45,park seo-joon,7,https://www.netflix.com/nc/browse/genre/81342271,0,,,,,,0.0,0.0,0.0,0.0,,3256.0,4.0,3751.0,6.0,3256.0,1940.4867577512134,3751.0,2176.1993481448353,309.39612533959894,6.0,text/html; charset=utf-8,200.0,OK,Indexable,,Movies & TV Starring Park Seo-jun | Site officiel de Netflix,60.0,512.0,,0.0,0.0,,0.0,0.0,,0.0,Movies & TV Starring Park Seo-jun,33.0,,0.0,Il y a encore plus de choses à découvrir.,41.0,,0.0,,,,,,,,,,,,,1287547.0,293805.0,151.0,39.0,0,0,Fairly Easy,0,0.0,3.0,,1.0,1.0,0.0,0,27.0,25.0,0.0,1.0,1.0,0.0,,,,,bf842f044042ffc52a4fd2038f74b351,0,,,,,1.1,https://www.netflix.com/nc/browse/genre/81342271,2024-05-14 14:12:57,0.0,0.0,0.0,0.0,,Indexable,,0,0,0,0,0,0,0,0,0
46,park seo-joon,8,https://www.instagram.com/parkseojoonfrancophonie/?hl=fr,0,,,,,,,,,,20.0,1009.0,4.0,3614.0,8.0,1009.0,5873.272866933339,3614.0,3068.404721387251,375.5,8.0,"text/html; charset=""utf-8""",200.0,OK,Non-Indexable,Canonicalised,Association Park Seo Joon Francophonie (@parkseojoonfrancophonie) • Photos et vidéos Instagram,94.0,889.0,"2,963 followers, 1,411 suivis, 5,505 publications - Voir les photos et vidéos Instagram de Association Park Seo Joon Francophonie (@parkseojoonfrancophonie)",156.0,984.0,,0.0,0.0,,0.0,,0.0,,0.0,,0.0,,0.0,"noarchive, noimageindex",,,,,https://www.instagram.com/parkseojoonfrancophonie/,,,,,,,493261.0,110554.0,0.0,,0,0,,0,0.0,1.0,,0.0,0.0,0.0,0,0.0,0.0,0.0,0.0,0.0,0.0,,,,,66a1ce4a6bdcd93d51e88e0a025d7c9e,0,,,,,1.1,https://www.instagram.com/parkseojoonfrancophonie/?hl=fr,2024-05-14 14:12:57,0.0,0.0,0.0,0.0,,Non-Indexable,Canonicalised,0,0,0,0,0,0,0,0,0
47,park seo-joon,9,https://universcinematographiquemarvel.fandom.com/fr/wiki/Park_Seo_Joon?mobile-app=true&theme=dark,0,,,,,,,,,,,,,,,,1635.5623254752838,,2897.3069806261874,252.49999999999955,,text/html; charset=UTF-8,200.0,OK,Non-Indexable,Canonicalised,Park Seo Joon | Wiki Univers Cinématographique Marvel | Fandom,62.0,589.0,"Park Seo-joon(coréen : 박서준) de son vrai nom Park Yong-kyu (coréen : 박용규) né le 16 décembre 1988 à Séoul, est un acteur sud-coréen. Il est surtout connu pour ses rôles dans les séries télévisées suivantes : ""Itaewon Class"", ""Kill Me"", ""Heal Me"", ""She Was Pretty"", ""Hwarang"", ""Fight for My Way"" et...",298.0,1781.0,,0.0,0.0,,0.0,Park Seo Joon,13.0,,0.0,Park Seo Joon,13.0,Fandom logo,11.0,,,,,,https://universcinematographiquemarvel.fandom.com/fr/wiki/Park_Seo_Joon,,,,,,,291409.0,49473.0,197.0,58.0,0,0,Very Easy,0,0.0,2.0,,28.0,1.0,0.0,0,803.0,342.0,0.0,19.0,17.0,0.0,,,,,b37f96a786fe96f7a218d6c374ddb731,0,"Mon, 13 May 2024 11:46:59 GMT",,,,1.1,https://universcinematographiquemarvel.fandom.com/fr/wiki/Park_Seo_Joon?mobile-app=true&theme=dark,2024-05-14 14:13:06,0.0,0.0,0.0,0.0,,Non-Indexable,Canonicalised,0,0,0,0,0,0,0,0,0
48,park seo-joon,10,https://www.imdb.com/name/nm6124994/,0,,,71.0,29.0,68.0,527.0,3.0,0.0,0.0,,,,,,,,,,,,text/html; charset=utf-8,200.0,OK,Indexable,,Park Seo-joon - IMDb,20.0,186.0,"Park Seo-joon. Actor: Cheong-nyeon-gyeong-chal. Park was born on December 16, 1988 in Seoul as the oldest of three brothers. After graduation from An-Nam high school, he attended Seoul Institute of the Arts and enlisted for mandatory military service in 2008.

Park made his entertainment debut in 2011 by appearing in the music video of Bang Yong-Guk's single ""I Remember."" He has then appeared in television dramas Dream High 2 (2012), Pots...",445.0,2775.0,,0.0,0.0,Park Seo-joon,13.0,Park Seo-joon,13.0,,0.0,,0.0,,0.0,,,,,,https://www.imdb.com/name/nm6124994/,,,,,,,1124664.0,218059.0,811.0,284.0,0,0,Very Easy,0,0.0,2.0,,2.0,2.0,0.0,0,219.0,200.0,0.0,17.0,12.0,0.0,,,,,ce7e0e79b6c702c98467e50fc0c7ade5,0,,,,,1.1,https://www.imdb.com/name/nm6124994/,2024-05-14 14:12:59,0.0,0.0,0.0,0.0,,Indexable,,0,0,0,0,0,0,0,0,0
49,park seo-joon,11,https://mubi.com/fr/cast/park-seo-joon,1,,,,,,0.0,0.0,0.0,0.0,,,,,,,1617.4207220767257,,3395.65268456583,198.99999999999977,,text/html; charset=utf-8,200.0,OK,Indexable,,"Park Seo-Joon - Films, Biographie et Listes sur MUBI",52.0,466.0,"Park Seo-Joon - Films, Biographie et Listes sur MUBI",52.0,322.0,,0.0,0.0,,0.0,Park Seo-Joon,13.0,,0.0,Acteur,6.0,Dans son propre rôle,20.0,"follow, index",,,,,https://mubi.com/fr/cast/park-seo-joon,,,,,,,92005.0,24813.0,41.0,10.0,0,0,Very Easy,0,0.0,2.0,,0.0,0.0,0.0,0,11.0,10.0,0.0,3.0,3.0,0.0,,,,,94b4581ce2f62743e5595bc14b619df3,0,,,,,1.1,https://mubi.com/fr/cast/park-seo-joon,2024-05-14 14:13:09,0.0,0.0,0.0,0.0,,Indexable,,0,0,0,0,0,0,0,0,0
50,park seo-joon,12,https://www.senscritique.com/contact/park_seo_joon/1077745,1,,,46.0,6.0,,0.0,5.0,0.0,0.0,,1532.0,3.0,1755.0,7.0,1532.0,2218.146430526177,1755.0,3094.3196250046094,391.5,7.0,text/html; charset=utf-8,200.0,OK,Indexable,,Park Seo-Joon - SensCritique,28.0,260.0,"Acteur et artiste musical sud coréen né le 15 décembre 1988 à Séoul. Park Seo-Joon est connu pour The Marvels, Itaewon Class, She Was Pretty, Kill Me, Heal Me, What's...",169.0,1046.0,,0.0,0.0,,0.0,Park Seo-Joon,13.0,,0.0,Œuvres majeures : Park Seo-Joon,31.0,collaborations,14.0,"index,follow,max-snippet:-1",,,,,https://www.senscritique.com/contact/park_seo_joon/1077745,,,,,,,296513.0,55760.0,259.0,94.0,0,0,Very Easy,0,0.0,2.0,,1.0,1.0,0.0,0,87.0,55.0,0.0,13.0,13.0,0.0,,,,,56c44fc60a54ec26ef0eb4c8ca09b392,0,,,,,1.1,https://www.senscritique.com/contact/park_seo_joon/1077745,2024-05-14 14:12:51,0.0,0.0,0.0,0.0,,Indexable,,0,0,0,0,0,0,0,0,0
51,park seo-joon,13,https://k-gen.fr/tag/park-seo-joon/,1,200.0,382.0,54.0,3.0,,0.0,33.0,53.0,7.0,13.0,2255.0,3.0,2537.0,66.0,2255.0,1516.6558329536829,2537.0,3252.2721518681155,65.0,66.0,text/html; charset=UTF-8,200.0,OK,Indexable,,Park Seo Joon – K-GEN,21.0,210.0,,0.0,0.0,,0.0,0.0,,0.0,K-GEN,5.0,Étiquette : Park Seo Joon,25.0,Votre première source française sur la K-Pop !,46.0,Navigation des articles,23.0,max-image-preview:large,,,,,https://k-gen.fr/tag/park-seo-joon/,,,,,,,106621.0,21889.0,1793.0,227.0,0,0,Very Easy,0,0.0,2.0,,2.0,2.0,0.0,0,159.0,51.0,0.0,7.0,7.0,0.0,,,,,932e93efbd29ef37cb03ae2a5013cc4,0,,,,,1.1,https://k-gen.fr/tag/park-seo-joon/,2024-05-14 14:12:55,0.0,0.0,0.0,0.0,,Indexable,,0,0,0,0,0,0,0,0,0
52,park seo-joon,14,https://asianwiki.com/Park_Seo-Jun,1,,,59.0,30.0,44.0,2.0,57.0,0.0,0.0,37.0,1058.0,3.0,1228.0,1.0,1474.0,3006.345369231174,1856.0,2145.7498575894624,331.50335975958205,1.0,text/html; charset=UTF-8,200.0,OK,Indexable,,Park Seo-Jun - AsianWiki,24.0,223.0,,0.0,0.0,,0.0,0.0,,0.0,Park Seo-Jun,12.0,,0.0,Contents,8.0,User Rating,11.0,,,,,,,,,,,,,217300.0,50921.0,0.0,,0,0,,0,0.0,0.0,,852.0,1.0,0.0,0,1005.0,114.0,0.0,50.0,40.0,0.0,,,,,eb4c4541de078a8ebd90fc03fee94648,0,,,,,1.1,https://asianwiki.com/Park_Seo-Jun,2024-05-14 14:13:00,0.0,0.0,0.0,0.0,,Indexable,,0,0,0,0,0,0,0,0,0
53,park seo-joon,15,https://www.viki.com/celebrities/15074pr-park-seo-joon?locale=fr,1,200.0,624.0,58.0,15.0,,0.0,11.0,21.0,14.0,,2671.0,3.0,2877.0,2.0,2177.0,3085.139087286291,3322.0,4118.1561369506035,823.0023398191606,4.0,text/html; charset=utf-8,200.0,OK,Non-Indexable,Canonicalised,Park Seo Joon - Films et séries télévisées,42.0,372.0,"Faites connaissance avec Park Seo Joon, de Korea. Park Seo Joon est connu pour des rôles importants dans ""Concrete Utopia"" et ""Young Actors’ Retreat"". Découvrez la vie hors écran de Park Seo Joon et restez au courant de ses œuvres les plus récentes, le tout sur Viki.",267.0,1650.0,,0.0,0.0,,0.0,,0.0,,0.0,Émissions,9.0,À propos de nous,16.0,,,,,,https://www.viki.com/celebrities/15074pr-park-seo-joon,,,,,,,592348.0,196739.0,87.0,19.0,0,0,Fairly Hard,0,0.0,1.0,,0.0,0.0,0.0,0,18.0,13.0,0.0,12.0,12.0,0.0,,,,,67b3c2d8281bec9196e1471e4285bbda,0,,,,,1.1,https://www.viki.com/celebrities/15074pr-park-seo-joon?locale=fr,2024-05-14 14:13:08,0.0,0.0,0.0,0.0,,Non-Indexable,Canonicalised,0,0,0,0,0,0,0,0,0
54,park seo-joon,16,https://fr.mydramalist.com/people/2195-park-seo-joon,1,,,,,,,,,,,1236.0,4.0,1541.0,4.0,1236.0,3136.6830769109242,1541.0,5825.396076936234,334.0000000000009,4.0,text/html; charset=UTF-8,200.0,OK,Indexable,,Park Seo Joon (박서준)- MyDramaList,32.0,305.0,,0.0,0.0,,0.0,0.0,,0.0,Park Seo Joon,13.0,Park Seo Joon,13.0,Top Contributeurs,17.0,Discussions récentes,20.0,,,,,,https://fr.mydramalist.com/people/2195-park-seo-joon,,,,,,,100310.0,17478.0,1690.0,630.0,0,0,Very Easy,0,0.0,1.0,,7.0,1.0,0.0,0,200.0,128.0,0.0,17.0,11.0,0.0,,,,,36b6ca7309c4d6df284953a6012dcdff,0,,,,,1.1,https://fr.mydramalist.com/people/2195-park-seo-joon,2024-05-14 14:13:10,0.0,0.0,0.0,0.0,,Indexable,,0,0,0,0,0,0,0,0,0
55,park seo-joon,17,https://altselection.com/park-hyung-sik-sexprime-sur-le-role-de-park-seo-joon-de-v-de-bts-et-dautres-dans-la-wooga-squad/,1,,,,,,,,,,31.0,2036.0,5.0,3039.0,52.0,2036.0,2443.3307531232845,3039.0,3929.077716102487,229.5,52.0,text/html; charset=UTF-8,200.0,OK,Indexable,,"Park Hyung-sik S'exprime Sur Le Rôle De Park Seo-joon, De V De BTS Et D'autres Dans La Wooga Squad",98.0,917.0,"La récente interview de Park Hyung-sik avec Carol Cheng a attiré l'attention des fans de K-drama, notamment en raison de sa discussion sur les liens étroits",156.0,954.0,,0.0,0.0,,0.0,"Park Hyung-sik s’exprime sur le rôle de Park Seo-joon, de V de BTS et d’autres dans La Wooga Squad",98.0,,0.0,Plus de: Célébrités,19.0,알트케이셀렉션미디어 ALT K-SÉLECTION MÉDIA,33.0,"follow, index, max-snippet:-1, max-video-preview:-1, max-image-preview:large",,,,,https://altselection.com/park-hyung-sik-sexprime-sur-le-role-de-park-seo-joon-de-v-de-bts-et-dautres-dans-la-wooga-squad/,,,,,,,231070.0,40071.0,1072.0,210.0,0,0,Easy,0,0.0,1.0,,13.0,1.0,0.0,0,92.0,41.0,0.0,18.0,5.0,0.0,,,,,5a0addd59c3a8a3661c9b4e01af3c938,0,,,,,1.1,https://altselection.com/park-hyung-sik-sexprime-sur-le-role-de-park-seo-joon-de-v-de-bts-et-dautres-dans-la-wooga-squad/,2024-05-14 14:12:58,0.0,0.0,0.0,0.0,,Indexable,,0,0,0,0,0,0,0,0,0
56,park seo-joon,18,https://www.senscritique.com/contact/park_seo_joon/1077745/collection,1,,,,,,0.0,0.0,0.0,0.0,72.0,1532.0,3.0,1755.0,7.0,1532.0,2263.697472419821,1755.0,2987.9136396174063,313.5,7.0,text/html; charset=utf-8,200.0,OK,Indexable,,SensCritique,12.0,114.0,,0.0,0.0,,0.0,0.0,,0.0,,0.0,,0.0,,0.0,,0.0,"index,follow,max-snippet:-1",,,,,,,,,,,,156467.0,39088.0,11.0,8.0,0,0,Easy,0,0.0,3.0,,1.0,1.0,0.0,0,8.0,8.0,0.0,0.0,0.0,0.0,,,,,a656d934f211473be45e1621a382dc8a,0,,,,,1.1,https://www.senscritique.com/contact/park_seo_joon/1077745/collection,2024-05-14 14:13:00,0.0,0.0,0.0,0.0,,Indexable,,0,0,0,0,0,0,0,0,0
57,park seo-joon,19,https://tv.apple.com/fr/person/park-seo-joon/umc.cpc.7hr1ge4rxbinjm21todmzqu0f,1,,,42.0,,,0.0,0.0,0.0,0.0,95.0,2689.0,4.0,3139.0,3.0,2689.0,1412.113027342402,3139.0,2179.0,125.0,3.0,text/html,200.0,OK,Indexable,,Films et séries avec Park Seo-joon – Apple TV (FR),50.0,453.0,"Découvrez Park Seo-joon sur Apple TV. Parcourez les séries et films dans lesquels participe Park Seo-joon, dont What's Wrong with Secretary Kim, Kill …",151.0,925.0,,0.0,0.0,,0.0,Park Seo-joon,13.0,,0.0,TV & Séries,11.0,Films,5.0,,,,,,https://tv.apple.com/fr/person/park-seo-joon/umc.cpc.7hr1ge4rxbinjm21todmzqu0f,,,,,,,179644.0,38789.0,94.0,19.0,0,0,Easy,0,0.0,3.0,,0.0,0.0,0.0,0,15.0,13.0,0.0,1.0,1.0,0.0,,,,,b01b83e9d4194158fa5e1312fa626401,0,,,,,1.1,https://tv.apple.com/fr/person/park-seo-joon/umc.cpc.7hr1ge4rxbinjm21todmzqu0f,2024-05-14 14:13:06,0.0,0.0,0.0,0.0,,Indexable,,0,0,0,0,0,0,0,0,0
58,park seo-joon,20,https://www.gettyimages.fr/photos/park-seo-jun,1,,,,,,0.0,0.0,0.0,0.0,100.0,957.0,4.0,1558.0,3.0,957.0,1214.8892715783904,1558.0,4063.075791761091,348.0000000000002,3.0,text/html; charset=utf-8,200.0,OK,Indexable,,Park Seo Jun Photos et images de collection - Getty Images,58.0,533.0,"Parcourez la collection premium Getty Images de Park Seo Jun photos et images authentiques, de haute qualité et libres de droits. Les Park Seo Jun photos de banque d’images sont disponibles dans une large variété de tailles et de formats pour répondre à tous vos besoins.",271.0,1682.0,,0.0,0.0,,0.0,832 Park Seo Jun Banque photos et images haute résolution,57.0,,0.0,"Parcourez 832 photos et images disponibles de park seo jun, ou lancez une nouvelle recherche pour explorer plus de photos et images.",132.0,,0.0,,,,,,https://www.gettyimages.fr/photos/park-seo-jun,,,,,,,542807.0,62879.0,1329.0,154.0,0,0,Easy,0,0.0,1.0,,0.0,0.0,0.0,0,251.0,214.0,0.0,19.0,16.0,0.0,,,,,74fa59c3883c2f9c4ddc08035d6debfe,0,,,,,1.1,https://www.gettyimages.fr/photos/park-seo-jun,2024-05-14 14:13:05,0.0,0.0,0.0,0.0,,Indexable,,0,0,0,0,0,0,0,0,0
59,seo,1,https://www.seo.fr/definition/seo-definition,0,200.0,36.0,76.0,53.0,71.0,1035.0,134.0,87.0,5.0,88.0,1423.0,3.0,1416.0,12.0,1256.0,762.0211777048975,1341.0,2592.9262328323384,44.0,12.0,text/html; charset=UTF-8,200.0,OK,Indexable,,SEO : Qu'est ce que le SEO (Search Engine Optimization) ?,57.0,515.0,Savez-vous ce qu'est le SEO ? Quelles sont les nouveautés en 2024 ? Ne vous posez plus de questions et comprenez tout sur le SEO.,129.0,807.0,,0.0,0.0,,0.0,Définition du SEO (Search Engine Optimization),46.0,,0.0,"Le SEO, qu’est-ce que c’est ?",29.0,Quels sont les critères principaux en SEO ?,43.0,"index, follow, max-image-preview:large, max-snippet:-1, max-video-preview:-1",,,,,https://www.seo.fr/definition/seo-definition,,,,,,,131555.0,32436.0,1864.0,302.0,0,0,Fairly Easy,0,0.0,1.0,,7.0,1.0,0.0,0,139.0,88.0,0.0,5.0,5.0,0.0,,,,,846a97f3452fca5ef25e66536a725009,0,"Tue, 14 May 2024 02:13:22 GMT",,,,1.1,https://www.seo.fr/definition/seo-definition,2024-05-14 14:13:07,0.0,0.0,0.0,0.0,,Indexable,,0,0,0,0,0,0,0,0,0
60,seo,3,https://semji.com/fr/guide/seo/,0,200.0,726.0,72.0,42.0,62.0,117.0,694.0,148.0,10.0,,1904.0,3.0,1875.0,41.0,1707.0,1228.710768119252,1780.0,1575.00458678198,26.5,19.0,text/html; charset=UTF-8,200.0,OK,Indexable,,Guide SEO : Les techniques pour réussir son référencement,57.0,530.0,Ce guide vous fournira tous les éléments pour réussir votre référencement naturel et atteindre vos objectifs de visibilité et de trafic.,136.0,799.0,,0.0,0.0,,0.0,Guide SEO : Toutes les techniques pour un référencement réussi,62.0,,0.0,SEO : Les clés d’un référencement naturel optimisé,50.0,Pourquoi faire du SEO ?,23.0,"index, follow, max-image-preview:large, max-snippet:-1, max-video-preview:-1",,,,,https://semji.com/fr/guide/seo/,,,,,,,278360.0,49087.0,5050.0,705.0,0,0,Fairly Easy,0,0.0,3.0,,18.0,1.0,0.0,0,234.0,151.0,0.0,7.0,7.0,0.0,,,,,acafa7079a9a4a781a87472a9324d4d4,0,,,,,1.1,https://semji.com/fr/guide/seo/,2024-05-14 14:13:08,0.0,0.0,0.0,0.0,,Indexable,,0,0,0,0,0,0,0,0,0
61,seo,4,https://developers.google.com/search/docs/fundamentals/seo-starter-guide?hl=fr,0,,,,,,,,,,,2178.0,3.0,2690.0,12.0,1919.0,2945.0913437341887,2514.0,4302.561852537374,548.4998315829666,19.0,text/html; charset=utf-8,200.0,OK,Indexable,,Bien débuter en référencement naturel (SEO) : principes de base | Google Search Central  |  Documentation  |  Google for Developers,131.0,1153.0,"Connaître les principes de base du SEO peut avoir un impact notable. Pour en découvrir les concepts fondamentaux, consultez le guide ""Bien débuter en référencement naturel (SEO)"".",179.0,1116.0,,0.0,0.0,,0.0,Bien débuter en référencement naturel (SEO),43.0,,0.0,Comment fonctionne la recherche Google ?,40.0,Combien de temps dois-je attendre avant que l'impact ne soit visible dans les résultats de recherche ?,102.0,,,,,,https://developers.google.com/search/docs/fundamentals/seo-starter-guide?hl=fr,,,,,,,254923.0,44238.0,4682.0,629.0,0,0,Normal,0,0.0,3.0,,6.0,1.0,0.0,0,305.0,235.0,0.0,23.0,19.0,0.0,,,,,b447fa5830aaa9fef3523f2c0e1106d2,0,"Wed, 01 May 2024 23:37:15 GMT",,,,1.1,https://developers.google.com/search/docs/fundamentals/seo-starter-guide?hl=fr,2024-05-14 14:13:02,0.0,0.0,0.0,0.0,,Indexable,,0,0,0,0,0,0,0,0,0
62,seo,5,https://fr.wikipedia.org/wiki/Optimisation_pour_les_moteurs_de_recherche,0,,,87.0,55.0,82.0,2936.0,1.0,0.0,0.0,92.0,813.0,,935.0,6.0,857.0,760.5065231037294,924.0,325.60750745397115,0.0,6.0,text/html; charset=UTF-8,200.0,OK,Indexable,,Optimisation pour les moteurs de recherche — Wikipédia,54.0,505.0,,0.0,0.0,,0.0,0.0,,0.0,Optimisation pour les moteurs de recherche,42.0,,0.0,Sommaire,8.0,Historique,10.0,max-image-preview:standard,,,,,https://fr.wikipedia.org/wiki/Optimisation_pour_les_moteurs_de_recherche,,,,,,,140526.0,32759.0,3191.0,581.0,0,0,Fairly Easy,0,0.0,1.0,,67.0,1.0,0.0,0,332.0,240.0,0.0,53.0,51.0,0.0,,,,,cb53f4dd160c6d0cfb5b9ab8c4f3997f,0,"Fri, 10 May 2024 12:16:42 GMT",,,,1.1,https://fr.wikipedia.org/wiki/Optimisation_pour_les_moteurs_de_recherche,2024-05-14 14:13:04,0.0,0.0,0.0,0.0,,Indexable,,0,0,0,0,0,0,0,0,0
63,seo,6,https://datascientest.com/seo-tout-savoir,0,200.0,1795.0,60.0,23.0,53.0,20.0,15.0,61.0,13.0,,,,,,,,,,,,text/html; charset=UTF-8,200.0,OK,Indexable,,SEO (Search Engine Optimisation) : C'est quoi ? Comment ça marche ?,67.0,626.0,Le SEO (ou Search Engine Optimisation) permet à une entreprise d’améliorer le positionnement de son site web. Décryptage.,121.0,761.0,,0.0,0.0,,0.0,SEO (Search Engine Optimisation) : C’est quoi ? Comment ça marche ?,67.0,,0.0,"Une entreprise prospère est très souvent une entreprise visible. À l’heure d’internet, cette visibilité s'opère sur les moteurs de recherche, comme Google, Bing ou Yahoo. Mais la concurrence y est rude. Pour se faire une place, il est primordial d’aborder la bonne stratégie, à savoir le SEO. Dans cet article, on vous explique en quoi ça consiste, mais également les bouleversements apportés par l’Intelligence Artificielle.",425.0,DataScientest News,18.0,"index, follow, max-image-preview:large, max-snippet:-1, max-video-preview:-1",,,,,https://datascientest.com/seo-tout-savoir,,,,,,,256949.0,37290.0,1380.0,234.0,0,0,Normal,0,0.0,0.0,,13.0,1.0,0.0,0,145.0,64.0,0.0,20.0,11.0,0.0,,,,,1eeb16a60c587df02db9bc411dab2be0,0,,,,,1.1,https://datascientest.com/seo-tout-savoir,2024-05-14 14:12:56,0.0,0.0,0.0,0.0,,Indexable,,0,0,0,0,0,0,0,0,0
64,seo,7,https://www.definitions-marketing.com/definition/seo/,0,200.0,76.0,78.0,49.0,71.0,421.0,67.0,164.0,11.0,62.0,1164.0,3.0,1295.0,30.0,1164.0,621.9230486088895,1295.0,3473.9665415214586,53.0,30.0,text/html; charset=UTF-8,200.0,OK,Indexable,,SEO - Définitions Marketing » L'encyclopédie illustrée du marketing,67.0,593.0,"SEO est l'acronyme de Search Engine Optimization et peut être défini comme l'art de positionner un site, une page web ou une application dans les...",148.0,905.0,,0.0,0.0,SEO,3.0,SEO,3.0,,0.0,Le marketing bouge... Suivez-le !,33.0,BLOG,4.0,,,,,,,,,,,,,88811.0,13356.0,1239.0,282.0,0,0,Easy,0,0.0,2.0,,0.0,0.0,0.0,0,178.0,166.0,0.0,13.0,11.0,0.0,,,,,88046d187e8ac660b3aad1bc2fcc2dc6,0,,,,,1.1,https://www.definitions-marketing.com/definition/seo/,2024-05-14 14:13:11,0.0,0.0,0.0,0.0,,Indexable,,0,0,0,0,0,0,0,0,0
65,seo,8,https://bpifrance-creation.fr/encyclopedie/developper-lactivite-son-entreprise/vendre-grace-au-digital/referencement-naturel-seo,0,200.0,1076.0,69.0,26.0,64.0,792.0,8.0,40.0,14.0,74.0,3145.0,4.0,3286.0,4.0,3239.0,2140.100080394108,3408.0,2682.331429782381,65.5,2.0,text/html; charset=UTF-8,200.0,OK,Indexable,,Le référencement naturel SEO : générer du trafic pour votre site internet | Bpifrance Création,94.0,831.0,"A quoi sert de créer un site internet s'il n'est pas visité ? Après la mise ligne de votre site web, l'étape suivante consiste à le faire connaître. Le but du jeu est d'attirer le plus de monde possible sur vos pages, ""générer du trafic"", et être référencé en première page des moteurs de recherche !",300.0,1740.0,,0.0,0.0,,0.0,Le référencement naturel SEO : générer du trafic pour votre site internet,73.0,,0.0,Dans cet article :,18.0,Qu’est-ce que le SEO ?,22.0,,,,,,https://bpifrance-creation.fr/encyclopedie/developper-lactivite-son-entreprise/vendre-grace-au-digital/referencement-naturel-seo,,,,,,,70560.0,16310.0,1475.0,212.0,0,0,Fairly Easy,0,0.0,3.0,,14.0,1.0,0.0,0,71.0,42.0,0.0,13.0,13.0,0.0,,,,,c9fbdccdbd39bbdbb8aa185f9c69ec34,0,"Tue, 14 May 2024 12:08:49 GMT",,,,1.1,https://bpifrance-creation.fr/encyclopedie/developper-lactivite-son-entreprise/vendre-grace-au-digital/referencement-naturel-seo,2024-05-14 14:13:07,0.0,0.0,0.0,0.0,,Indexable,,0,0,0,0,0,0,0,0,0
66,seo,9,https://www.yumens.fr/expertise/seo/le-seo/,0,200.0,80.0,69.0,45.0,57.0,28.0,30.0,19.0,12.0,,1032.0,3.0,1457.0,22.0,1032.0,727.3442045930628,1457.0,717.3887462191267,0.0,22.0,text/html; charset=UTF-8,200.0,OK,Indexable,,SEO : Qu'est-ce que c'est ?,27.0,233.0,"Vous disposez désormais selon vous du plus beau site du monde mais son trafic vous déçoit ! En toute logique, vous souhaitez remédier à ce problème ! Pour",154.0,964.0,,0.0,0.0,,0.0,Le SEO : Qu’est-ce-que c’est ?,30.0,,0.0,Que signifie le SEO ?,21.0,Quels sont les trois piliers du SEO ?,37.0,"index, follow, max-image-preview:large, max-snippet:-1, max-video-preview:-1",,,,,https://www.yumens.fr/expertise/seo/le-seo/,,,,,,,265389.0,38516.0,2420.0,381.0,0,0,Normal,0,0.0,3.0,,3.0,2.0,0.0,0,72.0,21.0,0.0,11.0,11.0,0.0,,,,,c6251be240b730b1cc153e9ffaa7f67e,0,"Tue, 14 May 2024 08:25:24 GMT",,,,1.1,https://www.yumens.fr/expertise/seo/le-seo/,2024-05-14 14:13:05,0.0,0.0,0.0,0.0,,Indexable,,0,0,0,0,0,0,0,0,0
67,seo,10,https://www.eskimoz.fr/seo/,0,200.0,30.0,73.0,18.0,61.0,61.0,4.0,67.0,18.0,91.0,1022.0,6.0,1761.0,3.0,1022.0,800.9249545720395,1761.0,2203.8934207510047,24.5,3.0,text/html; charset=UTF-8,200.0,OK,Indexable,,Qu’est-ce que le SEO ? Définition et Signification !,52.0,439.0,Qu’est-ce que le SEO ? Comment fonctionne le référencement naturel ? Quelle est la définition du SEO ? Et quels sont ses leviers ? Suivez le guide.,147.0,885.0,,0.0,0.0,,0.0,Qu’est-ce que le SEO ? Définition et Signification !,52.0,,0.0,Définition du SEO : comprendre le référencement naturel,55.0,L’importance du SEO dans un monde digitalisé,44.0,"index, follow, max-image-preview:large, max-snippet:-1, max-video-preview:-1",,,,,https://www.eskimoz.fr/seo/,,,,,,,273310.0,43339.0,2913.0,404.0,0,0,Fairly Easy,0,0.0,1.0,,0.0,0.0,0.0,0,159.0,65.0,0.0,28.0,17.0,0.0,,,,,9711c51d6ba7c9f09cc4fe3d70e6e93d,0,"Mon, 13 May 2024 09:42:37 GMT",,,,1.1,https://www.eskimoz.fr/seo/,2024-05-14 14:13:09,0.0,0.0,0.0,0.0,,Indexable,,0,0,0,0,0,0,0,0,0
68,seo,11,https://mailchimp.com/fr/marketing-glossary/seo/,1,,,,,,,,,,59.0,2178.0,18.0,2367.0,2.0,2178.0,2014.6451648982784,2367.0,5366.864773498288,724.7505595401253,2.0,text/html; charset=UTF-8,200.0,OK,Indexable,,Qu'est-ce que la SEO ? | Mailchimp,34.0,306.0,"Acronyme anglais de Search Engine Optimization, la SEO permet d'améliorer le classement de votre page dans Google et les autres moteurs de recherche afin d'attirer plus de trafic sur votre site.",194.0,1185.0,"Acronyme anglais de Search Engine Optimization, la SEO permet d'améliorer le classement de votre page dans Google et les autres moteurs de recherche afin d'attirer plus de trafic sur votre site.",194.0,1185.0,,0.0,Qu'est-ce que la SEO ?,22.0,,0.0,Solutions et services,21.0,Ressources,10.0,"index,follow,archive",,,,,https://mailchimp.com/fr/marketing-glossary/seo/,,,,,,,350158.0,84679.0,1322.0,166.0,0,0,Normal,0,0.0,3.0,,5.0,1.0,0.0,0,188.0,88.0,0.0,26.0,18.0,0.0,,,,,7a3a55846dc7bee75f073e656c926ad3,0,,,,,1.1,https://mailchimp.com/fr/marketing-glossary/seo/,2024-05-14 14:13:10,0.0,0.0,0.0,0.0,,Indexable,,0,0,0,0,0,0,0,0,0
69,seo,12,https://www.e-marketing.fr/Definitions-Glossaire/Le-SEO-Search-Engine-Optimization-Definition-et-exemples--376581.htm,1,,,,,,,,,,76.0,1312.0,5.0,1790.0,19.0,1312.0,1593.3389427061315,1790.0,3154.505402843318,725.5,19.0,text/html; charset=utf-8,200.0,OK,Indexable,,"SEO, Search Engine Optimization : Définition et exemples ? - SEO > Search - E-marketing.fr",90.0,801.0,Le SEO désigne toutes les pratiques d'optimisation de contenu permettant un bon référencement d'un site web sur les moteurs de recherche sur internet.,150.0,936.0,,0.0,0.0,,0.0,"SEO, Search Engine Optimization : Définition et exemples ?",58.0,,0.0,Qu'est-ce que le SEO ?,22.0,Comment faire un bon SEO pour son site web ?,44.0,NOARCHIVE,"index,follow","max-snippet:-1, max-image-preview:large, max-video-preview:-1",,,https://www.e-marketing.fr/Definitions-Glossaire/Le-SEO-Search-Engine-Optimization-Definition-et-exemples--376581.htm,,,,,,,198721.0,49866.0,1401.0,216.0,0,0,Fairly Easy,0,0.0,1.0,,2.0,1.0,0.0,0,135.0,112.0,0.0,27.0,17.0,0.0,,,,,5d7d80897c6e152bc8e60f67dd8a4f59,0,,,,,1.1,https://www.e-marketing.fr/Definitions-Glossaire/Le-SEO-Search-Engine-Optimization-Definition-et-exemples--376581.htm,2024-05-14 14:13:03,0.0,0.0,0.0,0.0,,Indexable,,0,0,0,0,0,0,0,0,0
70,seo,13,https://www.journaldunet.com/seo/1508115-comment-le-seo-sert-il-votre-strategie-marketing/,1,,,67.0,32.0,57.0,12.0,0.0,0.0,0.0,75.0,1172.0,4.0,1576.0,6.0,1172.0,3017.2314191121054,1576.0,3165.3881784697646,523.0,6.0,text/html; charset=UTF-8,200.0,OK,Indexable,,Comment le SEO sert-il votre stratégie marketing ?,50.0,454.0,"Le SEO, également appelé ""référencement naturel"", permet d'accroître la visibilité des sites web des entreprises sur les moteurs de recherche. Mais il a également bien d'autres vertus, notamment celles de mieux comprendre et s'adresser à votre audience.",253.0,1545.0,,0.0,0.0,,0.0,Comment le SEO sert-il votre stratégie marketing ?,50.0,,0.0,Le SEO permet de mieux comprendre votre audience,48.0,La notion d’intention de recherche en SEO,41.0,"max-snippet:-1, max-image-preview:large, max-video-preview:15",,,,1200.0,https://www.journaldunet.com/seo/1508115-comment-le-seo-sert-il-votre-strategie-marketing/,,,,,,,150448.0,37334.0,1572.0,248.0,0,0,Fairly Easy,0,0.0,2.0,,4.0,1.0,0.0,0,77.0,62.0,0.0,63.0,61.0,0.0,,,,,9a90869b6af4cba5c511cc2538abe6c3,0,"Tue, 14 May 2024 11:51:53 GMT",https://www.journaldunet.com/seo/1508115-comment-le-seo-sert-il-votre-strategie-marketing/,Meta Refresh Redirect,,1.1,https://www.journaldunet.com/seo/1508115-comment-le-seo-sert-il-votre-strategie-marketing/,2024-05-14 14:13:11,0.0,0.0,0.0,0.0,,Indexable,,0,0,0,0,0,0,0,0,0
71,seo,14,https://www.hostinger.fr/tutoriels/quest-ce-que-le-seo-un-guide-complet,1,200.0,559.0,65.0,23.0,50.0,5.0,159.0,29.0,38.0,63.0,1186.0,8.0,1448.0,6.0,1186.0,888.2228092664385,1448.0,2906.418445366564,267.0,6.0,text/html; charset=UTF-8,200.0,OK,Indexable,,Qu'est ce que le SEO en 2024 (Search Engine Optimization),57.0,525.0,Le SEO (Search Engine Optimization) est l'optimisation des contenus web pour les moteurs de recherche. Apprenez plus dans cet article.,134.0,836.0,,0.0,0.0,,0.0,Qu’est ce que le SEO (Search Engine Optimization) ? Définitions et Stratégies,77.0,,0.0,Tutoriel Vidéo – Gérer le SEO de votre Site,43.0,Quels sont les facteurs qui influencent le SEO (Search Engine Optimization) ?,77.0,"index, follow, max-image-preview:large, max-snippet:-1, max-video-preview:-1",,,,,https://www.hostinger.fr/tutoriels/quest-ce-que-le-seo-un-guide-complet,,,,,,,226685.0,52457.0,7033.0,930.0,0,0,Fairly Easy,0,0.0,1.0,,19.0,1.0,0.0,0,58.0,28.0,0.0,41.0,38.0,0.0,,,,,45247fd99069495bf81d1871f50a7c18,0,"Tue, 14 May 2024 06:04:52 GMT",,,,1.1,https://www.hostinger.fr/tutoriels/quest-ce-que-le-seo-un-guide-complet,2024-05-14 14:13:07,0.0,0.0,0.0,0.0,,Indexable,,0,0,0,0,0,0,0,0,0
72,seo,15,https://www.redacteur.com/blog/definition/seo/,1,200.0,76.0,58.0,17.0,53.0,15.0,35.0,30.0,20.0,59.0,1162.0,3.0,1354.0,2.0,1162.0,561.0,1354.0,561.0,0.0,2.0,text/html; charset=UTF-8,200.0,OK,Indexable,,Qu'est-ce que le SEO ? Définition - Redacteur.com,49.0,440.0,Le SEO est un terme que l'on entend partout autour de nous quand on parle de rédaction web ou de référencement naturel. Mais que signifie ce sigle et,149.0,922.0,,0.0,0.0,,0.0,SEO,3.0,,0.0,Qu’est-ce que le SEO ?,22.0,Comment utiliser le SEO pour obtenir ces résultats ?,52.0,"index, follow, max-image-preview:large, max-snippet:-1, max-video-preview:-1",,,,,https://www.redacteur.com/blog/definition/seo/,,,,,,,114832.0,26013.0,917.0,146.0,0,0,Fairly Easy,0,0.0,3.0,,2.0,1.0,0.0,0,41.0,29.0,0.0,28.0,24.0,0.0,,,,,fc00015ceaf53fc32f09891dae7154b4,0,"Tue, 14 May 2024 03:18:10 GMT",,,,1.1,https://www.redacteur.com/blog/definition/seo/,2024-05-14 14:13:03,0.0,0.0,0.0,0.0,,Indexable,,0,0,0,0,0,0,0,0,0
73,seo,16,https://solutions.lesechos.fr/com-marketing/c/quest-ce-le-seo-13831/,1,200.0,191.0,74.0,30.0,67.0,266.0,1.0,22.0,7.0,76.0,900.0,2.0,1004.0,7.0,900.0,891.8391076666518,1004.0,1543.4112154287654,38.5,7.0,text/html; charset=UTF-8,200.0,OK,Indexable,,SEO : Les trois leviers principaux d'optimisation,49.0,421.0,"Le SEO (Search Engine Optimization) correspond à l’optimisation de sites internet pour les moteurs de recherche, tel que Google, le spécialiste mondial. ...",156.0,940.0,,0.0,0.0,,0.0,SEO : Les trois leviers principaux d'optimisation,49.0,,0.0,Qu’est-ce que le SEO : explications,35.0,Comment optimiser votre site via le référencement naturel ?,59.0,"index, follow",,,,,,,,,,,,52219.0,12446.0,1233.0,187.0,0,0,Fairly Easy,0,0.0,3.0,,0.0,0.0,0.0,0,35.0,22.0,0.0,7.0,7.0,0.0,,,,,8291785319ccbd0e03e571ce8a618771,0,,,,,1.1,https://solutions.lesechos.fr/com-marketing/c/quest-ce-le-seo-13831/,2024-05-14 14:12:59,0.0,0.0,0.0,0.0,,Indexable,,0,0,0,0,0,0,0,0,0
74,seo,17,https://mylittlebigweb.com/blogue/quest-ce-que-le-seo/,1,200.0,371.0,65.0,31.0,44.0,1.0,122.0,63.0,20.0,92.0,1919.0,3.0,2179.0,3.0,1919.0,751.6360202436997,2179.0,606.8926795244224,0.0,3.0,text/html; charset=UTF-8,200.0,OK,Indexable,,Qu’est-ce que le SEO ? Définitions et Explications,50.0,435.0,On vous apprend ce qu'est le SEO et on vous en dit plus sur les principaux critères pour se positionner #1 sur les moteurs de recherche.,136.0,824.0,,0.0,0.0,,0.0,Qu’est-ce que le SEO ?,22.0,,0.0,1. Qu'est-ce que le SEO? Les définitions,40.0,2. Pourquoi a-t-on besoin de SEO ?,34.0,"index, follow, max-image-preview:large, max-snippet:-1, max-video-preview:-1",,,,,https://mylittlebigweb.com/blogue/quest-ce-que-le-seo/,,,,,,,347801.0,59357.0,3777.0,570.0,0,0,Fairly Easy,0,0.0,2.0,,10.0,1.0,0.0,0,115.0,63.0,0.0,21.0,21.0,0.0,,,,,a08eab8b8a139be63c0e337d66d48419,0,,,,,1.1,https://mylittlebigweb.com/blogue/quest-ce-que-le-seo/,2024-05-14 14:13:10,0.0,0.0,0.0,0.0,,Indexable,,0,0,0,0,0,0,0,0,0
75,seo,18,https://www.thomascubel.com/le-seo-cest-quoi/,1,200.0,43.0,66.0,34.0,55.0,37.0,293.0,27.0,5.0,,,,,,,1148.7425675378759,,3244.3599768438507,740.9985719296128,,text/html; charset=UTF-8,200.0,,Indexable,,"Le SEO, C'est quoi ? - Thomas Cubel",35.0,319.0,"Au premier abord, le référencement naturel / SEO n'est pas quelque chose de facile à comprendre. En effet, lors d'entretiens téléphoniques ou écrits, j'ai pu",157.0,940.0,,0.0,0.0,,0.0,"Le SEO, C’est quoi ?",20.0,,0.0,Vidéo explicative,17.0,Définition,10.0,"follow, index, max-snippet:-1, max-video-preview:-1, max-image-preview:large",,,,,https://www.thomascubel.com/le-seo-cest-quoi/,,,,,,,67517.0,19370.0,1207.0,156.0,0,0,Normal,0,0.0,1.0,,1.0,1.0,0.0,0,36.0,26.0,0.0,5.0,5.0,0.0,,,,,37a7ddf87bfd3b3930da517d4d265e1,0,,,,,1.1,https://www.thomascubel.com/le-seo-cest-quoi/,2024-05-14 14:13:02,0.0,0.0,0.0,0.0,,Indexable,,0,0,0,0,0,0,0,0,0
76,seo,19,https://www.yumens.fr/expertise/seo/le-seo/strategie/,1,,,,,,,,,,84.0,1032.0,3.0,1457.0,22.0,1032.0,695.8791009123265,1457.0,695.8791009123265,0.0,22.0,text/html; charset=UTF-8,200.0,OK,Indexable,,Qu’est-ce qu’une stratégie SEO ? - Yumens,41.0,378.0,Le SEO (Search Engine Optimization) consiste à mettre en place des techniques pour générer du trafic qualifié vers son site web depuis les résultats,148.0,904.0,,0.0,0.0,,0.0,Qu’est-ce qu’une stratégie SEO ?,32.0,,0.0,Définir la cible de sa stratégie de référencement naturel,57.0,Mettre en place un plan d’actions SEO,37.0,"index, follow, max-image-preview:large, max-snippet:-1, max-video-preview:-1",,,,,https://www.yumens.fr/expertise/seo/le-seo/strategie/,,,,,,,266394.0,37507.0,1827.0,321.0,0,0,Normal,0,0.0,4.0,,2.0,2.0,0.0,0,74.0,22.0,0.0,11.0,11.0,0.0,,,,,b25eb865f5c6c6bc58d92e681e97615e,0,"Tue, 14 May 2024 08:22:25 GMT",,,,1.1,https://www.yumens.fr/expertise/seo/le-seo/strategie/,2024-05-14 14:12:59,0.0,0.0,0.0,0.0,,Indexable,,0,0,0,0,0,0,0,0,0
77,seo,20,https://blog.hubspot.fr/marketing/guide-seo-referencement,1,200.0,277.0,67.0,18.0,59.0,178.0,47.0,18.0,89.0,93.0,2307.0,3.0,2432.0,3.0,2307.0,1897.059951078836,2432.0,3822.073795561311,445.5000000000001,3.0,text/html; charset=UTF-8,200.0,OK,Indexable,,SEO : le guide pour réussir en 2024,35.0,309.0,Le SEO est un vaste domaine comportant plusieurs techniques pour améliorer la visibilité d'un site. Voici un guide sur ce qu'il faut savoir du SEO en 2023.,155.0,934.0,,0.0,0.0,,0.0,SEO : le guide pour réussir en 2024,35.0,,0.0,GUIDE ET MODÈLE POUR LA RECHERCHE DE MOTS-CLÉS,46.0,Qu'est-ce que le SEO ?,22.0,,,,,,https://blog.hubspot.fr/marketing/guide-seo-referencement,https://blog.hubspot.fr/marketing/guide-seo-referencement,,,,,,202460.0,38299.0,4185.0,582.0,0,0,Fairly Easy,0,0.0,1.0,,15.0,1.0,0.0,0,110.0,76.0,0.0,39.0,34.0,0.0,,,,,28c84f1130daf83e1c5fb4b3dd43d7aa,0,"Tue, 14 May 2024 11:34:25 GMT",,,,1.1,https://blog.hubspot.fr/marketing/guide-seo-referencement,2024-05-14 14:13:09,0.0,0.0,0.0,0.0,,Indexable,,0,0,0,0,0,0,0,0,0
78,seo in-guk,1,https://fr.wikipedia.org/wiki/Seo_In-guk,0,,,54.0,6.0,50.0,17.0,2.0,0.0,0.0,40.0,857.0,2.0,924.0,6.0,857.0,827.3041241898675,924.0,346.0512475371878,0.0,6.0,text/html; charset=UTF-8,200.0,OK,Indexable,,Seo In-guk — Wikipédia,22.0,206.0,,0.0,0.0,,0.0,0.0,,0.0,Seo In-guk,10.0,,0.0,Sommaire,8.0,Biographie[modifier | modifier le code],39.0,max-image-preview:standard,,,,,https://fr.wikipedia.org/wiki/Seo_In-guk,,,,,,,154013.0,30045.0,2809.0,555.0,0,0,Very Easy,0,0.0,1.0,,70.0,3.0,0.0,0,408.0,252.0,0.0,52.0,47.0,0.0,,,,,4ecf5d649791ef76291f143d29652857,0,"Tue, 14 May 2024 08:55:12 GMT",,,,1.1,https://fr.wikipedia.org/wiki/Seo_In-guk,2024-05-14 14:13:08,0.0,0.0,0.0,0.0,,Indexable,,0,0,0,0,0,0,0,0,0
79,seo in-guk,2,https://www.nautiljon.com/people/seo+in+guk.html,0,520.0,39.0,48.0,2.0,44.0,12.0,1.0,0.0,0.0,58.0,767.0,2.0,923.0,7.0,767.0,974.529632739649,923.0,1287.3064534493874,120.49999999999989,7.0,text/html; charset=UTF-8,520.0,,Non-Indexable,Server Error,,0.0,0.0,,0.0,0.0,,0.0,0.0,,0.0,,0.0,,0.0,,0.0,,0.0,,,,,,,,,,,,,7192.0,7192.0,0.0,,0,0,,0,0.0,1.0,,0.0,0.0,0.0,0,0.0,0.0,0.0,0.0,0.0,0.0,,,,,,0,,,,,1.1,https://www.nautiljon.com/people/seo+in+guk.html,2024-05-14 14:12:56,,,,,,,,0,0,0,0,0,0,0,0,0
80,seo in-guk,3,https://en.wikipedia.org/wiki/Seo_In-guk,0,,,68.0,9.0,63.0,190.0,7.0,0.0,0.0,,936.0,2.0,944.0,0.0,880.0,1124.7567678441878,910.0,606.4000000000001,2.0,0.0,text/html; charset=UTF-8,200.0,OK,Indexable,,Seo In-guk - Wikipedia,22.0,196.0,,0.0,0.0,,0.0,0.0,,0.0,Seo In-guk,10.0,,0.0,Contents,8.0,Early life and education[edit],30.0,max-image-preview:standard,,,,,https://en.wikipedia.org/wiki/Seo_In-guk,,,,,,,426822.0,75693.0,9729.0,2045.0,0,0,Very Easy,0,0.0,1.0,,372.0,3.0,0.0,0,1257.0,628.0,0.0,328.0,324.0,0.0,,,,,f94674130c93efbe74498ee853b7056f,0,"Sun, 12 May 2024 11:51:58 GMT",,,,1.1,https://en.wikipedia.org/wiki/Seo_In-guk,2024-05-14 14:12:58,0.0,0.0,0.0,0.0,,Indexable,,0,0,0,0,0,0,0,0,0
81,seo in-guk,4,https://www.instagram.com/seo_cccc/,0,,,70.0,22.0,64.0,1036.0,0.0,0.0,0.0,,977.0,3.0,3826.0,13.0,1009.0,4488.964434557579,3614.0,3803.2010355011244,1269.0000000000005,8.0,"text/html; charset=""utf-8""",200.0,OK,Indexable,,서인국 Seo In Guk (@seo_cccc) • Instagram photos and videos,56.0,520.0,"4M Followers, 0 Following, 442 Posts - See Instagram photos and videos from 서인국 Seo In Guk (@seo_cccc)",102.0,651.0,,0.0,0.0,,0.0,,0.0,,0.0,,0.0,,0.0,"noarchive, noimageindex",,,,,https://www.instagram.com/seo_cccc/,,,,,,,487283.0,110425.0,0.0,,0,0,,0,0.0,1.0,,2.0,2.0,0.0,0,0.0,0.0,0.0,0.0,0.0,0.0,,,,,b42e086a2f7549cc2ede5fbc9e825595,0,,,,,1.1,https://www.instagram.com/seo_cccc/,2024-05-14 14:13:06,0.0,0.0,0.0,0.0,,Indexable,,0,0,0,0,0,0,0,0,0
82,seo in-guk,5,https://www.seoinguk.fr/,0,,,,,,,,,,,,,,,,1410.4558993553171,,3536.26292266003,328.35796215707546,,text/html; charset=UTF-8,200.0,OK,Indexable,,Accueil | Seo In Guk France,27.0,241.0,,0.0,0.0,,0.0,0.0,,0.0,,0.0,,0.0,"Bienvenue sur le site français dedié au chanteur et acteur sud-coréen Seo In-Guk. Au delà de son talent d'acteur et chanteur, il est aussi auteur, compositeur, metteur en scène, réalisateur... Un homme aux multiples talents qui excelle dans tout ce qu'il fait. Ce site est un site de fans français et francophones vous permettant de découvrir toute l'étendue de son art. De nombreuses personnes le respectent et souhaitent se rencontrer pour partager ensemble et échanger des nouvelles le concernant.",500.0,Comptes officiels de Seo In-Guk,31.0,,,,,,https://www.seoinguk.fr/,,,,,,,715835.0,168146.0,211.0,34.0,0,0,Fairly Easy,0,0.0,0.0,,1.0,1.0,0.0,0,14.0,14.0,0.0,8.0,7.0,0.0,,,,,c1677e4982be330557ac38b6b9a993d,0,,,,,1.1,https://www.seoinguk.fr/,2024-05-14 14:13:06,0.0,0.0,0.0,0.0,,Indexable,,0,0,0,0,0,0,0,0,0
83,seo in-guk,6,https://fr.mydramalist.com/people/2576-seo-in-guk,0,200.0,592.0,67.0,4.0,,1.0,56.0,128.0,16.0,,1236.0,4.0,1541.0,4.0,1236.0,2436.6790121155436,1541.0,5171.369262319831,479.99999999999955,4.0,text/html; charset=UTF-8,200.0,OK,Indexable,,Seo In Guk (서인국)- MyDramaList,29.0,271.0,,0.0,0.0,,0.0,0.0,,0.0,Seo In Guk,10.0,Seo In Guk,10.0,Top Contributeurs,17.0,Discussions récentes,20.0,,,,,,https://fr.mydramalist.com/people/2576-seo-in-guk,,,,,,,102620.0,17751.0,1848.0,686.0,0,0,Very Easy,0,0.0,1.0,,7.0,1.0,0.0,0,201.0,129.0,0.0,17.0,11.0,0.0,,,,,b102c7bceac72bcdcad6f4926f365e44,0,,,,,1.1,https://fr.mydramalist.com/people/2576-seo-in-guk,2024-05-14 14:12:58,0.0,0.0,0.0,0.0,,Indexable,,0,0,0,0,0,0,0,0,0
84,seo in-guk,7,https://asianwiki.com/Seo_In-Guk,0,,,,,,,,,,41.0,1103.0,3.0,1243.0,1.0,1474.0,2721.062431401208,1856.0,2000.9370213139114,185.0,1.0,text/html; charset=UTF-8,403.0,Forbidden,Non-Indexable,Client Error,,0.0,0.0,,0.0,0.0,,0.0,0.0,,0.0,,0.0,,0.0,,0.0,,0.0,,,,,,,,,,,,,0.0,0.0,0.0,,0,0,,0,0.0,0.0,,1.0,1.0,0.0,0,0.0,0.0,0.0,0.0,0.0,0.0,,,,,,0,,,,,1.1,https://asianwiki.com/Seo_In-Guk,2024-05-14 14:12:57,,,,,,,,0,0,0,0,0,0,0,0,0
85,seo in-guk,8,https://k-gen.fr/tag/seo-in-guk/,0,200.0,139.0,48.0,0.0,,0.0,8.0,52.0,7.0,,2255.0,3.0,2537.0,66.0,2255.0,1533.2844468098908,2537.0,3176.6340425667113,28.0,66.0,text/html; charset=UTF-8,200.0,OK,Indexable,,Seo In Guk – K-GEN,18.0,176.0,,0.0,0.0,,0.0,0.0,,0.0,K-GEN,5.0,Étiquette : Seo In Guk,22.0,Votre première source française sur la K-Pop !,46.0,,0.0,max-image-preview:large,,,,,https://k-gen.fr/tag/seo-in-guk/,,,,,,,101750.0,23346.0,2034.0,263.0,0,0,Very Easy,0,0.0,2.0,,1.0,1.0,0.0,0,146.0,50.0,0.0,7.0,7.0,0.0,,,,,28ea435bc2af5cbda1b1fbc02b2969b6,0,,,,,1.1,https://k-gen.fr/tag/seo-in-guk/,2024-05-14 14:13:11,0.0,0.0,0.0,0.0,,Indexable,,0,0,0,0,0,0,0,0,0
86,seo in-guk,9,https://www.senscritique.com/contact/seo_in_guk/3513711,0,,,43.0,4.0,,0.0,5.0,0.0,0.0,,1532.0,3.0,1755.0,7.0,1532.0,1966.0517507273512,1755.0,3003.2528247470264,460.5,7.0,text/html; charset=utf-8,200.0,OK,Indexable,,Seo In-Guk - SensCritique,25.0,226.0,"Acteur et artiste musical sud coréen né le 22 octobre 1987 à Ulsan. Seo In-Guk est connu pour Projet Wolf Hunting, Master's Sun, Reply 1997, Le Jeu de la mort, Encore...",169.0,1034.0,,0.0,0.0,,0.0,Seo In-Guk,10.0,,0.0,Œuvres majeures : Seo In-Guk,28.0,collaborations,14.0,"index,follow,max-snippet:-1",,,,,https://www.senscritique.com/contact/seo_in_guk/3513711,,,,,,,286960.0,54219.0,264.0,93.0,0,0,Very Easy,0,0.0,2.0,,1.0,1.0,0.0,0,91.0,56.0,0.0,13.0,13.0,0.0,,,,,adee6a160b4e21bcc03541649b0f27fc,0,,,,,1.1,https://www.senscritique.com/contact/seo_in_guk/3513711,2024-05-14 14:13:07,0.0,0.0,0.0,0.0,,Indexable,,0,0,0,0,0,0,0,0,0
87,seo in-guk,10,https://open.spotify.com/intl-fr/artist/433F0GjVZRnsjP8ztGEso1,0,,,,,,,,,,,4904.0,16.0,8675.0,63.0,4904.0,4365.982120694125,8675.0,6499.704514551762,1568.9996410929361,63.0,text/html; charset=utf-8,200.0,OK,Indexable,,Seo In Guk | Spotify,20.0,172.0,Écoutez Seo In Guk sur Spotify. Artiste · 229K auditeurs mensuels.,66.0,408.0,,0.0,0.0,,0.0,,0.0,,0.0,,0.0,,0.0,,,,,,https://open.spotify.com/intl-fr/artist/433F0GjVZRnsjP8ztGEso1,,,,,,,10876.0,3528.0,0.0,,0,0,,0,0.0,2.0,,0.0,0.0,0.0,0,0.0,0.0,0.0,0.0,0.0,0.0,,,,,ab3fc283390e5e32b5e69a77ef310293,0,,,,,1.1,https://open.spotify.com/intl-fr/artist/433F0GjVZRnsjP8ztGEso1,2024-05-14 14:12:51,0.0,0.0,0.0,0.0,,Indexable,,0,0,0,0,0,0,0,0,0
88,seo in-guk,11,https://music.apple.com/fr/artist/seo-in-guk/386265621,1,,,,,,1.0,0.0,0.0,0.0,,1660.0,7.0,3572.0,1.0,1660.0,2454.542273723856,3572.0,2316.0,166.5,1.0,text/html,200.0,OK,Indexable,,‎Seo In Guk – Apple Music,25.0,227.0,"Écoutez la musique de Seo In Guk sur Apple Music. Découvrez les morceaux et albums les plus écoutés de Seo In Guk, comme Distant Fate, Even If There's No Miracle et plus encore.",177.0,1105.0,,0.0,0.0,"écouter, Seo In Guk, musique, morceaux, K-pop, apple music",58.0,Seo In Guk,10.0,Choisissez un pays ou une région,32.0,Dernier album,13.0,Classement des morceaux,23.0,,,,,,https://music.apple.com/fr/artist/seo-in-guk/386265621,,,,,,,433715.0,42555.0,812.0,296.0,0,0,Very Easy,0,0.0,3.0,,0.0,0.0,0.0,0,407.0,223.0,0.0,1.0,1.0,0.0,,,,,125b64311ae59b3cc664640fcf618ab,0,,,,,1.1,https://music.apple.com/fr/artist/seo-in-guk/386265621,2024-05-14 14:13:02,0.0,0.0,0.0,0.0,,Indexable,,0,0,0,0,0,0,0,0,0
89,seo in-guk,12,https://www.youtube.com/watch?v=34a7LkuXnp4,1,,,,,,,,,,81.0,1381.0,25.0,3491.0,18.0,1419.0,7097.387423647997,4685.0,8591.85,3080.5,17.0,text/html; charset=utf-8,200.0,OK,Indexable,,서인국(Seo In Guk) 'Fallen' Official MV - YouTube,46.0,400.0,"서인국(Seo In Guk) ‘Fallen’ Official MV2022.12.06 6PM (KST) Directed by 서인국, andreas_thegreekProduced by 안드레아스 픽쳐스, 카탈로그Lyrics by 서씨네Composed by 서씨네Arranged by ...",160.0,998.0,,0.0,0.0,"AER MUSIC, 아에르뮤직, 서인국, seoinguk, 레이나, 남영주",41.0,,0.0,,0.0,,0.0,,0.0,,,,,,https://www.youtube.com/watch?v=34a7LkuXnp4,,,,,,,960151.0,211281.0,30.0,4.0,0,0,Very Hard,0,0.0,0.0,,1.0,1.0,0.0,0,13.0,12.0,0.0,2.0,2.0,0.0,,,,,2b2ac57330046e5a1fe02d891fb3e694,0,,,,,1.1,https://www.youtube.com/watch?v=34a7LkuXnp4,2024-05-14 14:13:12,0.0,0.0,0.0,0.0,,Indexable,,0,0,0,0,0,0,0,0,0
90,seo in-guk,13,https://www.allocine.fr/personne/fichepersonne_gen_cpersonne=896221.html,1,,,46.0,16.0,,1.0,1.0,0.0,0.0,13.0,974.0,6.0,1621.0,12.0,974.0,936.4081932313331,1621.0,2371.7810791926895,247.5,12.0,text/html; charset=UTF-8,200.0,OK,Indexable,,Seo In-guk - AlloCiné,21.0,183.0,"Seo In-guk est un Acteur sud-coréen. Découvrez sa biographie, sa carrière en détail et toute son actualité",106.0,641.0,,0.0,0.0,,0.0,Seo In-guk,10.0,,0.0,Filmographie,12.0,Photo,5.0,"index,follow,max-snippet:-1,max-image-preview:large",noarchive,,,,,,,,,,,401874.0,52094.0,429.0,103.0,0,0,Very Easy,0,0.0,1.0,,3.0,2.0,0.0,0,15.0,14.0,0.0,0.0,0.0,0.0,,,,,f51ee66451815629944ee222277498f7,0,"Tue, 14 May 2024 11:19:02 GMT",,,,1.1,https://www.allocine.fr/personne/fichepersonne_gen_cpersonne=896221.html,2024-05-14 14:13:04,0.0,0.0,0.0,0.0,,Indexable,,0,0,0,0,0,0,0,0,0
91,seo in-guk,14,https://www.imdb.com/name/nm5364609/,1,,,66.0,29.0,63.0,137.0,4.0,0.0,0.0,,,,,,,,,,,,text/html; charset=utf-8,200.0,OK,Indexable,,Seo In-Guk - IMDb,17.0,158.0,"Seo In-Guk. Actor: Reply 1997. Seo In-Guk was born on 23 October 1987 in Ulsan, Korea. He is an actor, known for Reply 1997 (2012), Joogoonui Taeyang (2013) and Encore toi (2015).",179.0,1133.0,,0.0,0.0,Seo In-Guk,10.0,Seo In-Guk,10.0,,0.0,,0.0,,0.0,,,,,,https://www.imdb.com/name/nm5364609/,,,,,,,1093603.0,212207.0,638.0,256.0,0,0,Very Easy,0,0.0,2.0,,2.0,2.0,0.0,0,203.0,188.0,0.0,18.0,13.0,0.0,,,,,d41dd1b62e0cafc65e27d5d09132bcae,0,,,,,1.1,https://www.imdb.com/name/nm5364609/,2024-05-14 14:12:51,0.0,0.0,0.0,0.0,,Indexable,,0,0,0,0,0,0,0,0,0
92,seo in-guk,15,https://www.cinefil.com/star/seo-in-guk,1,,,43.0,0.0,,0.0,15.0,0.0,0.0,43.0,920.0,3.0,1140.0,7.0,920.0,1119.8909348863285,1140.0,2161.1137614503828,59.5,7.0,text/html; charset=UTF-8,200.0,OK,Indexable,,"Seo In-guk : sa biographie, filmographie, et quelques photos",60.0,529.0,"Seo In-guk : tous les films dans lesquels il a joué sont sur Cinefil. Sur Cinefil.com retrouvez tous les avis et critiques de films des internautes ainsi que toute l actualité du cinéma, les films, les bandes-annonces et les stars du cinéma",240.0,1402.0,,0.0,0.0,"Cinéma, cinema,",15.0,Seo In-guk,10.0,,0.0,Biographie,10.0,Informations personnelles,25.0,,,,,,https://www.cinefil.com/star/seo-in-guk,,,,,,,68272.0,11728.0,733.0,231.0,0,0,Very Easy,0,0.0,1.0,,3.0,1.0,0.0,0,200.0,152.0,0.0,0.0,0.0,0.0,,,,,82cbda99556a0173215808e43bae869,0,,,,,1.1,https://www.cinefil.com/star/seo-in-guk,2024-05-14 14:13:11,0.0,0.0,0.0,0.0,,Indexable,,0,0,0,0,0,0,0,0,0
93,seo in-guk,16,https://www.mkpop.fr/albums-kpop/artistes-masculins/seo-in-guk-love-love.html,1,,,,,,,,,,33.0,1305.0,4.0,2017.0,6.0,1305.0,1482.2649539388742,2017.0,1485.5131715957332,52.000000000000114,6.0,text/html; charset=UTF-8,200.0,OK,Indexable,,SEO IN GUK - Love & Love,24.0,230.0,"L’acteur et chanteur Seo In Guk présente son single album special, Love & Love ! Retrouvez-le directement sur votre boutique en ligne Mkpop.",140.0,865.0,,0.0,0.0,,0.0,SEO IN GUK - Love & Love,24.0,,0.0,,0.0,,0.0,,,,,,https://www.mkpop.fr/albums-kpop/artistes-masculins/seo-in-guk-love-love.html,,,,,,,99256.0,22583.0,473.0,90.0,0,0,Very Easy,0,0.0,2.0,,0.0,0.0,0.0,0,72.0,59.0,0.0,6.0,6.0,0.0,,,,,f77fa8811c2015d15cf86c457a96f5b9,0,,,,,1.1,https://www.mkpop.fr/albums-kpop/artistes-masculins/seo-in-guk-love-love.html,2024-05-14 14:13:03,0.0,0.0,0.0,0.0,,Indexable,,0,0,0,0,0,0,0,0,0
94,seo in-guk,17,https://koreasowls.fr/zoom-sur-seo-in-guk-entre-micro-et-camera/,1,200.0,82.0,63.0,8.0,,0.0,2522.0,94.0,14.0,24.0,3029.0,4.0,3338.0,3.0,3029.0,3690.2205270272502,3338.0,13666.856120631897,4060.995862370316,3.0,text/html; charset=UTF-8,200.0,OK,Indexable,,[Zoom Sur] Seo In Guk entre micro et caméra - K.OWLS,52.0,490.0,Découvrez l'étendue des talents de Seo In Guk à travers son parcours musical et cinématographique.,98.0,618.0,,0.0,0.0,,0.0,[Zoom Sur] Seo In Guk entre micro et caméra,43.0,,0.0,"Seo In Guk, qui est-ce ?",24.0,Seo In Guk sous le feu des projecteurs,38.0,"index, follow","index, follow, max-snippet:-1, max-image-preview:large, max-video-preview:-1",,,,https://koreasowls.fr/zoom-sur-seo-in-guk-entre-micro-et-camera/,,,,,,,199530.0,45076.0,1400.0,160.0,0,0,Easy,0,0.0,1.0,,0.0,0.0,0.0,0,167.0,92.0,0.0,22.0,14.0,0.0,,,,,f2978234534a952ac9336fad57810d3d,0,"Tue, 14 May 2024 03:02:50 GMT",,,,1.1,https://koreasowls.fr/zoom-sur-seo-in-guk-entre-micro-et-camera/,2024-05-14 14:13:08,0.0,0.0,0.0,0.0,,Indexable,,0,0,0,0,0,0,0,0,0
95,seo in-guk,18,"https://www.taiyou.fr/attr/295,1,0/1.html",1,200.0,48.0,,,,0.0,0.0,123.0,0.0,1.0,567.0,2.0,616.0,2.0,567.0,1678.368060562922,616.0,797.4945608081077,0.0,2.0,text/html; charset=UTF-8,200.0,OK,Indexable,,Seo In Guk - Artiste > TAIYOU,29.0,260.0,,0.0,0.0,,0.0,0.0,,0.0,Seo In Guk,10.0,,0.0,Seo In Guk - LOVE&LOVE - 2022 Single,36.0,,0.0,,,,,,,,,,,,,107717.0,26842.0,111.0,29.0,0,0,Very Easy,0,0.0,2.0,,4.0,1.0,0.0,0,160.0,134.0,0.0,0.0,0.0,0.0,,,,,707586f9bd20f2eb7860a01ff1afc0d0,0,,,,,1.1,"https://www.taiyou.fr/attr/295,1,0/1.html",2024-05-14 14:12:51,0.0,0.0,0.0,0.0,,Indexable,,0,0,0,0,0,0,0,0,0
96,seo in-guk,19,https://www.youtube.com/@seoinguk8178,1,,,55.0,7.0,50.0,9.0,0.0,0.0,0.0,,1246.0,2.0,1232.0,0.0,1080.0,919.0058271137783,1067.0,1135.2558271137787,23.0,0.0,application/binary,302.0,Found,Non-Indexable,Redirected,,0.0,0.0,,0.0,0.0,,0.0,0.0,,0.0,,0.0,,0.0,,0.0,,0.0,,,,,,,,,,,,,0.0,0.0,0.0,,0,0,,0,0.0,0.0,,2.0,2.0,0.0,0,0.0,0.0,0.0,0.0,0.0,0.0,,,,,,0,,https://consent.youtube.com/m?continue=https%3A%2F%2Fwww.youtube.com%2F%40seoinguk8178%3Fcbrd%3D1&gl=FR&m=0&pc=yt&cm=2&hl=fr&src=1,HTTP Redirect,,1.1,https://www.youtube.com/@seoinguk8178,2024-05-14 14:13:08,,,,,,,,0,0,0,0,0,0,0,0,0
97,seo in-guk,20,https://www.seriebox.com/people/in-guk-seo.html,1,,,,,,,,,,,708.0,1.0,1285.0,1.0,708.0,709.7762321107596,1285.0,1044.5789702144923,6.499999999999943,1.0,text/html,200.0,OK,Indexable,,Seo In Guk - Seriebox,21.0,189.0,Fiche de Seo In Guk,19.0,120.0,,0.0,0.0,,0.0,Seo In Guk,10.0,,0.0,Nationalité sud-coréenne,24.0,Acteur | Films,14.0,all,,,,,,,,,,,,24449.0,5099.0,369.0,136.0,0,0,Very Easy,0,0.0,1.0,,1.0,1.0,0.0,0,32.0,32.0,0.0,10.0,10.0,0.0,,,,,18b133e2863a22c47c2ce3f747346f79,0,,,,,1.1,https://www.seriebox.com/people/in-guk-seo.html,2024-05-14 14:13:01,0.0,0.0,0.0,0.0,,Indexable,,0,0,0,0,0,0,0,0,0
