,Keyword,Position,Url,Top10,HTTP code BABBAR,TTFB (en ms) BABBAR,Page Value BABBAR,Page Trust BABBAR,Semantic Value BABBAR,Backlinks BABBAR,Backlinks host BABBAR,Host Outlinks BABBAR,Outlinks BABBAR,Score_1fr,Desktop First Contentful Paint Terrain,Desktop First Input Delay Terain,Desktop Largest Contentful Paint Terrain,Desktop Cumulative Layout Shift Terrain,Desktop First Contentful Paint Lab,Desktop Speed Index Lab,Desktop Largest Contentful Paint Lab,Desktop Time to Interactive Lab,Desktop Total Blocking Time Lab,Desktop Cumulative Layout Shift Lab,Content Type,Status Code,Status,Indexability_x,Indexability Status_x,Title 1,Title 1 Length,Title 1 Pixel Width,Title 2,Title 2 Length,Title 2 Pixel Width,Meta Description 1,Meta Description 1 Length,Meta Description 1 Pixel Width,Meta Keywords 1,Meta Keywords 1 Length,H1-1,H1-1 Length,H1-2,H1-2 Length,H2-1,H2-1 Length,H2-2,H2-2 Length,Meta Robots 1,Meta Robots 2,Meta Robots 3,Meta Robots 4,X-Robots-Tag 1,Meta Refresh 1,Canonical Link Element 1,"rel=""next"" 1","rel=""prev"" 1","HTTP rel=""next"" 1","HTTP rel=""prev"" 1",amphtml Link Element,Size (bytes),Transferred (bytes),Word Count,Sentence Count,Average Words Per Sentence,Flesch Reading Ease Score,Readability,Text Ratio,Crawl Depth,Folder Depth,Link Score,Inlinks,Unique Inlinks,Unique JS Inlinks,% of Total,Outlinks,Unique Outlinks,Unique JS Outlinks,External Outlinks,Unique External Outlinks,Unique External JS Outlinks,Closest Similarity Match,No. Near Duplicates,Spelling Errors,Grammar Errors,Hash,Response Time,Last Modified,Redirect URL,Redirect Type,Cookies,HTTP Version,URL Encoded Address,Crawl Timestamp,Errors,Warnings,Total Types,Unique Types,Type-1,Indexability_y,Indexability Status_y,Title 1 score,Meta Description 1 score,Meta Keywords 1 score,H1-1 score,H1-2 score,H2-1 score,H2-2 score,Meta Robots 1 score,Url score
0,jd sport,1,https://www.jdsports.fr/,0,,,83.0,49.0,76.0,452696.0,24264.0,0.0,0.0,80.0,1123.0,13.0,2692.0,17.0,1715.0,2546.283756229272,2196.0,2773.707144185909,378.99999999999966,23.0,text/html;charset=UTF-8,200,OK,Indexable,,"JD Sports France - Offres et codes promo sur les Baskets, Vêtements & Accessoires",81,740,,0,0,"JD Sports France est le roi de la basket mais pas seulement. On te propose  de découvrir toutes les offres et promos sur les vêtements, chaussures et accessoires des plus grandes marques, comme Nike, adidas, Jordan ou encore New Balance. Des produits pour homme, femme et enfant.",279,1781,"jd sports, vêtements, robes, T-shirts, vestes, pulls, blouses, chemises",71,,0,,0,Sneakers,8,Homme,5,"index, follow",,,,,,https://www.jdsports.fr/,,,,,,296564,47257,2926,846.0,0,0,Very Easy,0,0,0,,7,4,0,0,711,627,0,41,40,0,,,,,986f17f48639d1ac04e899ca59d5d3c5,0,"Fri, 17 May 2024 09:53:53 GMT",,,,1.1,https://www.jdsports.fr/,2024-05-17 15:31:18,0.0,0.0,0.0,0.0,,Indexable,,0,0,0,0,0,0,0,0,0
1,jd sport,2,https://www.lemonde.fr/codespromo/jd-sports,0,200.0,44.0,62.0,43.0,47.0,1.0,70.0,120.0,28.0,,888.0,3.0,1144.0,8.0,888.0,826.1096071549828,1144.0,1038.0201459222294,5.5,8.0,text/html; charset=utf-8,200,OK,Indexable,,Code promo JD Sports : 70% de réduction en Mai 2024,51,483,,0,0,"Utilisez un code promo JD Sports valide en 2024 pour profiter de réductions. En Mai, 10% de réduction étudiante, et 10% pour une première commande.",147,936,,0,Code promo JD Sports en Mai valable en ligne,44,,0,25codes et réductions JD Sports valides,39,FAQ,3,"index,follow",,,,,,https://www.lemonde.fr/codespromo/jd-sports,,,,,,207357,45572,3791,626.0,0,0,Easy,0,0,1,,3,1,0,0,195,162,0,16,16,0,,,,,619b6e76b009e6676038bb3d3080dddf,0,,,,,1.1,https://www.lemonde.fr/codespromo/jd-sports,2024-05-17 15:31:22,0.0,0.0,0.0,0.0,,Indexable,,0,0,0,0,0,0,0,0,0
2,jd sport,3,https://fr.wikipedia.org/wiki/JD_Sports,0,,,49.0,23.0,45.0,10.0,3.0,0.0,0.0,19.0,657.0,,798.0,7.0,862.0,707.4509826533065,927.0,286.0,0.0,6.0,text/html; charset=UTF-8,200,OK,Indexable,,JD Sports — Wikipédia,21,198,,0,0,,0,0,,0,JD Sports,9,,0,Sommaire,8,Histoire[modifier | modifier le code],37,max-image-preview:standard,,,,,,https://fr.wikipedia.org/wiki/JD_Sports,,,,,,77100,17238,842,173.0,0,0,Easy,0,0,1,,37,1,0,0,159,112,0,37,28,0,,,,,525959009f2f30eaf21e7f96606a603d,0,"Mon, 06 May 2024 13:25:02 GMT",,,,1.1,https://fr.wikipedia.org/wiki/JD_Sports,2024-05-17 15:31:21,0.0,0.0,0.0,0.0,,Indexable,,0,0,0,0,0,0,0,0,0
3,jd sport,4,https://www.facebook.com/jdsports.fr/?locale=fr_FR,0,,,,,,,,,,,,,,,,,,,,,"text/html; charset=""utf-8""",200,OK,Non-Indexable,Canonicalised,JD Sports,9,87,,0,0,JD Sports. 3 849 719 J’aime · 4 764 en parlent · 6 206 personnes étaient ici. Télécharge ton App sur iPhone & Androïd via le lien suivant :...,142,866,,0,,0,,0,,0,,0,"noodp,noydir",,,,,,https://fr-fr.facebook.com/jdsports.fr,,,,,,793634,161481,0,,0,0,,0,0,1,,0,0,0,0,0,0,0,0,0,0,,,,,1b801da749dc60b505d6c30d26bf179f,0,,,,,1.1,https://www.facebook.com/jdsports.fr/?locale=fr_FR,2024-05-17 15:31:12,0.0,0.0,0.0,0.0,,Non-Indexable,Canonicalised,0,0,0,0,0,0,0,0,0
4,jd sport,5,https://www.instagram.com/jdsportsfrance/?hl=fr,0,,,,,,,,,,20.0,1018.0,4.0,3620.0,8.0,1018.0,4918.3135314162955,3620.0,3683.6018050059265,364.0,8.0,"text/html; charset=""utf-8""",200,OK,Non-Indexable,Canonicalised,JD Sports France (@jdsportsfrance) • Photos et vidéos Instagram,63,577,,0,0,"470K followers, 35 suivis, 12K publications - Voir les photos et vidéos Instagram de JD Sports France (@jdsportsfrance)",119,741,,0,,0,,0,,0,,0,"noarchive, noimageindex",,,,,,https://www.instagram.com/jdsportsfrance/,,,,,,493202,111030,0,,0,0,,0,0,1,,0,0,0,0,0,0,0,0,0,0,,,,,f10d9ee67a26f34c9500df0787decbe9,0,,,,,1.1,https://www.instagram.com/jdsportsfrance/?hl=fr,2024-05-17 15:31:07,0.0,0.0,0.0,0.0,,Non-Indexable,Canonicalised,0,0,0,0,0,0,0,0,0
5,jd sport,6,https://play.google.com/store/apps/details?id=com.jd.jdsports&hl=fr&gl=US,0,,,,,,,,,,,1315.0,3.0,1835.0,7.0,1570.0,985.7268339218053,2316.0,2328.9139230527126,189.50000000000045,8.0,text/html; charset=utf-8,200,OK,Non-Indexable,Canonicalised,JD Sports – Applications sur Google Play,40,363,,0,0,"Découvre les dernières baskets, chaussures, vêtements et accessoires.",69,441,,0,JD Sports,9,,0,À propos de l'application,25,Sécurité des données,20,NOODP,,,,,,https://play.google.com/store/apps/details?id=com.jd.jdsports&hl=fr,,,,,,1017082,149909,937,191.0,0,0,Easy,0,0,2,,0,0,0,0,41,32,0,3,3,0,,,,,27ef6d17dbf3fd617c989ea3ff68f63e,0,,,,,1.1,https://play.google.com/store/apps/details?id=com.jd.jdsports&hl=fr&gl=US,2024-05-17 15:31:19,0.0,0.0,0.0,0.0,,Non-Indexable,Canonicalised,0,0,0,0,0,0,0,0,0
6,jd sport,7,https://www.hellowork.com/fr-fr/entreprises/jd-sports-50135.html,0,,,71.0,35.0,55.0,13.0,32.0,0.0,0.0,49.0,639.0,2.0,776.0,1.0,783.0,1005.4246328282551,926.0,1580.3066377994364,136.0,3.0,text/html; charset=utf-8,200,OK,Indexable,,JD Sports Recrutement : Opportunités d’Emploi et Carrière | HelloWork,69,619,,0,0,Consultez les Dernières Offres d'Emploi de JD Sports sur HelloWork. ✓ Postulez en ligne dès Maintenant ✓ Candidature Simple & Rapide !,134,841,,0,JD Sports Recrutement,21,,0,Qui sommes-nous ?,17,594 offres d'emploi chez JD Sports,34,"index, follow",,,,,,https://www.hellowork.com/fr-fr/entreprises/jd-sports-50135.html,,,,,,331126,53966,1343,343.0,0,0,Very Easy,0,0,2,,5,1,0,0,71,65,0,6,6,0,,,,,d3ff5a8112ed75f2336f9b6e96a14bde,0,,,,,1.1,https://www.hellowork.com/fr-fr/entreprises/jd-sports-50135.html,2024-05-17 15:31:09,0.0,0.0,0.0,0.0,,Indexable,,0,0,0,0,0,0,0,0,0
7,jd sport,8,https://fashionunited.fr/tags/jd-sports,0,200.0,451.0,64.0,12.0,,0.0,21.0,14.0,0.0,13.0,684.0,3.0,1610.0,1.0,684.0,451.68047370728334,1610.0,1792.9693185899582,559.5,1.0,text/html; charset=utf-8,200,OK,Indexable,,JD Sports : Toute l'actualité,29,243,,0,0,Actualité et archives JD Sports.,32,195,,0,JD Sports : Toute l'actualité,29,,0,"JD Sports Fashion annonce le rachat de l'américain Hibbett pour 1,1 md de dollars",81,JD Sports Fashion s'envole après de bonnes ventes annuelles,59,,,,,,,https://fashionunited.fr/tags/jd-sports,,,,,,105683,13593,857,124.0,0,0,Easy,0,0,1,,1,1,0,0,15,15,0,0,0,0,,,,,95caa4429d702d378c70f0865f77cc29,0,"Fri, 17 May 2024 13:20:33 GMT",,,,1.1,https://fashionunited.fr/tags/jd-sports,2024-05-17 15:30:58,0.0,0.0,0.0,0.0,,Indexable,,0,0,0,0,0,0,0,0,0
8,jd sport,9,https://www.cdiscount.com/mpv-234309-j-d-sport.html,0,,,,,,,,,,88.0,1715.0,27.0,1991.0,3.0,1715.0,933.4914879231599,1991.0,1970.228306055334,486.9999999999999,3.0,text/html,202,Accepted,Indexable,,Captcha,7,75,,0,0,,0,0,,0,,0,,0,,0,,0,,,,,,,,,,,,,9310,9310,49,7.0,0,0,Normal,0,0,0,,0,0,0,0,0,0,0,0,0,0,,,,,d5151eb101c80a3e9fa94151306a9fbf,0,,,,,1.1,https://www.cdiscount.com/mpv-234309-j-d-sport.html,2024-05-17 15:31:20,0.0,0.0,0.0,0.0,,Indexable,,0,0,0,0,0,0,0,0,0
9,jd sport,10,https://fr.linkedin.com/company/jd-sports-france,0,,,,,,1.0,0.0,0.0,0.0,,1548.0,4.0,1679.0,8.0,1548.0,1267.9032816748881,1679.0,1555.0071150661884,186.5,8.0,text/html; charset=utf-8,200,OK,Indexable,,JD Sports France | LinkedIn,27,243,,0,0,"JD Sports France | 14 905 abonnés sur LinkedIn. Le roi anglais incontesté de la basket | En 2010, JD Sports s&#39;est développé sur le marché français, et vous pouvez maintenant nous trouver dans toute la France. 

Nous combinons le meilleur du retail physique et digital pour donner une proposition convaincante aux consommateurs avec plus de 900 magasins JD à travers 21 territoires dans le monde.

Fondé en 1981 avec un seul magasin dans le nord-ouest de l&#39;Angleterre, JD Sports est un détaillant multicanal leader de la mode sportive et des vêtements de sport et décontractés de marque.",594,3660,,0,JD Sports France,16,,0,Commerce de détail,18,À propos,8,"max-image-preview:large, noarchive",,,,,,https://fr.linkedin.com/company/jd-sports-france,,,,,,290250,29305,2241,439.0,0,0,Fairly Easy,0,0,1,,1,1,0,0,221,143,0,5,5,0,,,,,a7dfe23002147ee736c2efb421248234,0,,,,,1.1,https://fr.linkedin.com/company/jd-sports-france,2024-05-17 15:30:57,0.0,0.0,0.0,0.0,,Indexable,,0,0,0,0,0,0,0,0,0
10,jd sport,11,https://www.placedeshalles.com/boutiques/jd-sport/,1,200.0,174.0,60.0,25.0,,0.0,15.0,28.0,5.0,31.0,1127.0,2.0,1437.0,5.0,1127.0,1488.9920004690796,1437.0,1108.6762931521644,22.500000000000114,5.0,text/html; charset=UTF-8,200,OK,Indexable,,» JD Sport,10,91,,0,0,,0,0,,0,JD Sports,9,,0,Événements & Promos,19,,0,max-image-preview:large,,,,,,https://www.placedeshalles.com/boutiques/jd-sport/,,,,,,66470,15847,519,90.0,0,0,Fairly Easy,0,0,2,,1,1,0,0,36,30,0,6,4,0,,,,,2a6571fb7ce9167a8921e20666123f20,0,,,,,1.1,https://www.placedeshalles.com/boutiques/jd-sport/,2024-05-17 15:31:05,0.0,0.0,0.0,0.0,,Indexable,,0,0,0,0,0,0,0,0,0
11,jd sport,12,https://www.pagesjaunes.fr/pros/52854659,1,,,,,,0.0,0.0,0.0,0.0,37.0,1398.0,2.0,1792.0,2.0,1398.0,1296.5406970298009,1792.0,1747.0603118087724,105.0,2.0,text/html; charset=UTF-8,200,OK,Indexable,,JD Sport Fashion Evry - Magasin de sport (adresse),50,451,,0,0,"JD Sport Fashion à Evry Magasins de sport : adresse, photos, retrouvez les coordonnées et informations sur le professionnel",123,770,,0,JD Sport Fashion,16,,0,Outils,6,Produits,8,,,,,,,https://www.pagesjaunes.fr/pros/52854659,,,,,,129363,27207,1013,215.0,0,0,Very Easy,0,0,1,,39,1,0,0,66,26,0,7,3,0,,,,,a8cd963cd0ea7f8b1f8049dea007796a,0,,,,,1.1,https://www.pagesjaunes.fr/pros/52854659,2024-05-17 15:31:21,0.0,0.0,0.0,0.0,,Indexable,,0,0,0,0,0,0,0,0,0
12,jd sport,13,https://www.lyst.com/fr-fr/boutique/jd-sports-store/,1,,,51.0,8.0,,1.0,16.0,0.0,0.0,,1705.0,4.0,1909.0,10.0,1705.0,1775.7055429942654,1909.0,3401.256255020332,1161.499751282496,10.0,text/html; charset=utf-8,200,OK,Indexable,,Découvrez la boutique JD Sports en ligne | Nouveautés et articles tendance | Lyst,81,715,,0,0,Découvrez une large sélection de vêtements et accessoires chez JD Sports sur Lyst. Plus de 1000 articles disponibles.,117,733,,0,Boutique JD Sports,18,,0,Nous avons trouvé 500+ articles dans 1 de nos boutiques,55,,0,,,,,,,https://www.lyst.com/fr-fr/boutique/jd-sports-store/,https://www.lyst.com/fr-fr/boutique/jd-sports-store/?page=2,,,,,460758,70835,1312,488.0,0,0,Very Easy,0,0,3,,19,1,0,0,177,145,0,1,1,0,,,,,351395545d6c580a207e2e73b398f28c,0,,,,,1.1,https://www.lyst.com/fr-fr/boutique/jd-sports-store/,2024-05-17 15:31:14,0.0,0.0,0.0,0.0,,Indexable,,0,0,0,0,0,0,0,0,0
13,jd sport,14,https://fr.fashionnetwork.com/tags-jd-sports,1,200.0,337.0,46.0,5.0,,0.0,18.0,90.0,681.0,,2508.0,3.0,2676.0,24.0,2508.0,1469.81849677815,2676.0,2166.0489927442954,159.50000000000057,24.0,text/html; charset=utf-8,200,OK,Indexable,,JD Sports - FashionNetwork.com France,37,358,,0,0,"JD Sports - Le réseau des professionnels de la mode, du luxe et de la beauté",76,470,"réseau, contact, mode, textile, parfum, cosmétiques, beauté, luxe, professionnel, professionnels",96,News,4,News,4,Résultats JD Sports,19,Delsey Paris: atterrissage sur les Champs-Élysées,49,"index,follow,all",,,,,,https://fr.fashionnetwork.com/tags-jd-sports,,,,,,709760,102182,7860,1674.0,0,0,Fairly Hard,0,0,0,,1,1,0,0,1443,746,0,32,31,0,,,,,10f1e4f92829bbec7180c387cb248dfb,0,,,,,1.1,https://fr.fashionnetwork.com/tags-jd-sports,2024-05-17 15:31:12,0.0,0.0,0.0,0.0,,Indexable,,0,0,0,0,0,0,0,0,0
14,jd sport,15,https://www.centre-best.com/page/jd-sport,1,200.0,1166.0,57.0,,54.0,1.0,0.0,260.0,9.0,55.0,1949.0,2.0,2124.0,2.0,1949.0,1745.6790594599615,2124.0,1874.8443853786944,124.0,2.0,text/html; charset=UTF-8,200,OK,Indexable,,JD SPORT,8,92,,0,0,JD SPORT,8,64,JD SPORT,8,JD SPORT,8,,0,,0,,0,,,,,,,,,,,,,94178,16009,173,35.0,0,0,Easy,0,0,1,,1,1,0,0,207,202,0,10,9,0,,,,,f6315bf038a8b971304386b1aa29cc27,0,,,,,1.1,https://www.centre-best.com/page/jd-sport,2024-05-17 15:31:02,0.0,0.0,0.0,0.0,,Indexable,,0,0,0,0,0,0,0,0,0
15,jd sport,16,https://fr.trustpilot.com/review/jdsports.fr,1,,,,,,1.0,0.0,0.0,0.0,56.0,1200.0,3.0,1312.0,3.0,1200.0,1477.3621534930935,1312.0,4399.302168626813,1145.0000000000002,3.0,text/html; charset=utf-8,200,OK,Indexable,,Avis de JD Sports France | Lisez les avis marchands de jdsports.fr,66,579,,0,0,55 714 personnes ont déjà évalué JD Sports France. Apprenez-en plus sur leurs expériences et partagez la vôtre !,112,702,,0,JD Sports France Avis,21,,0,Écrire un avis,14,"Avis 3,6",8,"max-image-preview:large, max-snippet:-1, max-video-preview:-1",,,,,,https://fr.trustpilot.com/review/jdsports.fr,https://fr.trustpilot.com/review/jdsports.fr?page=2,,,,,464337,73753,2701,684.0,0,0,Easy,0,0,1,,1,1,0,0,104,90,0,11,10,0,,,,,f35720ddf7876d63a2db8200a6ad6086,0,,,,,1.1,https://fr.trustpilot.com/review/jdsports.fr,2024-05-17 15:31:10,0.0,0.0,0.0,0.0,,Indexable,,0,0,0,0,0,0,0,0,0
16,jd sport,17,https://val-d-europe.klepierre.fr/boutiques-restaurants/jd-sports,1,200.0,243.0,52.0,13.0,,1.0,14.0,28.0,9.0,,1031.0,3.0,1476.0,22.0,1031.0,1026.8387575332422,1476.0,641.0021219003991,7.0,22.0,text/html; charset=UTF-8,200,OK,Indexable,,"JD Sports Marne-la-Vallée : horaires, accès et bons plans - Val D'Europe",72,626,,0,0,"JD Sports au centre commercial Val D'Europe : Horaires-Reduction-Contacts, toutes les informations utiles sur notre site.",121,748,,0,JD SPORTS,9,,0,VOUS EN VOULEZ PLUS ? VOUS AIMEREZ PEUT-ÊTRE,44,,0,"index,follow",,,,,,https://val-d-europe.klepierre.fr/boutiques-restaurants/jd-sports,,,,,,2090328,248580,358,81.0,0,0,Easy,0,0,1,,0,0,0,0,43,29,0,8,8,0,,,,,434c4cda64214c36118382718306b591,0,,,,,1.1,https://val-d-europe.klepierre.fr/boutiques-restaurants/jd-sports,2024-05-17 15:31:09,0.0,0.0,0.0,0.0,,Indexable,,0,0,0,0,0,0,0,0,0
17,jd sport,18,"https://www.lsa-conso.fr/jd-sports-a-ouvert-215-magasins-en-un-an-et-ce-n-est-pas-fini,455124",1,,,46.0,9.0,39.0,1.0,12.0,0.0,0.0,52.0,980.0,3.0,1413.0,17.0,980.0,1534.0743816874508,1413.0,2613.265659887936,107.5,17.0,text/html; charset=UTF-8,200,OK,Indexable,,"JD Sports a ouvert 215 magasins en un an, et ce n’est pas fini…",63,555,,0,0,JD Sports Fashion vient de dévoiler ses résultats annuels pour son exercice décalé (fin au 3 février 2024). Le groupe britannique a fait...-Mode & Sport,152,925,,0,"JD Sports a ouvert 215 magasins en un an, et ce n’est pas fini…",63,,0,Mon actualité personnalisable,29,Arrivée sur les Champs-Elysées,30,max-snippet:160,max-image-preview:large,max-video-preview:5,"index,follow,archive",,,"https://www.lsa-conso.fr/jd-sports-a-ouvert-215-magasins-en-un-an-et-ce-n-est-pas-fini,455124",,,,,,197950,38331,1454,247.0,0,0,Fairly Easy,0,0,0,,13,1,0,0,132,101,0,36,29,0,,,,,b72941ec45aeedfc92dd01a58109a892,0,,,,,1.1,"https://www.lsa-conso.fr/jd-sports-a-ouvert-215-magasins-en-un-an-et-ce-n-est-pas-fini,455124",2024-05-17 15:31:13,0.0,0.0,0.0,0.0,,Indexable,,0,0,0,0,0,0,0,0,0
18,jd sport,19,https://www.dealabs.com/codes-promo/jd-sports,1,200.0,1113.0,68.0,27.0,,0.0,669.0,112.0,0.0,74.0,1092.0,2.0,1538.0,3.0,1092.0,1192.9118020385765,1538.0,1440.9687785564279,245.99577221526533,3.0,text/html; charset=utf-8,200,OK,Indexable,,Code promo JD Sports : 50% en Mai | 29 offres disponibles,57,516,,0,0,"Découvrez tous nos Code JD Sports validés par nos experts de la promo en Mai 2024 ! Actuellement, 29 offres à utiliser sur vos achats avec Dealabs",146,917,,0,Code promo JD Sports en Mai 2024,32,,0,Économisez avec nos Code JD Sports valides ! 29 offres disponibles aujourd'hui,78,"Ces offres sont expirées, mais marchent peut-être encore !",58,"max-snippet:-1, max-image-preview:standard","index, follow",,,,,https://www.dealabs.com/codes-promo/jd-sports,,,,,,469731,71727,2254,528.0,0,0,Easy,0,0,1,,1,1,0,0,162,121,0,0,0,0,,,,,434e75573150a7691688b575119bf6f4,0,,,,,1.1,https://www.dealabs.com/codes-promo/jd-sports,2024-05-17 15:31:01,0.0,0.0,0.0,0.0,,Indexable,,0,0,0,0,0,0,0,0,0
19,jd sport,20,https://www.latribune.fr/entreprises-finance/services/distribution/le-britannique-jd-sports-s-offre-le-francais-courir-apres-avoir-rachete-gap-france-977089.html,1,,,44.0,2.0,40.0,4.0,1.0,0.0,0.0,49.0,1230.0,6.0,1991.0,12.0,1230.0,2096.2063219274764,1991.0,3552.268951578443,208.00000000000068,12.0,text/html; charset=UTF-8,200,OK,Indexable,,"Le britannique JD Sports s'offre le français Courir, après avoir racheté Gap France",83,717,,0,0,Le groupe britannique de vêtements et accessoires de sport a annoncé ce jeudi...,80,503,,0,Distribution,12,"Le britannique JD Sports s'offre le français Courir, après avoir racheté Gap France",83,Une « nouvelle dimension » aux marques de JD Sport,50,Deuxième rachat de l'année,26,"max-snippet:-1, max-image-preview:large, max-video-preview:10",,,,,,https://www.latribune.fr/entreprises-finance/services/distribution/le-britannique-jd-sports-s-offre-le-francais-courir-apres-avoir-rachete-gap-france-977089.html,,,,,,355205,50366,2702,606.0,0,0,Easy,0,0,3,,8,1,0,0,418,183,0,31,14,0,,,,,f10b84c9404826cb2aeb0617320f1654,0,"Thu, 21 Sep 2023 13:54:40 GMT",,,,1.1,https://www.latribune.fr/entreprises-finance/services/distribution/le-britannique-jd-sports-s-offre-le-francais-courir-apres-avoir-rachete-gap-france-977089.html,2024-05-17 15:31:01,0.0,0.0,0.0,0.0,,Indexable,,0,0,0,0,0,0,0,0,0
20,le 10 sport,1,https://le10sport.com/,0,200.0,344.0,87.0,62.0,77.0,8774.0,167911.0,68.0,9.0,72.0,719.0,3.0,1092.0,6.0,1002.0,705.95329370014,1179.0,2324.915671913365,219.5000000000001,27.0,text/html; charset=UTF-8,200,OK,Indexable,,"Le10sport.com : l'actu du sport en direct : Football, Mercato, F1, Tennis, NBA, Rugby",85,737,,0,0,"Retrouvez toute l'actualité du sport en continu et en direct : Football, Mercato, F1, Tennis, NBA, Rugby et plus encore",119,717,,0,"L'actualité du sport : Football, Mercato, F1, Tennis, NBA, Rugby",64,,0,,0,,0,"index, follow, max-snippet:-1",noarchive,,,,,https://le10sport.com/,,,,,,158852,33689,3594,588.0,0,0,Very Easy,0,0,0,,3,1,0,0,88,83,0,7,7,0,,,,,dae6ad9517a9629b39eff33a89728fd5,0,"Fri, 17 May 2024 13:30:36 GMT",,,,1.1,https://le10sport.com/,2024-05-17 15:31:08,0.0,0.0,0.0,0.0,,Indexable,,0,0,0,0,0,0,0,0,0
21,le 10 sport,2,https://www.facebook.com/le10sport/?locale=fr_FR,0,,,,,,,,,,,,,,,,,,,,,"text/html; charset=""utf-8""",200,OK,Non-Indexable,Canonicalised,Le 10 Sport,11,101,,0,0,"Le 10 Sport. 194 788 J’aime · 6 215 en parlent. Tous les sports, tout le foot et les infos mercato, c'est ici : https://le10sport.com",133,795,,0,,0,,0,,0,,0,"noodp,noydir",,,,,,https://fr-fr.facebook.com/le10sport,,,,,,966903,193762,0,,0,0,,0,0,1,,0,0,0,0,0,0,0,0,0,0,,,,,ab2699b0f8f88ea3cd29b8e24573042b,0,,,,,1.1,https://www.facebook.com/le10sport/?locale=fr_FR,2024-05-17 15:31:10,0.0,0.0,0.0,0.0,,Non-Indexable,Canonicalised,0,0,0,0,0,0,0,0,0
22,le 10 sport,3,https://www.youtube.com/le10sport,0,,,59.0,39.0,52.0,57862.0,0.0,0.0,0.0,,,,,,,,,,,,application/binary,302,Found,Non-Indexable,Redirected,,0,0,,0,0,,0,0,,0,,0,,0,,0,,0,,,,,,,,,,,,,0,0,0,,0,0,,0,0,0,,1,1,0,0,0,0,0,0,0,0,,,,,,0,,https://consent.youtube.com/m?continue=https%3A%2F%2Fwww.youtube.com%2Fle10sport%3Fcbrd%3D1&gl=FR&m=0&pc=yt&cm=2&hl=fr&src=1,HTTP Redirect,,1.1,https://www.youtube.com/le10sport,2024-05-17 15:31:08,,,,,,,,0,0,0,0,0,0,0,0,0
23,le 10 sport,4,https://www.dailymotion.com/le10sport,0,200.0,61.0,63.0,39.0,57.0,90434.0,6.0,43.0,0.0,7.0,1908.0,5.0,6329.0,13.0,1908.0,693.7079372274366,6329.0,621.552966617545,0.0,13.0,text/html; charset=UTF-8,200,OK,Indexable,,Vidéos de le10sport - Dailymotion,33,296,,0,0,"Suivez tout le Foot : info transfert, mercato, direct, coulisses... et tout le sport (Formule1, Rugby, Cyclisme, Basket...) avec des reportages, vidéos, et exclusivités.",169,989,,0,le10sport,9,,0,,0,,0,,,,,,,,https://www.dailymotion.com/le10sport/videos/2,,,,,62580,10923,495,153.0,0,0,Very Easy,0,0,0,,2,2,0,0,44,44,0,0,0,0,,,,,8cc4868d3fbe300a260ded0d778ebd94,0,"Fri, 17 May 2024 07:26:54 GMT",,,,1.1,https://www.dailymotion.com/le10sport,2024-05-17 15:30:56,0.0,0.0,0.0,0.0,,Indexable,,0,0,0,0,0,0,0,0,0
24,le 10 sport,5,https://www.instagram.com/le10sport/,0,,,45.0,0.0,41.0,2.0,0.0,0.0,0.0,20.0,1018.0,4.0,3620.0,8.0,1018.0,3471.820301558681,3620.0,3119.3019896618143,415.99999999999955,8.0,"text/html; charset=""utf-8""",200,OK,Indexable,,Le 10 Sport (@le10sport) • Instagram photos and videos,54,495,,0,0,"1,748 Followers, 492 Following, 144 Posts - See Instagram photos and videos from Le 10 Sport (@le10sport)",105,671,,0,,0,,0,,0,,0,"noarchive, noimageindex",,,,,,https://www.instagram.com/le10sport/,,,,,,488199,110021,0,,0,0,,0,0,1,,0,0,0,0,0,0,0,0,0,0,,,,,9ee2524eac0c206778c3e36eb54bb713,0,,,,,1.1,https://www.instagram.com/le10sport/,2024-05-17 15:31:02,0.0,0.0,0.0,0.0,,Indexable,,0,0,0,0,0,0,0,0,0
25,le 10 sport,6,https://fr.trustpilot.com/review/le10sport.com,0,,,,,,0.0,0.0,0.0,0.0,22.0,1200.0,3.0,1312.0,3.0,1200.0,1224.0863081070916,1312.0,4234.192261953266,1302.746556762339,3.0,text/html; charset=utf-8,200,OK,Indexable,,Avis de Le 10 Sport | Lisez les avis marchands de le10sport.com,63,565,,0,0,Rejoignez les 144 personnes qui ont déjà évalué Le 10 Sport. Votre expérience peut aider les autres consommateurs à effectuer des achats plus éclairés.,151,945,,0,Le 10 Sport Avis,16,,0,Écrire un avis,14,"Avis 1,2",8,"max-image-preview:large, max-snippet:-1, max-video-preview:-1",,,,,,https://fr.trustpilot.com/review/le10sport.com,https://fr.trustpilot.com/review/le10sport.com?page=2,,,,,400431,69448,1905,447.0,0,0,Easy,0,0,1,,1,1,0,0,101,88,0,10,9,0,,,,,6598ab1641a20a3259ec9deba7ceca12,0,,,,,1.1,https://fr.trustpilot.com/review/le10sport.com,2024-05-17 15:31:03,0.0,0.0,0.0,0.0,,Indexable,,0,0,0,0,0,0,0,0,0
26,le 10 sport,7,https://www.youtube.com/user/le10sport,0,,,,,,2.0,0.0,0.0,0.0,97.0,,,,,,,,,,,application/binary,302,Found,Non-Indexable,Redirected,,0,0,,0,0,,0,0,,0,,0,,0,,0,,0,,,,,,,,,,,,,0,0,0,,0,0,,0,0,1,,0,0,0,0,0,0,0,0,0,0,,,,,,0,,https://consent.youtube.com/m?continue=https%3A%2F%2Fwww.youtube.com%2Fuser%2Fle10sport%3Fcbrd%3D1&gl=FR&m=0&pc=yt&cm=2&hl=fr&src=1,HTTP Redirect,,1.1,https://www.youtube.com/user/le10sport,2024-05-17 15:31:03,,,,,,,,0,0,0,0,0,0,0,0,0
27,le 10 sport,8,https://fr.wikipedia.org/wiki/Le_10_Sport,0,,,50.0,3.0,46.0,24.0,1.0,0.0,0.0,80.0,862.0,2.0,927.0,6.0,862.0,1238.13501753244,927.0,792.75,5.5,6.0,text/html; charset=UTF-8,200,OK,Indexable,,Le 10 Sport — Wikipédia,23,212,,0,0,,0,0,,0,Le 10 Sport,11,,0,Sommaire,8,Historique[modifier | modifier le code],39,max-image-preview:standard,,,,,,https://fr.wikipedia.org/wiki/Le_10_Sport,,,,,,114592,24280,2120,543.0,0,0,Very Easy,0,0,1,,40,1,0,0,502,417,0,37,34,0,,,,,987017a47e2075d29eb8a1814d8866ee,0,"Sun, 05 May 2024 13:43:38 GMT",,,,1.1,https://fr.wikipedia.org/wiki/Le_10_Sport,2024-05-17 15:31:13,0.0,0.0,0.0,0.0,,Indexable,,0,0,0,0,0,0,0,0,0
28,le 10 sport,9,https://www.info-presse.fr/magazine/10-sport-magazine-L5486.htm,0,,,,,,,,,,63.0,1213.0,2.0,1355.0,10.0,1213.0,1136.3341337472602,1355.0,2739.577318694496,205.0,10.0,text/html; charset=utf-8,200,OK,Indexable,,magazine Le 10 Sport vendu au numéro,36,352,,0,0,"Achetez le magazine Le 10 Sport, InfoPresse, centrale d'abonnement à prix réduits. Abonnements de journaux, magazines, quotidiens, mensuels, revues d'actualités, presse économique, divertissements. Plus de 1000 magazines.",221,1410,,0,Achat au numéro : Le 10 Sport,29,,0,votre numéroen cours,20,les tarifs,10,,,,,,,https://www.info-presse.fr/magazine/10-sport-magazine-L5486.htm,,,,,,199957,47541,160,45.0,0,0,Very Easy,0,0,1,,76,1,0,0,620,320,0,5,4,0,,,,,6eb8a56df48fb5df267f1737d51723df,0,,,,,1.1,https://www.info-presse.fr/magazine/10-sport-magazine-L5486.htm,2024-05-17 15:31:16,0.0,0.0,0.0,0.0,,Indexable,,0,0,0,0,0,0,0,0,0
29,le 10 sport,10,https://m.facebook.com/le10sport/?locale=ru_RU,0,,,,,,,,,,1.0,,,,,,,,,,,text/html; charset=utf-8,302,Found,Non-Indexable,Redirected,,0,0,,0,0,,0,0,,0,,0,,0,,0,,0,,,,,,,,,,,,,0,0,0,,0,0,,0,0,1,,0,0,0,0,0,0,0,0,0,0,,,,,,0,,https://m.facebook.com/login.php?next=https%3A%2F%2Fm.facebook.com%2Fle10sport%2F%3Flocale%3Dru_RU&refsrc=deprecated&locale2=ru_RU&_rdr,HTTP Redirect,,1.1,https://m.facebook.com/le10sport/?locale=ru_RU,2024-05-17 15:31:07,,,,,,,,0,0,0,0,0,0,0,0,0
30,le 10 sport,11,https://direct-editeurs.fr/magazine/15486_le-10-sport_461;jsessionid=9A5FDC3C937454D2947557CA1CBB47E5,1,,,,,,,,,,1.0,694.0,2.0,1059.0,2.0,694.0,913.2653464317495,1059.0,890.5915311969488,0.0,2.0,text/html;charset=UTF-8,200,,Indexable,,Direct-éditeurs - * Le service-client des diffuseurs de presse *,64,536,,0,0,,0,0,,0,LE 10 SPORT,11,Autres Parutions,16,,0,,0,,,,,,,,,,,,,122196,9760,455,221.0,0,0,Very Easy,0,0,1,,5,1,0,0,51,27,0,3,3,0,,,,,1e3c36eeb3849f9fb2abf7f032225eec,0,,,,,1.1,https://direct-editeurs.fr/magazine/15486_le-10-sport_461;jsessionid=9A5FDC3C937454D2947557CA1CBB47E5,2024-05-17 15:30:57,0.0,0.0,0.0,0.0,,Indexable,,0,0,0,0,0,0,0,0,0
31,le 10 sport,12,https://muckrack.com/media-outlet/le10sport,1,200.0,575.0,41.0,,,0.0,3.0,60.0,47.0,37.0,1570.0,3.0,1624.0,1.0,1570.0,736.6063965848614,1624.0,2576.587750537533,144.5,1.0,text/html; charset=UTF-8,403,Forbidden,Non-Indexable,Client Error,,0,0,,0,0,,0,0,,0,,0,,0,,0,,0,,,,,,,,,,,,,0,0,0,,0,0,,0,0,1,,0,0,0,0,0,0,0,0,0,0,,,,,,0,,,,,1.1,https://muckrack.com/media-outlet/le10sport,2024-05-17 15:31:21,,,,,,,,0,0,0,0,0,0,0,0,0
32,le 10 sport,13,https://www.sportstrategies.com/societe/le-10-sport/,1,,,,,,0.0,0.0,0.0,0.0,13.0,2054.0,3.0,2471.0,19.0,2054.0,1581.6558675913957,2471.0,1642.171847733906,31.0,19.0,text/html; charset=UTF-8,200,OK,Indexable,,LE 10 SPORT | Sport Stratégies,30,273,,0,0,,0,0,,0,LE 10 SPORT,11,,0,,0,,0,max-image-preview:large,,,,,,https://www.sportstrategies.com/societe/le-10-sport/,,,,,,94538,20527,489,71.0,0,0,Easy,0,0,2,,0,0,0,0,47,34,0,11,11,0,,,,,fd265e89258d11ae275ecd1f6d01f2c3,0,"Wed, 15 May 2024 17:35:04 GMT",,,,1.1,https://www.sportstrategies.com/societe/le-10-sport/,2024-05-17 15:31:10,0.0,0.0,0.0,0.0,,Indexable,,0,0,0,0,0,0,0,0,0
33,le 10 sport,14,https://direct-editeurs.fr/magazine/15486_le-10-sport_403;jsessionid=F46C4BBAB09C603B4959BD0C61FCA7C3,1,,,,,,,,,,1.0,694.0,2.0,1059.0,2.0,694.0,1053.0489420845709,1059.0,885.0053526360011,0.0,2.0,text/html;charset=UTF-8,200,,Indexable,,Direct-éditeurs - * Le service-client des diffuseurs de presse *,64,536,,0,0,,0,0,,0,LE 10 SPORT,11,Autres Parutions,16,,0,,0,,,,,,,,,,,,,122196,9770,455,221.0,0,0,Very Easy,0,0,1,,5,1,0,0,51,27,0,3,3,0,,,,,94970c332c71f5ac5a677478dabef09b,0,,,,,1.1,https://direct-editeurs.fr/magazine/15486_le-10-sport_403;jsessionid=F46C4BBAB09C603B4959BD0C61FCA7C3,2024-05-17 15:31:14,0.0,0.0,0.0,0.0,,Indexable,,0,0,0,0,0,0,0,0,0
34,le 10 sport,15,https://abonnement-magazine.fnac.com/magazine-le-10-sport-edition-nationale.html,1,,,,,,0.0,0.0,0.0,0.0,45.0,1772.0,4.0,1927.0,3.0,1772.0,1898.7398751250253,1927.0,2350.488076870705,121.5,3.0,text/html; charset=UTF-8,200,OK,Indexable,,Le 10 Sport - Edition Nationale - Abonnement magazine Le 10 Sport - Edition Nationale,85,759,,0,0,Le 10 Sport - Edition Nationale - Retrouvez vos magazines préférés sur le kiosque magazine de Fnac. Abonnements magazines pas cher en ligne !,141,898,Foot|Football|sport,19,Abonnement à Le 10 Sport - Edition Nationale,44,,0,Aucune offre disponible pour Le 10 Sport - Edition Nationale en ce moment.,74,Présentation du magazine Le 10 Sport - Edition Nationale,56,"INDEX,FOLLOW",,,,,,https://abonnement-magazine.fnac.com/magazine-le-10-sport-edition-nationale.html,,,,,,94818,19203,188,35.0,0,0,Fairly Easy,0,0,0,,3,1,0,0,207,189,0,0,0,0,,,,,86bd5b3c5daa9fee5f858659fc6f9c79,0,,,,,1.1,https://abonnement-magazine.fnac.com/magazine-le-10-sport-edition-nationale.html,2024-05-17 15:31:14,0.0,0.0,0.0,0.0,,Indexable,,0,0,0,0,0,0,0,0,0
35,le 10 sport,16,https://www.netguide.com/le10sport.com/Le-10-Sport/,1,200.0,78.0,57.0,47.0,,0.0,11.0,17.0,5.0,1.0,668.0,3.0,938.0,0.0,668.0,750.278277965645,938.0,763.8476206906803,0.0,0.0,text/html; charset=UTF-8,200,OK,Indexable,,Le 10 Sport | Netguide,22,196,,0,0,"Le 10 Sport : Le 10 Sport est un site d'actualité sportive couvrant une large gamme de disciplines telles que le football, le mercato, la Formule 1, le tennis, la NBA ou encore le rugby. Les visiteurs peuvent y trouver des informations en continu et des exclusivités sur leurs sports et athlètes préférés.",305,1823,,0,Le 10 Sport,11,,0,,0,,0,"index,follow",,,,,,https://www.netguide.com/le10sport.com/Le-10-Sport/,,,,,,39249,8577,184,59.0,0,0,Very Easy,0,0,2,,0,0,0,0,31,15,0,7,5,0,,,,,19ec7ffc7f404f6d511d67c102348d2a,0,,,,,1.1,https://www.netguide.com/le10sport.com/Le-10-Sport/,2024-05-17 15:31:02,0.0,0.0,0.0,0.0,,Indexable,,0,0,0,0,0,0,0,0,0
36,le 10 sport,17,https://fr.linkedin.com/company/le-10-sport,1,,,,,,,,,,,1548.0,4.0,1679.0,8.0,1548.0,1004.8766307318083,1679.0,522.0237828337181,0.0,8.0,text/html; charset=utf-8,200,OK,Indexable,,Le 10 Sport | LinkedIn,22,191,,0,0,Le 10 Sport | 92 abonnés sur LinkedIn.,38,238,,0,Le 10 Sport,11,,0,Activités liées au sport,24,À propos,8,"max-image-preview:large, noarchive",,,,,,https://fr.linkedin.com/company/le-10-sport,,,,,,80521,11981,272,71.0,0,0,Fairly Hard,0,0,1,,1,1,0,0,40,40,0,0,0,0,,,,,73c339da852fac6d39b7ca143010c76d,0,,,,,1.1,https://fr.linkedin.com/company/le-10-sport,2024-05-17 15:31:11,0.0,0.0,0.0,0.0,,Indexable,,0,0,0,0,0,0,0,0,0
37,le 10 sport,18,https://twitter.com/le10sport/status/1746605119079395492,1,,,,,,,,,,,850.0,4.0,4251.0,5.0,850.0,2550.077634004474,4251.0,3919.430142081781,644.5000000000005,5.0,text/html; charset=utf-8,302,Found,Non-Indexable,Redirected,,0,0,,0,0,,0,0,,0,,0,,0,,0,,0,,,,,,,,,,,,,119,119,0,,0,0,,0,0,2,,0,0,0,0,0,0,0,0,0,0,,,,,,0,"Fri, 17 May 2024 13:31:08 GMT",https://x.com/le10sport/status/1746605119079395492,HTTP Redirect,,1.1,https://twitter.com/le10sport/status/1746605119079395492,2024-05-17 15:31:08,,,,,,,,0,0,0,0,0,0,0,0,0
38,le 10 sport,19,https://www.instagram.com/p/B3thWX5iRSv/,1,,,,,,,,,,,1018.0,4.0,3620.0,8.0,1018.0,2648.2381743184737,3620.0,3272.113230481872,625.9983499011398,8.0,"text/html; charset=""utf-8""",200,OK,Non-Indexable,Canonicalised,"Le 10 Sport | Comme révélé en exclusivité par @le10sport, le PSG a proposé une prolongation de contrat à @marquinhosm5

Nous confirmons qu’il s... | Instagram",158,1424,,0,0,"81 likes, 1 comments - le10sport on October 17, 2019: ""Comme révélé en exclusivité par @le10sport, le PSG a proposé une prolongation de contrat à @marquinhosm5

Nous confirmons qu’il s..."".",189,1197,,0,,0,,0,,0,,0,"noarchive, noimageindex",,,,,,https://www.instagram.com/le10sport/p/B3thWX5iRSv/,,,,,,475856,107457,0,,0,0,,0,0,2,,0,0,0,0,0,0,0,0,0,0,,,,,aefc464ca8cc24863d9822695481f0e8,0,,,,,1.1,https://www.instagram.com/p/B3thWX5iRSv/,2024-05-17 15:31:11,0.0,0.0,0.0,0.0,,Non-Indexable,Canonicalised,0,0,0,0,0,0,0,0,0
39,le 10 sport,20,https://www.livefoot.fr/wsn/le10sport.php,1,,,55.0,,,0.0,2.0,0.0,0.0,85.0,1191.0,3.0,1842.0,4.0,1191.0,3694.821691662156,1842.0,7874.818764984715,1518.5000000000064,4.0,text/html; charset=utf-8,200,OK,Indexable,,Le10sport.com sur livefoot.fr,29,257,,0,0,Le10sport.com sur livefoot.fr,29,181,,0,Le10sport.com,13,,0,,0,,0,"index, follow, max-image-preview:large, max-snippet:-1, max-video-preview:-1",,,,,,https://www.livefoot.fr/wsn/le10sport.php,,,,,,115305,16964,931,241.0,0,0,Very Easy,0,0,1,,19,1,0,0,287,237,0,63,40,0,,,,,cd087037a04eeb9eec367b080c6c0285,0,,,,,1.1,https://www.livefoot.fr/wsn/le10sport.php,2024-05-17 15:31:18,0.0,0.0,0.0,0.0,,Indexable,,0,0,0,0,0,0,0,0,0
40,maigrir sans sport savoir maigrir.fr,1,https://www.foodspring.fr/magazine/10-astuces-mincir-sans-sport,0,200.0,155.0,60.0,9.0,52.0,14.0,9.0,91.0,12.0,60.0,1430.0,4.0,1800.0,2.0,1430.0,1251.1234335800868,1800.0,3736.018848930999,229.0,2.0,text/html; charset=UTF-8,200,OK,Indexable,,Maigrir sans sport : 10 astuces perdre du poids sans effort,59,513,,0,0,Mincir sans sport rapidement | Astuces pour perdre du poids | Manger des protéines | Boire beaucoup | Bien dormir | Se fixer un objectif | Meal Prep,148,907,,0,"Perdre du poids (presque) sans effort et surtout, sans sport",60,,0,Comment est-ce possible de mincir sans sport ?,46,Maigrir sans sport : nos trucs et astuces,41,"follow, index, max-snippet:-1, max-video-preview:-1, max-image-preview:large",,,,,,https://www.foodspring.fr/magazine/10-astuces-mincir-sans-sport,,,,,,194310,41044,2056,330.0,0,0,Easy,0,0,1,,0,0,0,0,140,89,0,7,7,0,,,,,c78108ae5ba513960e861713fc157ad7,0,,,,,1.1,https://www.foodspring.fr/magazine/10-astuces-mincir-sans-sport,2024-05-17 15:30:50,0.0,0.0,0.0,0.0,,Indexable,,0,0,0,0,0,0,0,0,0
41,maigrir sans sport savoir maigrir.fr,2,https://www.savoirmaigrir.fr/minceur-maigrir-sans-sport.asp,0,200.0,1062.0,51.0,14.0,47.0,1.0,0.0,27.0,14.0,,1935.0,2.0,2219.0,2.0,1935.0,2108.3522920346195,2219.0,2757.084897318746,73.15920937739315,2.0,text/html; charset=utf-8,200,OK,Non-Indexable,Canonicalised,9 réflexes pour maigrir sans sport avec la Méthode Cohen,56,509,,0,0,"comment maigrir sans sport, quand l'activité physique n'est pas une option pour vous ?",86,539,"méthode cohen, jean-michel cohen, régime alimentaire, maigrir sans sport",72,9 réflexes pour maigrir sans sport avec la Méthode Cohen,56,9 réflexes pour maigrir sans sport avec la Méthode Cohen,56,Dans la Méthode Cohen...,24,Commencez maintenant votre analyse minceur GRATUITE,51,ALL,"index all, follow all",,,,,https://savoir-maigrir.aujourdhui.com/minceur-maigrir-sans-sport.asp,,,,,,56175,56175,1569,227.0,0,0,Fairly Easy,0,0,0,,14,3,0,0,72,32,0,12,11,0,,,,,b3d551d276d35f9ad9c42769fb1e6b2a,0,,,,,1.1,https://www.savoirmaigrir.fr/minceur-maigrir-sans-sport.asp,2024-05-17 15:31:00,0.0,0.0,0.0,0.0,,Non-Indexable,Canonicalised,0,0,0,0,0,0,0,0,0
42,maigrir sans sport savoir maigrir.fr,3,https://savoir-maigrir.aujourdhui.com/videos/conseils-et-astuces-minceur/perdre-du-poids-sans-sport-c-est-possible.html?v=0&sid=0,0,,,,,,,,,,,2135.0,3.0,2956.0,5.0,2135.0,3604.3805611839525,2956.0,4384.5415809401,516.2582051534321,5.0,text/html,200,OK,Indexable,,"Perdre du poids sans sport, c'est possible ?",44,379,,0,0,"Maigrir, mincir, perdre du poids c’est plus facile à dire qu’à faire ! Or, on dit souvent que pour m",100,581,"Jean-michel cohen, Savoir Maigrir, Mincir, Régime hypocalorique, M6 Minceur, conseils minceur poids idéal, régime alimentaire, régime rapide, IMC, regime pour maigrir",166,,0,,0,"Perdre du poids sans sport, c'est possible ?",44,Conseils et astuces minceur Voir tout,37,ALL,"index all, follow all",,,,,,,,,,,65242,65242,1060,198.0,0,0,Fairly Easy,0,0,2,,3,1,0,0,66,48,0,6,6,0,,,,,b307c21042f5764468b06227122af421,0,,,,,1.1,https://savoir-maigrir.aujourdhui.com/videos/conseils-et-astuces-minceur/perdre-du-poids-sans-sport-c-est-possible.html?v=0&sid=0,2024-05-17 15:31:04,0.0,0.0,0.0,0.0,,Indexable,,0,0,0,0,0,0,0,0,0
43,maigrir sans sport savoir maigrir.fr,4,https://savoir-maigrir.aujourdhui.com/methode-cohen-jean-michel-cohen/,0,200.0,595.0,56.0,,53.0,6.0,2.0,28.0,6.0,43.0,2135.0,3.0,2956.0,5.0,2135.0,2377.184487017745,2956.0,5650.9375528057935,721.2638058753469,5.0,text/html; charset=utf-8,200,OK,Indexable,,Testez la méthode du Dr Jean-Michel Cohen | Dr Jean-Michel Cohen,64,602,,0,0,"Avec la méthode du Dr Jean-Michel Cohen, la question n’est pas de savoir si vous allez maigrir, mais comment et en combien de temps ?",133,843,"méthode cohen, jean-michel cohen, régime alimentaire",52,La méthode Cohen,16,La méthode Cohen,16,Dans la Méthode Cohen...,24,Commencez maintenant votre analyse minceur GRATUITE,51,ALL,"index all, follow all",,,,,https://savoir-maigrir.aujourdhui.com/methode-cohen-jean-michel-cohen/,,,,,,48291,48291,827,137.0,0,0,Easy,0,0,1,,3,1,0,0,67,34,0,6,6,0,,,,,b47a829659874c92fd3cce1369ca812,0,,,,,1.1,https://savoir-maigrir.aujourdhui.com/methode-cohen-jean-michel-cohen/,2024-05-17 15:31:17,0.0,0.0,0.0,0.0,,Indexable,,0,0,0,0,0,0,0,0,0
44,maigrir sans sport savoir maigrir.fr,5,https://www.nutrimea.com/article/fr/savoir-maigrir/,0,404.0,785.0,62.0,34.0,,0.0,22.0,0.0,0.0,53.0,2070.0,4.0,2499.0,5.0,2070.0,1111.3818575025061,2499.0,3864.3035336881608,308.4999999999998,5.0,text/html; charset=UTF-8,200,OK,Indexable,,"Jean-michel Cohen, le régime savoirmaigrir.fr et la perte de poids",66,573,,0,0,"Ce programme, élaboré par le célèbre nutritionniste Dr Cohen, mise sur un régime hypocalorique flexible. Vous êtes prêts ?",122,756,,0,Jean-michel Cohen et le régime savoirmaigrir.fr au service de votre perte de poids,82,,0,Le régime savoirmaigrir.fr : ses principes clés,47,Perdre du poids rapidement : les témoignages de la méthode Cohen,64,"index, follow, max-image-preview:large, max-snippet:-1, max-video-preview:-1",,,,,,https://www.nutrimea.com/article/fr/savoir-maigrir/,,,,,,61096,15817,1187,176.0,0,0,Normal,0,0,3,,18,2,0,0,37,17,0,9,5,0,,,,,a50e7242da445fdf25f97f87b73f25e8,0,"Fri, 17 May 2024 12:35:28 GMT",,,,1.1,https://www.nutrimea.com/article/fr/savoir-maigrir/,2024-05-17 15:31:07,0.0,0.0,0.0,0.0,,Indexable,,0,0,0,0,0,0,0,0,0
45,maigrir sans sport savoir maigrir.fr,6,https://savoir-maigrir.aujourdhui.com/,0,200.0,736.0,87.0,18.0,86.0,105417.0,10434.0,29.0,9.0,,2606.0,2.0,2962.0,0.0,2135.0,3645.925866918111,2956.0,9378.91167830396,2344.9767145332517,5.0,text/html; charset=utf-8,200,OK,Indexable,,La méthode Cohen pour perdre du poids | Dr Jean-Michel Cohen,60,566,,0,0,"Pour qu’un programme minceur soit efficace, il doit être facile à suivre. Pour perdre du poids et apprendre la nutrition, rejoignez la méthode Cohen.",149,904,"Jean-michel cohen, Savoir Manger, Mincir, Régime hypocalorique, M6 Minceur, conseils minceur poids idéal, régime alimentaire, régime rapide, IMC, regime pour maigrir",165,Perdez enfin les kilos qui vous gâchent la vie,46,,0,Dans la Méthode Cohen...,24,COACHING MINCEUR,16,ALL,"index all, follow all",,,,,https://savoir-maigrir.aujourdhui.com/,,,,,,97815,97815,2389,379.0,0,0,Easy,0,0,0,,13,5,0,0,89,33,0,11,8,0,,,,,80fe41aae6a0408e8befab8707d41383,0,,,,,1.1,https://savoir-maigrir.aujourdhui.com/,2024-05-17 15:30:56,0.0,0.0,0.0,0.0,,Indexable,,0,0,0,0,0,0,0,0,0
46,maigrir sans sport savoir maigrir.fr,7,https://savoir-maigrir.aujourdhui.com/videos/le-grain-de-sel/maigrir-sans-regime-ca-existe.html?v=0&sid=0,0,,,,,,0.0,0.0,0.0,0.0,,2135.0,3.0,2956.0,5.0,2135.0,4115.97168598642,2956.0,4568.717177606805,721.2059821750013,5.0,text/html,200,OK,Indexable,,"Maigrir Sans Régime, Ça Existe ?",32,287,,0,0,"Ne faites pas de régime pour maigrir, faites plutôt un rééquilibrage alimentaire !? Mais un régime,",99,595,"Jean-michel cohen, Savoir Maigrir, Mincir, Régime hypocalorique, M6 Minceur, conseils minceur poids idéal, régime alimentaire, régime rapide, IMC, regime pour maigrir",166,,0,,0,"Maigrir Sans Régime, Ça Existe ?",32,Le Grain de Sel Voir tout,25,ALL,"index all, follow all",,,,,,,,,,,65410,65410,1098,202.0,0,0,Fairly Easy,0,0,2,,3,1,0,0,66,48,0,6,6,0,,,,,5ab3255dc1643202d57adab08bcf77a4,0,,,,,1.1,https://savoir-maigrir.aujourdhui.com/videos/le-grain-de-sel/maigrir-sans-regime-ca-existe.html?v=0&sid=0,2024-05-17 15:30:57,0.0,0.0,0.0,0.0,,Indexable,,0,0,0,0,0,0,0,0,0
47,maigrir sans sport savoir maigrir.fr,8,https://www.medinfo-lyon.org/5-techniques-efficaces-pour-maigrir-sans-sport-avec-savoir-maigrir-fr/,0,200.0,429.0,,,,0.0,0.0,14.0,0.0,71.0,,,,,,2679.862837165202,,2340.8572578102794,38.0,,text/html; charset=UTF-8,200,OK,Indexable,,5 techniques efficaces pour maigrir sans sport avec Savoir-Maigrir.fr,69,603,,0,0,"La perte de poids est un sujet qui préoccupe de nombreuses personnes de tout âge, des adolescents aux personnes plus âgées. L'idée généralement acceptée...",155,995,,0,5 techniques efficaces pour maigrir sans sport avec Savoir-Maigrir.fr,69,,0,Présentation du sujet,21,Importance du sujet,19,"index, follow, max-image-preview:large, max-snippet:-1, max-video-preview:-1",,,,,,https://www.medinfo-lyon.org/5-techniques-efficaces-pour-maigrir-sans-sport-avec-savoir-maigrir-fr/,,,,,,137523,27363,1711,235.0,0,0,Fairly Easy,0,0,1,,0,0,0,0,29,12,0,0,0,0,,,,,858f1fc7143e9191760e6618146d8d80,0,,,,,1.1,https://www.medinfo-lyon.org/5-techniques-efficaces-pour-maigrir-sans-sport-avec-savoir-maigrir-fr/,2024-05-17 15:31:09,0.0,0.0,0.0,0.0,,Indexable,,0,0,0,0,0,0,0,0,0
48,maigrir sans sport savoir maigrir.fr,9,https://www.docteur-fitness.com/maigrir-sans-sport-savoir-maigrir-fr-ca-fonctionne,0,,,53.0,33.0,,0.0,4.0,0.0,0.0,,480.0,2.0,627.0,10.0,480.0,717.9295694538764,627.0,422.0040067722059,0.0,10.0,text/html; charset=utf-8,200,OK,Indexable,,"Maigrir Sans Sport Savoir Maigrir.fr, ça Fonctionne ?",53,458,,0,0,"Vous rêvez de perdre du poids sans vous astreindre à des séances de sport intensives ? Bonne nouvelle, c'est possible ! Avec la méthode Jean Michel Cohen",153,969,,0,"Maigrir sans sport savoir maigrir.fr, ça fonctionne ?",53,,0,Un rééquilibrage alimentaire plutôt qu’un régime restrictif,59,Les 9 réflexes à adopter pour maigrir sans sport,48,"follow, index, max-snippet:-1, max-video-preview:-1, max-image-preview:large",,,,,,https://www.docteur-fitness.com/maigrir-sans-sport-savoir-maigrir-fr-ca-fonctionne,,,,,,487324,102127,1042,187.0,0,0,Fairly Easy,0,0,0,,1,1,0,0,42,26,0,18,13,0,,,,,efc41cfcb988eb3c0f348ab878d0da87,0,"Thu, 16 May 2024 20:52:13 GMT",,,,1.1,https://www.docteur-fitness.com/maigrir-sans-sport-savoir-maigrir-fr-ca-fonctionne,2024-05-17 15:31:06,0.0,0.0,0.0,0.0,,Indexable,,0,0,0,0,0,0,0,0,0
49,maigrir sans sport savoir maigrir.fr,10,https://www.nutrimea.com/article/fr/maigrir-sans-sport-avec-savoirmaigrir-fr/,0,200.0,485.0,44.0,18.0,,0.0,1.0,19.0,5.0,47.0,2070.0,4.0,2499.0,5.0,2070.0,1156.2521502133934,2499.0,4047.0461988113575,470.0,5.0,text/html; charset=UTF-8,200,OK,Indexable,,Maigrir sans sport avec savoirmaigrir.fr,40,345,,0,0,La Méthode Cohen pour maigrir sans sport avec savoirmaigrir.fr se présente comme une solution prometteuse. Cliquez pour en savoir plus !,136,865,,0,Maigrir sans sport avec savoirmaigrir.fr,40,,0,Résumé,6,Pourquoi la Méthode Cohen ?,27,"index, follow, max-image-preview:large, max-snippet:-1, max-video-preview:-1",,,,,,https://www.nutrimea.com/article/fr/maigrir-sans-sport-avec-savoirmaigrir-fr/,,,,,,54148,13713,677,113.0,0,0,Fairly Easy,0,0,3,,11,2,0,0,30,17,0,9,5,0,,,,,aa765dd64b3e867fc14a6d18e4d37280,0,"Fri, 17 May 2024 13:14:20 GMT",,,,1.1,https://www.nutrimea.com/article/fr/maigrir-sans-sport-avec-savoirmaigrir-fr/,2024-05-17 15:31:12,0.0,0.0,0.0,0.0,,Indexable,,0,0,0,0,0,0,0,0,0
50,maigrir sans sport savoir maigrir.fr,11,https://www.bras-de-fer.fr/blog/maigrir-sans-sport-savoirmaigrir-fr/,1,200.0,1334.0,54.0,7.0,44.0,6.0,7.0,36.0,2.0,,,,,,,2469.676195397105,,2713.3700557322127,709.4999999999995,,text/html; charset=UTF-8,200,OK,Indexable,,Maigrir sans sport savoirmaigrir.fr,35,298,,0,0,Découvrez des conseils et astuces pour perdre du poids sans faire de sport sur SavoirMaigrir.fr. Trouvez des méthodes efficaces pour atteindre vos objectifs de perte de poids sans nécessité d'activité physique intensive.,220,1359,,0,Savoir maigrir sans sport : Astuces et conseils pour y arriver,62,,0,L’importance d’une alimentation équilibrée,42,Les aliments qui stimulent le métabolisme,41,"index, follow, max-image-preview:large, max-snippet:-1, max-video-preview:-1",,,,,,https://www.bras-de-fer.fr/blog/maigrir-sans-sport-savoirmaigrir-fr/,,,,,,62352,16866,933,147.0,0,0,Fairly Easy,0,0,2,,5,1,0,0,40,26,0,0,0,0,,,,,3003a5b44e6150beb093bd5c609e40e8,0,,,,,1.1,https://www.bras-de-fer.fr/blog/maigrir-sans-sport-savoirmaigrir-fr/,2024-05-17 15:31:03,0.0,0.0,0.0,0.0,,Indexable,,0,0,0,0,0,0,0,0,0
51,maigrir sans sport savoir maigrir.fr,12,https://www.regime-jean-michel-cohen.fr/videos/conseils-et-astuces-minceur/perdre-du-poids-sans-sport-c-est-possible.html?v=0&sid=71,1,,,,,,,,,,,,,,,,3682.961753222432,,4245.694371632548,444.90833082238555,,text/html,200,OK,Indexable,,"Perdre du poids sans sport, c'est possible ?",44,379,,0,0,"Maigrir, mincir, perdre du poids c’est plus facile à dire qu’à faire ! Or, on dit souvent que pour m",100,581,"Jean-michel cohen, Savoir Maigrir, Mincir, Régime hypocalorique, M6 Minceur, conseils minceur poids idéal, régime alimentaire, régime rapide, IMC, regime pour maigrir",166,,0,,0,"Perdre du poids sans sport, c'est possible ?",44,Conseils et astuces minceur Voir tout,37,ALL,"index all, follow all",,,,,,,,,,,54845,54845,1060,198.0,0,0,Fairly Easy,0,0,2,,3,1,0,0,65,48,0,7,7,0,,,,,e50c60297c8846c007179306df8e6bff,0,,,,,1.1,https://www.regime-jean-michel-cohen.fr/videos/conseils-et-astuces-minceur/perdre-du-poids-sans-sport-c-est-possible.html?v=0&sid=71,2024-05-17 15:31:15,0.0,0.0,0.0,0.0,,Indexable,,0,0,0,0,0,0,0,0,0
52,maigrir sans sport savoir maigrir.fr,13,https://www.savoirmaigrir.fr/story/lettre-du-dr-jean-michel-cohen.asp,1,200.0,635.0,47.0,1.0,40.0,3.0,2.0,98.0,0.0,93.0,1935.0,2.0,2219.0,2.0,1935.0,36013.63352760183,2219.0,58301.90246111928,119.5,2.0,text/html,200,OK,Indexable,,Régime Savoir Maigrir avec Jean-Michel Cohen - Maigrir à la carte,65,578,,0,0,"Le régime Savoir maigrir pour mincir vite et pas cher avec Jean-Michel Cohen, spécialiste bien connu de la nutrition et auteur de Savoir Maigrir, Savoir Manger : le guide des aliments, Bien manger en famille et Au bonheur de maigrir",232,1415,"Jean-michel cohen, Savoir Maigrir, Mincir, Régime hypocalorique, M6 Minceur, conseils minceur poids idéal, régime alimentaire, régime rapide, IMC, regime pour maigrir",166,,0,,0,,0,,0,ALL,"index all, follow all",,,,,https://www.savoirmaigrir.fr/story/lettre-du-dr-jean-michel-cohen.asp,,,,,,124479,124479,4442,798.0,0,0,Very Easy,0,0,1,,2,1,0,0,202,99,0,0,0,0,,,,,d494856bdab84fd3cecda8507af257d0,0,,,,,1.1,https://www.savoirmaigrir.fr/story/lettre-du-dr-jean-michel-cohen.asp,2024-05-17 15:31:00,0.0,0.0,0.0,0.0,,Indexable,,0,0,0,0,0,0,0,0,0
53,maigrir sans sport savoir maigrir.fr,14,https://flashactualite.fr/sante-bien-etre/maigrir-sans-sport-savoirmaigrir-fr/,1,200.0,1427.0,54.0,17.0,,0.0,3.0,28.0,4.0,70.0,2543.0,5.0,2617.0,10.0,2543.0,836.7010469250316,2617.0,836.7010469250317,0.0,10.0,text/html; charset=UTF-8,200,OK,Indexable,,Maigrir sans sport (savoirmaigrir.fr) : que dit Jean-Michel Cohen ?,67,575,,0,0,Explorez les conseils du Dr. Jean-Michel Cohen pour maigrir sans sport (savoirmaigrir.fr). Voici les 9 conseils à suivre.,121,729,,0,Maigrir sans sport (savoirmaigrir.fr) : que dit le Dr Jean-Michel Cohen pour une perte de poids efficace ?,106,,0,Opter pour des aliments qui stimulent le métabolisme,52,Maintenir une hydratation régulière pour maigrir sans sport (savoirmaigrir.fr),78,"index, follow, max-image-preview:large, max-snippet:-1, max-video-preview:-1",,,,,,https://flashactualite.fr/sante-bien-etre/maigrir-sans-sport-savoirmaigrir-fr/,,,,,,116427,26671,1284,214.0,0,0,Normal,0,0,2,,18,1,0,0,85,28,0,11,4,0,,,,,abe937b3b58e205130e11fc40b327661,0,,,,,1.1,https://flashactualite.fr/sante-bien-etre/maigrir-sans-sport-savoirmaigrir-fr/,2024-05-17 15:31:00,0.0,0.0,0.0,0.0,,Indexable,,0,0,0,0,0,0,0,0,0
54,maigrir sans sport savoir maigrir.fr,15,https://cryobar.fr/maigrir-sans-effort/,1,200.0,80.0,65.0,8.0,58.0,9.0,31.0,50.0,5.0,76.0,3463.0,,3987.0,26.0,3463.0,1112.8596791241223,3987.0,1496.0404904190377,49.499999999999886,26.0,text/html; charset=UTF-8,200,OK,Indexable,,Maigrir sans effort ou sans sport : les astuces qui marchent pour mincir,72,628,,0,0,"Centre de Cryothérapie Corps Entier et de Cryolipolyse ❄️ Cryobar ❄️ Paris 11. Maigrir sans effort, sans régime ou sans sport : les astuces qui marchent pour mincir",164,1005,,0,Maigrir sans effort sans sport et sans régime,45,,0,Mincir sans effort ou sans sport : les astuces qui marchent vraiment,68,3 conseils pour perdre du poids sans régime,43,"index, follow, max-image-preview:large, max-snippet:-1, max-video-preview:-1",,,,,,https://cryobar.fr/maigrir-sans-effort/,,,,,,546511,81832,1198,177.0,0,0,Easy,0,0,1,,12,1,0,0,76,48,0,12,5,0,,,,,28d71631956cc427282b1f840ff35d18,0,"Fri, 17 May 2024 13:12:33 GMT",,,,1.1,https://cryobar.fr/maigrir-sans-effort/,2024-05-17 15:31:07,0.0,0.0,0.0,0.0,,Indexable,,0,0,0,0,0,0,0,0,0
55,maigrir sans sport savoir maigrir.fr,16,https://merepasparfaiteetalors.fr/maigrir-sans-sport-avec-savoir-maigrir-fr-une-realite-accessible/,1,200.0,41.0,62.0,18.0,,0.0,4.0,15.0,0.0,60.0,,,,,,351.3493192412079,,313.00964077854985,0.0,,text/html; charset=UTF-8,200,OK,Indexable,,Maigrir sans sport avec savoir-maigrir.fr : une réalité accessible,66,555,,0,0,"Beaucoup de personnes cherchent à perdre du poids, mais ne sont pas motivées pour pratiquer un sport ou n'en ont tout simplement pas le temps.",142,911,,0,Maigrir sans sport avec savoir-maigrir.fr : une réalité accessible,66,,0,L’importance de l’alimentation pour maigrir sans sport,54,Boire suffisamment d’eau dans la journée,40,"follow, index, max-snippet:-1, max-video-preview:-1, max-image-preview:large",,,,,,https://merepasparfaiteetalors.fr/maigrir-sans-sport-avec-savoir-maigrir-fr-une-realite-accessible/,,,,,,118276,31715,846,116.0,0,0,Normal,0,0,1,,15,1,0,0,29,13,0,0,0,0,,,,,e7fb27b8caf6122755c582d5bf9373ad,0,"Fri, 17 May 2024 07:46:57 GMT",,,,1.1,https://merepasparfaiteetalors.fr/maigrir-sans-sport-avec-savoir-maigrir-fr-une-realite-accessible/,2024-05-17 15:31:12,0.0,0.0,0.0,0.0,,Indexable,,0,0,0,0,0,0,0,0,0
56,maigrir sans sport savoir maigrir.fr,17,https://robustesante.com/maigrir-sans-sport-savoirmaigrir-fr-quelques-astuces-selon-dr-jean-michel-cohen/,1,200.0,23.0,57.0,19.0,52.0,6.0,0.0,28.0,4.0,80.0,,,,,,1830.3254438884842,,725.710204174301,0.0,,text/html; charset=UTF-8,200,OK,Indexable,,Maigrir sans sport – savoirmaigrir.fr : quelques astuces selon Dr Jean Michel Cohen - Robuste santé,99,881,,0,0,Être en surpoids est l’un des facteurs clés qui vous exposent aux maladies et aux problèmes physiques. C’est pour cette raison que de nombreuses personnes,154,981,,0,Maigrir sans sport – savoirmaigrir.fr : quelques astuces selon Dr Jean Michel Cohen,83,,0,Archives,8,Catégories,10,"follow, index, max-snippet:-1, max-video-preview:-1, max-image-preview:large",,,,,,https://robustesante.com/maigrir-sans-sport-savoirmaigrir-fr-quelques-astuces-selon-dr-jean-michel-cohen/,,,,,,110988,24038,2091,329.0,0,0,Fairly Easy,0,0,1,,52,1,0,0,148,33,0,7,4,0,,,,,1003f0b1dcc9b68769d03785cc609e75,0,,,,,1.1,https://robustesante.com/maigrir-sans-sport-savoirmaigrir-fr-quelques-astuces-selon-dr-jean-michel-cohen/,2024-05-17 15:30:57,0.0,0.0,0.0,0.0,,Indexable,,0,0,0,0,0,0,0,0,0
57,maigrir sans sport savoir maigrir.fr,18,https://nutriandco.com/fr/pages/savoir-maigrir,1,200.0,170.0,35.0,9.0,,0.0,15.0,155.0,8.0,76.0,1261.0,3.0,1631.0,4.0,1261.0,1280.8548546526317,1631.0,2313.616080954676,19.0,4.0,text/html; charset=utf-8,200,OK,Indexable,,Savoir Maigrir : avantages et inconvénients du régime Dr Cohen,62,560,,0,0,Savoir Maigrir est un programme minceur élaboré par le Dr Jean-Michel Cohen à destination des personnes souhaitant perdre du poids.,131,837,,0,Savoir Maigrir : Tout savoir sur le régime du Dr Jean-Michel Cohen,66,,0,Quelles sont les caractéristiques du régime Savoir Maigrir ?,60,Les avantages du régime Savoir Maigrir,38,"index,follow",,,,,,,,,,,,310059,57592,776,122.0,0,0,Fairly Easy,0,0,2,,0,0,0,0,269,159,0,10,8,0,,,,,6622516351cb6a4a5b8bb5ee0fb0ca58,0,,,,,1.1,https://nutriandco.com/fr/pages/savoir-maigrir,2024-05-17 15:31:05,0.0,0.0,0.0,0.0,,Indexable,,0,0,0,0,0,0,0,0,0
58,maigrir sans sport savoir maigrir.fr,19,https://house-of-sports.fr/maigrir-sans-sport-dapres-savoir-maigrir-fr-et-la-methode-cohen/,1,200.0,2402.0,66.0,30.0,54.0,5.0,14.0,21.0,0.0,93.0,861.0,,1367.0,17.0,861.0,339.0,1367.0,339.0,0.0,17.0,text/html; charset=UTF-8,200,OK,Indexable,,Maigrir sans sport d'après savoir maigrir.fr et la Méthode Cohen - House of Sports,82,717,,0,0,"La perte de poids est souvent associée à des images de séances de sport intenses, de courses à pied matinales ou d'heures passées en salle de gym.",146,926,,0,Maigrir sans sport d’après savoir maigrir.fr et la Méthode Cohen,64,,0,1. Mettez l’accent sur la qualité des aliments,46,2. L’hydratation est la clé,27,"index, follow, max-image-preview:large, max-snippet:-1, max-video-preview:-1",,,,,,https://house-of-sports.fr/maigrir-sans-sport-dapres-savoir-maigrir-fr-et-la-methode-cohen/,,,,,,263407,48715,2988,398.0,0,0,Normal,0,0,1,,10,1,0,0,62,20,0,0,0,0,,,,,f0296b93672d1399bde0fcae1879206e,0,"Fri, 17 May 2024 08:20:12 GMT",,,,1.1,https://house-of-sports.fr/maigrir-sans-sport-dapres-savoir-maigrir-fr-et-la-methode-cohen/,2024-05-17 15:31:01,0.0,0.0,0.0,0.0,,Indexable,,0,0,0,0,0,0,0,0,0
59,maigrir sans sport savoir maigrir.fr,20,https://savoir-maigrir.aujourdhui.com/videos/le-grain-de-sel/maigrir-vite-et-durablement-la-methode-cohen.html?v=0&sid=0,1,0.0,0.0,,,,0.0,0.0,0.0,0.0,,2135.0,3.0,2956.0,5.0,2135.0,3771.1739514031797,2956.0,4441.460798434016,552.0000000000007,5.0,text/html,200,OK,Indexable,,Maigrir vite et durablement : La Méthode Cohen,46,420,,0,0,"La méthode Cohen, c'est une méthode globale pour maigrir vite (quand cela est nécessaire commme expl",100,651,"Jean-michel cohen, Savoir Maigrir, Mincir, Régime hypocalorique, M6 Minceur, conseils minceur poids idéal, régime alimentaire, régime rapide, IMC, regime pour maigrir",166,,0,,0,Maigrir vite et durablement : La Méthode Cohen,46,Le Grain de Sel Voir tout,25,ALL,"index all, follow all",,,,,,,,,,,65219,65219,1055,197.0,0,0,Fairly Easy,0,0,2,,3,1,0,0,67,49,0,6,6,0,,,,,12d3d2e433d9e58140db8084081ebbc5,0,,,,,1.1,https://savoir-maigrir.aujourdhui.com/videos/le-grain-de-sel/maigrir-vite-et-durablement-la-methode-cohen.html?v=0&sid=0,2024-05-17 15:31:00,0.0,0.0,0.0,0.0,,Indexable,,0,0,0,0,0,0,0,0,0
60,parions sport,1,https://www.parionssport.fdj.fr/,0,200.0,38.0,82.0,52.0,78.0,19090.0,116.0,5.0,30.0,53.0,745.0,2.0,1442.0,1.0,746.0,429.08001853211556,1428.0,368.41930076803504,0.0,1.0,text/html; charset=utf-8,200,OK,Indexable,,Parions Sport | Site officiel des paris sportifs de la FDJ,58,477,,0,0,Bienvenue sur le site officiel de paris sportifs de la FDJ. Pariez en ligne sur Parions Sport En ligne et jouez au poker en ligne avec Parions Sport Poker,154,919,,0,Parions Sport paris sportifs en ligne et poker,46,,0,Les partenaires Parions Sport,29,Pariez en ligne ou jouez au poker,33,"index, follow",max-image-preview:large,,,,,https://www.parionssport.fdj.fr/,,,,,,48703,12789,630,87.0,0,0,Easy,0,0,0,,2,1,0,0,51,29,0,9,8,0,,,,,1f51bdebbc983f8174446dffa2240ed7,0,"Fri, 19 Apr 2024 13:39:10 GMT",,,,1.1,https://www.parionssport.fdj.fr/,2024-05-17 15:31:13,0.0,0.0,0.0,0.0,,Indexable,,0,0,0,0,0,0,0,0,0
61,parions sport,2,https://www.enligne.parionssport.fdj.fr/,0,200.0,38.0,83.0,52.0,81.0,28780.0,0.0,220.0,22.0,69.0,1190.0,30.0,4725.0,27.0,1165.0,2776.9173307290216,3337.0,5134.21544052133,2440.517691036444,32.0,text/html; charset=utf-8,200,OK,Indexable,,Paris sportifs : parier en ligne avec Parions Sport - FDJ,57,477,,0,0,"Parions Sport en Ligne, pariez et regardez vos matchs en direct. Profitez de nos meilleures cotes sur de nombreux sports : Foot, Basket, Tennis et profitez d’un bonus de bienvenue. A vos pronos !",195,1203,,0,Paris sportifs en ligne avec Parions Sport,42,,0,,0,,0,,,,,,,https://www.enligne.parionssport.fdj.fr/,,,,,,258017,48978,553,88.0,0,0,Easy,0,0,0,,31,7,0,0,303,238,0,20,20,0,,,,,5314626399f36c1cae75d3ed6adad70,0,,,,,1.1,https://www.enligne.parionssport.fdj.fr/,2024-05-17 15:30:55,0.0,0.0,0.0,0.0,,Indexable,,0,0,0,0,0,0,0,0,0
62,parions sport,3,https://www.pronosoft.com/fr/parions_sport/pronostics_1N2.htm,0,,,85.0,54.0,78.0,37120.0,125926.0,0.0,0.0,,,,,,,,,,,,text/html,200,OK,Indexable,,Parions Sport Pronostics avec Pronosoft,39,359,,0,0,"Pronostics sur toutes les listes Parions Sport établis par Pronosoft, Résultats ParionsSport et Historiques depuis la création du jeu.",134,811,,0,Pronostics ParionsSport,23,,0,"Pronostics, Paris et Cotes de la liste ParionsSport 1N2, Handicap et Mi-temps0",78,Matchs masquésAfficher tout,27,,,,,,,,,,,,,17823676,2002176,317844,101480.0,0,0,Very Easy,0,0,2,,17,5,0,0,629,131,0,12,5,0,,,,,317bd9b84acf49406b0131ed771ba079,0,,,,,1.1,https://www.pronosoft.com/fr/parions_sport/pronostics_1N2.htm,2024-05-17 15:31:08,0.0,0.0,0.0,0.0,,Indexable,,0,0,0,0,0,0,0,0,0
63,parions sport,4,https://www.pointdevente.parionssport.fdj.fr/,0,200.0,45.0,81.0,56.0,77.0,3042.0,1.0,27.0,10.0,,1374.0,4.0,1905.0,2.0,1618.0,1428.704498423101,2210.0,2446.031608086752,562.0,2.0,text/html; charset=utf-8,200,OK,Indexable,,Parions Sport point de vente : paris sportifs et Loto Sports en point de vente,78,667,,0,0,"Retrouvez tous les paris sur les matches du jour, les derniers résultats, les listes et gains des Loto Sports de Parions Sport en point de vente",144,864,,0,,0,,0,Liens utiles :,14,Liens utiles :,14,,,,,,,https://www.pointdevente.parionssport.fdj.fr/,,,,,,528295,107840,1291,308.0,0,0,Very Easy,0,0,0,,7,2,0,0,60,31,0,9,8,0,,,,,e8cfa718304b03c45686538976cb387d,0,,,,,1.1,https://www.pointdevente.parionssport.fdj.fr/,2024-05-17 15:31:09,0.0,0.0,0.0,0.0,,Indexable,,0,0,0,0,0,0,0,0,0
64,parions sport,5,https://www.pronosoft.com/fr/parions_sport/liste-parions-sport-plein-ecran.htm,0,200.0,106.0,85.0,51.0,56.0,22.0,125924.0,143.0,5.0,,1345.0,21.0,2607.0,17.0,1464.0,1544.6154487689998,2038.0,3735.7988364925454,778.4999999999998,14.0,text/html,200,OK,Indexable,,Parions Sport Pronostics plein écran avec Pronosoft,51,461,,0,0,"Pronostics sur toutes les listes Parions Sport (format plein écran) établis par Pronosoft, Résultats ParionsSport et Historiques depuis la création du jeu.",155,936,,0,Pronostics ParionsSport,23,,0,"Pronostics, Paris et Cotes de la liste ParionsSport 1N2, Handicap et Mi-temps",77,,0,,,,,,,,,,,,,540425,69820,20312,4113.0,0,0,Very Easy,0,0,2,,28,5,0,0,230,130,0,12,5,0,,,,,eecc2d823f476afd03379a20cbae3905,0,,,,,1.1,https://www.pronosoft.com/fr/parions_sport/liste-parions-sport-plein-ecran.htm,2024-05-17 15:30:50,0.0,0.0,0.0,0.0,,Indexable,,0,0,0,0,0,0,0,0,0
65,parions sport,6,https://play.google.com/store/apps/details?id=fr.fdj.enligne&hl=fr&gl=FR,0,,,,,,,,,,,1315.0,3.0,1835.0,7.0,1570.0,999.2924988319237,2316.0,2490.2525112038657,207.5,8.0,text/html; charset=utf-8,200,OK,Non-Indexable,Canonicalised,Parions Sport En Ligne – FDJ – Applications sur Google Play,59,535,,0,0,Le meilleur du pari sportif ! Pariez et regardez vos matchs en direct.,70,415,,0,Parions Sport En Ligne – FDJ,28,,0,À propos de l'application,25,Sécurité des données,20,NOODP,,,,,,https://play.google.com/store/apps/details?id=fr.fdj.enligne&hl=fr,,,,,,1085842,167865,1259,248.0,0,0,Easy,0,0,2,,1,1,0,0,44,35,0,3,3,0,,,,,a4a0ec513728ad40458b9e654f553a03,0,,,,,1.1,https://play.google.com/store/apps/details?id=fr.fdj.enligne&hl=fr&gl=FR,2024-05-17 15:31:15,0.0,0.0,0.0,0.0,,Non-Indexable,Canonicalised,0,0,0,0,0,0,0,0,0
66,parions sport,7,https://play.google.com/store/apps/details?id=com.fdj.parionssport&hl=ln,0,,,,,,,,,,,1315.0,3.0,1835.0,7.0,1570.0,799.0940997162696,2316.0,2303.0108826911214,301.9964657131127,8.0,text/html; charset=utf-8,200,OK,Indexable,,Parions Sport Point De Vente – Applications sur Google Play,59,532,,0,0,Prépare tes paris sportifs ou Loto Foot et valide-les dans un point de vente FDJ,80,489,,0,Parions Sport Point De Vente,28,,0,À propos de l'application,25,Sécurité des données,20,NOODP,,,,,,https://play.google.com/store/apps/details?id=com.fdj.parionssport&hl=ln,,,,,,1032110,155678,777,177.0,0,0,Fairly Easy,0,0,2,,0,0,0,0,45,36,0,3,3,0,,,,,44d0857eb307eedc95491d102e2c6533,0,,,,,1.1,https://play.google.com/store/apps/details?id=com.fdj.parionssport&hl=ln,2024-05-17 15:30:50,0.0,0.0,0.0,0.0,,Indexable,,0,0,0,0,0,0,0,0,0
67,parions sport,8,https://www.enligne.parionssport.fdj.fr/paris-football,0,200.0,53.0,75.0,39.0,60.0,118.0,1628.0,273.0,22.0,78.0,1453.0,5.0,2397.0,41.0,1165.0,2126.3491901753628,3337.0,5211.484106407785,1168.4999999999993,32.0,text/html; charset=utf-8,200,OK,Indexable,,Parier sur le football avec Parions Sport En Ligne - Cotes et matchs,68,589,,0,0,Découvrez toutes nos cotes sur le football et pariez en ligne en pré-match ou en direct sur Parions Sport En Ligne (site officiel de la FDJ),140,841,,0,Football,8,,0,Pariez sur le foot avec PARIONS SPORT,37,Pariez sur tous les événements foot !,37,,,,,,,https://www.enligne.parionssport.fdj.fr/paris-football,,,,,,423701,76969,2112,728.0,0,0,Very Easy,0,0,0,,15,5,0,0,359,297,0,18,18,0,,,,,22bd83fb00e899735eec11e910b3349a,0,,,,,1.1,https://www.enligne.parionssport.fdj.fr/paris-football,2024-05-17 15:31:03,0.0,0.0,0.0,0.0,,Indexable,,0,0,0,0,0,0,0,0,0
68,parions sport,9,https://www.pronosoft.com/fr/parions_sport/livescore.php,0,200.0,520.0,83.0,48.0,55.0,26.0,125922.0,197.0,57.0,56.0,1224.0,7.0,2013.0,17.0,1464.0,1394.9450379323189,2038.0,3655.380333979567,855.9819556076427,14.0,text/html,200,OK,Indexable,,Livescore ParionsSport avec Pronosoft,37,345,,0,0,Tous les matchs en direct de la liste ParionsSport notamment sur le Football. Retrouvez tous les résultats en direct.,117,715,,0,Livescore ParionsSport,22,,0,Matches en direct - Livescore,29,,0,,,,,,,,,,,,,280890,26242,3494,642.0,0,0,Very Easy,0,0,2,,10,5,0,0,517,185,0,70,61,0,,,,,6473829d4a99d20631fe82eae0f5fed5,0,,,,,1.1,https://www.pronosoft.com/fr/parions_sport/livescore.php,2024-05-17 15:31:20,0.0,0.0,0.0,0.0,,Indexable,,0,0,0,0,0,0,0,0,0
69,parions sport,10,https://www.pronosoft.com/fr/parions_sport/resultats-parions-sport-plein-ecran.htm,0,200.0,52.0,85.0,51.0,51.0,6.0,125923.0,128.0,4.0,89.0,970.0,6.0,1837.0,16.0,1464.0,1619.252605949615,2038.0,3197.6442826079756,647.8810997554299,14.0,text/html,200,OK,Indexable,,Résultats ParionsSport plein écran,34,305,,0,0,"Résultats, Historiques et Pronostics sur toutes les listes Parions Sport.",73,439,,0,Résultats ParionsSport et Historiques,37,,0,"Résultats et Historiques ParionsSport 1N2, Handicap et Mi-temps",63,,0,,,,,,,,,,,,,478460,55782,18598,4171.0,0,0,Very Easy,0,0,2,,16,5,0,0,178,129,0,6,4,0,,,,,bd867fbbba33d7532f480590f15e6215,0,,,,,1.1,https://www.pronosoft.com/fr/parions_sport/resultats-parions-sport-plein-ecran.htm,2024-05-17 15:30:58,0.0,0.0,0.0,0.0,,Indexable,,0,0,0,0,0,0,0,0,0
70,parions sport,11,https://www.enligne.parionssport.fdj.fr/paris-en-direct,1,200.0,188.0,73.0,39.0,59.0,116.0,1266.0,230.0,21.0,70.0,1304.0,4.0,2190.0,25.0,1165.0,3324.5855952364036,3337.0,6673.426557350734,3017.4983650602153,32.0,text/html; charset=utf-8,200,OK,Indexable,,Paris sportifs en direct : multiplex live avec Parions Sport en Ligne,69,580,,0,0,Pariez en direct grâce au Multiplex Parions Sport En Ligne! Retrouvez tous les paris et nos cotes en live et simultanés,119,721,,0,Pariez en direct (live) avec PARIONS SPORT En Ligne,51,,0,Football (5),12,Beach-volley (3),16,,,,,,,https://www.enligne.parionssport.fdj.fr/paris-en-direct,,,,,,459380,80201,1067,287.0,0,0,Very Easy,0,0,0,,6,5,0,0,497,255,0,18,18,0,,,,,3434330edeb9d5d7950ac0d9898860e8,0,,,,,1.1,https://www.enligne.parionssport.fdj.fr/paris-en-direct,2024-05-17 15:31:19,0.0,0.0,0.0,0.0,,Indexable,,0,0,0,0,0,0,0,0,0
71,parions sport,12,https://www.sportytrader.com/bookmakers/parionssport-en-ligne/,1,200.0,32.0,82.0,50.0,,0.0,55295.0,169.0,12.0,95.7,1255.0,2.0,1459.0,7.0,1255.0,754.8285979742045,1459.0,1430.5081209003652,51.500000000000114,7.0,text/html; charset=UTF-8,200,OK,Indexable,,Parions Sport en ligne FDJ : Avis et 100€ Offerts à l'inscription (Mai 2024),76,647,,0,0,Notre avis complet sur l'offre Parions Sport (Parionsweb) et son bonus de 100€. Inscription en moins de 5 minutes ! Bookmaker sous licence ANJ,142,902,,0,Avis ParionsSport En Ligne en 2024,34,,0,Note globale sur ParionsSport En Ligne,38,Bonus ParionsSport En Ligne,27,"max-image-preview:large, max-snippet:-1, max-video-preview:-1",,,,,,https://www.sportytrader.com/bookmakers/parionssport-en-ligne/,,,,,,231723,43945,4621,769.0,0,0,Fairly Easy,0,0,2,,3,1,0,0,237,153,0,20,11,0,,,,,bad35e8811584bdbfec20fba276b6d37,0,,,,,1.1,https://www.sportytrader.com/bookmakers/parionssport-en-ligne/,2024-05-17 15:30:59,0.0,0.0,0.0,0.0,,Indexable,,0,0,0,0,0,0,0,0,0
72,parions sport,13,https://www.goal.com/fr/parier-en-ligne/inscription-parions-sport/bltef9a6894eb24e9f7,1,,,72.0,23.0,56.0,5.0,8886.0,0.0,0.0,79.0,1662.0,8.0,1859.0,5.0,1662.0,2433.4238243791833,1859.0,4638.739063436417,352.99999999999955,5.0,text/html; charset=utf-8,200,OK,Indexable,,Inscription Parions Sport : le guide pour les nouveaux joueurs | Goal.com Français,82,719,,0,0,"Le guide pour l’inscription Parions Sport. En détails et étape par étape, tout ce qu’il faut savoir.",100,581,,0,Inscription Parions Sport : guide pour ouvrir un compte,55,,0,Les étapes pour réaliser son inscription sur Parions Sport,58,Comment s’inscrire sur l’application mobile ?,45,"max-snippet:1000, max-image-preview:large, max-video-preview:1000",,,,,,https://www.goal.com/fr/parier-en-ligne/inscription-parions-sport/bltef9a6894eb24e9f7,,,,,,159245,44824,1176,167.0,0,0,Normal,0,0,3,,1,1,0,0,93,89,0,6,6,0,,,,,d31ad152c13658f9897cfc1ed0e33439,0,"Fri, 17 May 2024 13:24:48 GMT",,,,1.1,https://www.goal.com/fr/parier-en-ligne/inscription-parions-sport/bltef9a6894eb24e9f7,2024-05-17 15:30:56,0.0,0.0,0.0,0.0,,Indexable,,0,0,0,0,0,0,0,0,0
73,parions sport,14,https://www.youtube.com/c/PARIONSSPORTofficiel,1,,,75.0,44.0,71.0,642.0,0.0,0.0,0.0,,,,,,,,,,,,application/binary,302,Found,Non-Indexable,Redirected,,0,0,,0,0,,0,0,,0,,0,,0,,0,,0,,,,,,,,,,,,,0,0,0,,0,0,,0,0,1,,1,1,0,0,0,0,0,0,0,0,,,,,,0,,https://consent.youtube.com/m?continue=https%3A%2F%2Fwww.youtube.com%2Fc%2FPARIONSSPORTofficiel%3Fcbrd%3D1&gl=FR&m=0&pc=yt&cm=2&hl=fr&src=1,HTTP Redirect,,1.1,https://www.youtube.com/c/PARIONSSPORTofficiel,2024-05-17 15:30:50,,,,,,,,0,0,0,0,0,0,0,0,0
74,parions sport,15,https://apps.apple.com/fr/app/parions-sport-en-ligne/id360945239,1,,,62.0,28.0,55.0,151.0,1.0,0.0,0.0,,,,,,,,,,,,text/html,200,OK,Indexable,,‎Parions Sport En Ligne dans l’App Store,40,350,,0,0,"Consultez et comparez les avis et notes d’autres utilisateurs, visualisez des captures d’écran et découvrez Parions Sport En Ligne plus en détail. Téléchargez Parions Sport En Ligne et utilisez-le sur votre iPhone, iPad ou iPod touch.",234,1421,"Parions Sport En Ligne, La Française des jeux, Sports,Divertissement, apps ios, app, appstore, app store, iphone, ipad, ipod touch, itouch, itunes",146,Parions Sport En Ligne 17+,26,,0,Paris Sportifs FDJ officiel,27,La Française des jeux,21,,,,,,,https://apps.apple.com/fr/app/parions-sport-en-ligne/id360945239,,,,,,771645,164393,1234,229.0,0,0,Easy,0,0,3,,2,2,0,0,36,36,0,7,3,0,,,,,93b9b9e6e251369b7eeb1e9ca4aa80c4,0,,,,,1.1,https://apps.apple.com/fr/app/parions-sport-en-ligne/id360945239,2024-05-17 15:31:12,0.0,0.0,0.0,0.0,,Indexable,,0,0,0,0,0,0,0,0,0
75,parions sport,16,https://parionssport.store/,1,,,68.0,23.0,42.0,3.0,0.0,0.0,0.0,1.0,1808.0,,1899.0,14.0,1276.0,1302.6510965798097,1420.0,854.4609450674387,0.0,1.0,text/html; charset=utf-8,200,OK,Indexable,,Parions Sport,13,120,,0,0,Découvrez les produits Parions Sport,36,229,"parionssport, parions, sport, parionssport.store",48,Parions Store,13,,0,,0,Textile,7,,,,,,,,,,,,,113544,18621,179,61.0,0,0,Very Easy,0,0,0,,10,1,0,0,68,24,0,8,7,0,,,,,15b6ba1f5f80a31b554da4f60161fd9,0,,,,,1.1,https://parionssport.store/,2024-05-17 15:31:15,0.0,0.0,0.0,0.0,,Indexable,,0,0,0,0,0,0,0,0,0
76,parions sport,17,https://www.enligne.parionssport.fdj.fr/compte,1,200.0,38.0,63.0,28.0,59.0,118.0,4.0,239.0,20.0,47.0,895.0,22.0,2414.0,45.0,1165.0,2006.4299795851916,3337.0,4680.873586298478,736.5,32.0,text/html; charset=utf-8,200,OK,Indexable,,Connexion. Mon compte Parions Sport En Ligne - FDJ,50,474,,0,0,"Accédez et gérez votre compte Parions Sport : historique de vos paris, déposer ou retirer l'argent, fixez vos limites, mot de passe....",135,805,,0,,0,,0,,0,,0,,,,,,,https://www.enligne.parionssport.fdj.fr/compte,,,,,,236779,44161,30,8.0,0,0,Very Easy,0,0,0,,1,1,0,0,256,237,0,18,18,0,,,,,b3059f43027c42955e49a6032bb6b6f4,0,,,,,1.1,https://www.enligne.parionssport.fdj.fr/compte,2024-05-17 15:31:02,0.0,0.0,0.0,0.0,,Indexable,,0,0,0,0,0,0,0,0,0
77,parions sport,18,https://www.youtube.com/@PARIONSSPORTofficiel,1,,,53.0,22.0,48.0,8.0,0.0,0.0,0.0,97.0,,,,,,,,,,,application/binary,302,Found,Non-Indexable,Redirected,,0,0,,0,0,,0,0,,0,,0,,0,,0,,0,,,,,,,,,,,,,0,0,0,,0,0,,0,0,0,,1,1,0,0,0,0,0,0,0,0,,,,,,0,,https://consent.youtube.com/m?continue=https%3A%2F%2Fwww.youtube.com%2F%40PARIONSSPORTofficiel%3Fcbrd%3D1&gl=FR&m=0&pc=yt&cm=2&hl=fr&src=1,HTTP Redirect,,1.1,https://www.youtube.com/@PARIONSSPORTofficiel,2024-05-17 15:31:11,,,,,,,,0,0,0,0,0,0,0,0,0
78,parions sport,19,https://paris-sportifs.lefigaro.fr/avis/parions-sport/,1,200.0,36.0,54.0,33.0,45.0,10.0,173.0,78.0,58.0,88.0,2307.0,4.0,2587.0,3.0,2307.0,972.8362069296136,2587.0,646.0168447242806,0.0,3.0,text/html; charset=UTF-8,200,OK,Indexable,,Avis Parions Sport - Le test complet du bookmaker - mai 2024,60,543,,0,0,"Test de Parions Sport par des experts en paris sportifs. Service client, moyens de paiement, licences, types de paris, promotions, avis des joueurs, etc.",153,925,,0,Avis Parions Sport en Ligne,27,,0,Sommaire:,9,Parier avec Parions Sport : avantages et inconvénients,54,"index, follow, max-image-preview:large, max-snippet:-1, max-video-preview:-1",,,,,,https://paris-sportifs.lefigaro.fr/avis/parions-sport/,,,,,,233587,44829,1681,231.0,0,0,Fairly Easy,0,0,2,,1,1,0,0,151,121,0,14,13,0,,,,,4cbd70b64c4771cf0539dd2c580d95b7,0,"Fri, 17 May 2024 09:04:40 GMT",,,,1.1,https://paris-sportifs.lefigaro.fr/avis/parions-sport/,2024-05-17 15:31:06,0.0,0.0,0.0,0.0,,Indexable,,0,0,0,0,0,0,0,0,0
79,parions sport,20,https://www.pronosoft.com/fr/parions_sport/direct_live_tv.php,1,200.0,95.0,85.0,51.0,,1.0,125922.0,142.0,4.0,59.0,967.0,4.0,1542.0,14.0,1464.0,994.2419889432991,2038.0,4291.01175924062,714.769913797872,14.0,text/html,200,OK,Indexable,,Programme Tele et Live Parions Web,34,327,,0,0,"Programme Télévision, Video Streaming et Paris en Direct Live sur ParionsWeb.",77,490,,0,Programme ParionsSport à la Télé et Streaming Vidéo,51,,0,"Programme paris en live, vidéo-streaming et télé",48,,0,,,,,,,,,,,,,53079,8833,1104,282.0,0,0,Very Easy,0,0,2,,113,5,0,0,228,129,0,6,4,0,,,,,a0b0ed2f8d552bfbc7a6d99fcd2bd344,0,,,,,1.1,https://www.pronosoft.com/fr/parions_sport/direct_live_tv.php,2024-05-17 15:31:20,0.0,0.0,0.0,0.0,,Indexable,,0,0,0,0,0,0,0,0,0
80,sport,1,https://www.lequipe.fr/,0,200.0,8.0,88.0,76.0,84.0,360324.0,157965.0,193.0,9.0,,786.0,5.0,1375.0,9.0,841.0,1688.240469679869,1602.0,3662.4906516158417,714.5,8.0,text/html; charset=utf-8,200,OK,Indexable,,L'Équipe - L'actualité du sport en continu.,43,362,,0,0,"Le sport en direct sur L'Équipe. Les informations, résultats et classements de tous les sports. Directs commentés, images et vidéos à regarder et à partager",156,959,,0,,0,,0,Le relais de la flamme olympique,32,"Stakhovsky, du tennis à la guerre",33,"index,follow, max-snippet:-1,max-image-preview:large,max-video-preview:5",,,,,,https://www.lequipe.fr/,,,,,,725014,111454,512,193.0,0,0,Very Easy,0,0,0,,2,1,0,0,243,184,0,0,0,0,,,,,439d534f7667af6aebc18c1338b02dc0,0,,,,,1.1,https://www.lequipe.fr/,2024-05-17 15:31:07,0.0,0.0,0.0,0.0,,Indexable,,0,0,0,0,0,0,0,0,0
81,sport,2,https://sports.orange.fr/,0,,,85.0,68.0,83.0,90275.0,19814.0,0.0,0.0,,1167.0,5.0,1729.0,19.0,1129.0,2371.3370453392613,1751.0,2382.6445182631373,131.99999999999977,21.0,text/html; charset=UTF-8,200,OK,Indexable,,"Sport en direct, toute l'actualité sportive et résultats",56,455,,0,0,"L'actualité de tous les sports avec résultats, classements et informations en direct. Suivez les matches et compétitions sportives en live commentés...",151,928,,0,"Sport en direct, toute l'actualité sportive et résultats",56,,0,Fil info,8,Football Equipe de France Ligue 1 Serie A Liga,46,"index, follow",,,,,,,,,,,,83278,15963,1219,287.0,0,0,Very Easy,0,0,0,,7,1,0,0,138,76,0,0,0,0,,,,,61ea0c4f2a11a40c78f2cdde13506bda,0,,,,,1.1,https://sports.orange.fr/,2024-05-17 15:30:53,0.0,0.0,0.0,0.0,,Indexable,,0,0,0,0,0,0,0,0,0
82,sport,3,https://www.sports.fr/,0,200.0,312.0,90.0,68.0,88.0,473108.0,50237.0,160.0,7.0,,948.0,3.0,1056.0,18.0,1129.0,1313.9686069663203,1314.0,2956.4766591765733,242.0000000000001,23.0,text/html,403,Forbidden,Non-Indexable,Client Error,,0,0,,0,0,,0,0,,0,,0,,0,,0,,0,,,,,,,,,,,,,0,0,0,,0,0,,0,0,0,,0,0,0,0,0,0,0,0,0,0,,,,,,0,,,,,1.1,https://www.sports.fr/,2024-05-17 15:31:07,,,,,,,,0,0,0,0,0,0,0,0,0
83,sport,4,https://www.sport.fr/,0,200.0,87.0,84.0,68.0,81.0,95622.0,878.0,160.0,17.0,53.0,1838.0,3.0,2667.0,2.0,1841.0,1422.3773625125928,2232.0,532.138821751576,0.0,4.0,text/html; charset=UTF-8,200,OK,Indexable,,Sport.fr – Le site officiel du sport,36,290,,0,0,,0,0,,0,Sport.fr,8,,0,PSG : « je ne comprends que ce soit si évident pour les gens que Zaïre-Emery soit dans la liste »,97,PSG : Barcola en successeur de Mbappé ?,39,max-image-preview:large,,,,,,https://www.sport.fr/,,,,,,252940,40143,1811,629.0,0,0,Very Easy,0,0,0,,16,1,0,0,569,165,0,26,13,0,,,,,f1c5e185c161b27743e43d2f8e030e78,0,,,,,1.1,https://www.sport.fr/,2024-05-17 15:31:07,0.0,0.0,0.0,0.0,,Indexable,,0,0,0,0,0,0,0,0,0
84,sport,5,https://www.20minutes.fr/sport/,0,200.0,65.0,83.0,63.0,77.0,8728.0,122178.0,82.0,49.0,50.0,570.0,4.0,1152.0,15.0,757.0,1179.6266144740375,1263.0,2240.2341787321884,197.0,12.0,text/html; charset=UTF-8,200,OK,Indexable,,Sport : dernières actualités sportives et infos en direct - 20 Minutes,70,589,,0,0,,0,0,,0,Sport,5,,0,"Le numéro 1 mondial, Scottie Scheffler, interpellé par la police",64,Pourquoi les fans du Red Star vont fêter la montée en Ligue 2 en grognant ?,75,"index,follow,max-snippet:-1,max-image-preview:large,max-video-preview:-1",,,,,,https://www.20minutes.fr/sport/,https://www.20minutes.fr/sport/?page=2,,,,,409356,77832,1598,508.0,0,0,Easy,0,0,1,,5,1,0,0,422,244,0,15,15,0,,,,,96f23ee6b8cc9aa19657495ce8347485,0,"Fri, 17 May 2024 13:28:56 GMT",,,,1.1,https://www.20minutes.fr/sport/,2024-05-17 15:31:04,0.0,0.0,0.0,0.0,,Indexable,,0,0,0,0,0,0,0,0,0
85,sport,6,https://fr.wikipedia.org/wiki/Sport,0,200.0,41.0,78.0,69.0,72.0,2080.0,155.0,1114.0,300.0,,,,,,,,,,,,text/html; charset=UTF-8,200,OK,Indexable,,Sport — Wikipédia,17,159,,0,0,,0,0,,0,Sport,5,,0,Sommaire,8,Définitions[modifier | modifier le code],40,max-image-preview:standard,,,,,,https://fr.wikipedia.org/wiki/Sport,,,,,,452726,88764,14457,2539.0,0,0,Easy,0,0,1,,191,1,0,0,1957,1341,0,111,99,0,,,,,85d2829ac03c4d18caf8930ed37ca2ab,0,"Tue, 14 May 2024 14:31:44 GMT",,,,1.1,https://fr.wikipedia.org/wiki/Sport,2024-05-17 15:31:08,0.0,0.0,0.0,0.0,,Indexable,,0,0,0,0,0,0,0,0,0
86,sport,7,https://www.ouest-france.fr/sport/,0,,,73.0,33.0,69.0,968.0,0.0,0.0,0.0,,810.0,6.0,1806.0,3.0,1110.0,2254.484306395834,1597.0,1523.5807832214923,99.50000000000011,2.0,text/html;charset=utf-8,200,OK,Indexable,,"Sport : actualité du sport en direct, matchs en live commentés, images et vidéos",80,704,,0,0,"Sport : toute l'actualité en direct du football, du cyclisme, de la Formule 1, du basket-ball, du rugby, du handball, de la voile, etc. L’information en continu, en images et en vidéos, dans votre région, en France et ailleurs. Partagez et commentez en temps réel, à tout moment de la journée.",293,1749,,0,Sport,5,,0,Nos vidéos de sport,19,Foot,4,"max-snippet:-1,max-image-preview:large,max-video-preview:-1",,,,,,https://www.ouest-france.fr/sport/,https://www.ouest-france.fr/sport/?page=2,,,,,506935,97038,3684,1011.0,0,0,Very Easy,0,0,1,,8,1,0,0,465,364,0,19,19,0,,,,,5006ac1531c7dea5325f268713f0aab,0,"Fri, 17 May 2024 13:29:03 GMT",,,,1.1,https://www.ouest-france.fr/sport/,2024-05-17 15:30:54,0.0,0.0,0.0,0.0,,Indexable,,0,0,0,0,0,0,0,0,0
87,sport,8,https://www.francetvinfo.fr/sports/,0,,,87.0,73.0,83.0,85998.0,337153.0,0.0,0.0,,672.0,3.0,987.0,0.0,874.0,1410.8761681698663,1227.0,1189.1900118226959,17.0,1.0,text/html; charset=UTF-8,200,OK,Indexable,,"franceinfo sports ; l'actualité du sport en Direct, image et vidéo - Actualité, infos et vidéos en direct",105,863,,0,0,"Suivez en direct toute l'actualité 'Sports' : vivez l'info en live, en images et en vidéos. Participez, commentez et partager avec Franceinfo en temps réel ! Retrouvez tous nos articles, directs, reportages, témoignages, photos et vidéos sur le thème 'Sports'",259,1545,,0,Sport,5,,0,,0,,0,"index, follow, noarchive","max-snippet:300, max-image-preview:large, max-video-preview:3",,,,,https://www.francetvinfo.fr/sports/,https://www.francetvinfo.fr/sports/2.html,,,,,559124,81926,2830,617.0,0,0,Very Easy,0,0,1,,7,1,0,0,327,246,0,37,33,0,,,,,be2858642e7fa391283bbe3e134f95,0,,,,,1.1,https://www.francetvinfo.fr/sports/,2024-05-17 15:30:54,0.0,0.0,0.0,0.0,,Indexable,,0,0,0,0,0,0,0,0,0
88,sport,9,https://www.lemonde.fr/sport/,0,200.0,983.0,82.0,69.0,67.0,268.0,181129.0,243.0,37.0,79.0,748.0,3.0,1101.0,4.0,888.0,982.5893224707704,1144.0,1388.0000000000005,4.0,8.0,text/html;charset=UTF-8,200,OK,Indexable,,"Sport - Actualités, vidéos et infos en direct",45,371,,0,0,"Toute l’actualité sur le sujet Sport. Consultez l’ensemble des articles, reportages, directs, photos et vidéos de la rubrique Sport publiés par Le Monde.",153,919,,0,Sport,5,,0,,0,,0,"index, follow, noarchive",max-video-preview:3,max-image-preview:large,max-snippet:-1,,,https://www.lemonde.fr/sport/,,,,,,376915,94270,4138,483.0,0,0,Easy,0,0,1,,12,1,0,0,328,276,0,15,15,0,,,,,ad2f254590f2b3e8b00d2e4fe59a9ccb,0,,,,,1.1,https://www.lemonde.fr/sport/,2024-05-17 15:31:18,0.0,0.0,0.0,0.0,,Indexable,,0,0,0,0,0,0,0,0,0
89,sport,10,https://rmcsport.bfmtv.com/,0,200.0,154.0,89.0,74.0,88.0,326376.0,111587.0,351.0,51.0,,572.0,4.0,989.0,14.0,702.0,1472.9737974596815,1205.0,1530.0554851869701,105.99999999999989,12.0,text/html; charset=utf-8,200,OK,Indexable,,RMC Sport : l'actu du sport en direct et en continu,51,437,,0,0,"RMC Sport - Retrouvez toute l'actualité sur tous les sports, les matchs en direct et en multilive ainsi que les résultats commentés en temps réel.",146,885,,0,RMC Sport,9,,0,Scores,6,OM: Jean-Louis Gasset annonce la fin de sa carrière d'entraîneur,64,"index, follow, noarchive, max-snippet:-1, max-image-preview:large, max-video-preview:10",,,,,,https://rmcsport.bfmtv.com/,,,,,,627449,73525,4020,1065.0,0,0,Very Easy,0,0,0,,1,1,0,0,526,384,0,38,35,0,,,,,509af03fc0eb49a31b6f37def7defc66,0,,,,,1.1,https://rmcsport.bfmtv.com/,2024-05-17 15:31:02,0.0,0.0,0.0,0.0,,Indexable,,0,0,0,0,0,0,0,0,0
90,sport,11,https://www.lefigaro.fr/sports,1,200.0,22.0,87.0,79.0,84.0,71992.0,62748.0,347.0,105.0,85.0,664.0,5.0,1063.0,9.0,718.0,1758.0369803198942,1084.0,3991.193177004051,173.5,9.0,text/html,403,Forbidden,Non-Indexable,Client Error,,0,0,,0,0,,0,0,,0,,0,,0,,0,,0,,,,,,,,,,,,,373,373,0,,0,0,,0,0,0,,0,0,0,0,0,0,0,0,0,0,,,,,,0,,,,,1.1,https://www.lefigaro.fr/sports,2024-05-17 15:31:13,,,,,,,,0,0,0,0,0,0,0,0,0
91,sport,12,https://www.eurosport.fr/,1,200.0,42.0,90.0,73.0,88.0,883788.0,227051.0,171.0,24.0,67.0,951.0,3.0,1255.0,0.0,1102.0,2110.322504697925,1404.0,2571.4153145846412,519.4993976815476,1.0,text/html; charset=utf-8,200,OK,Indexable,,"Sport infos, vidéos & résultats en direct - Eurosport",53,446,,0,0,"Eurosport est votre destination pour toute l'actualité sportive, vidéos à la demande, commentaires et résumés: le tout en un même lieu. Suivez vos évènements sportifs favoris.",175,1081,,0,,0,,0,À la une,8,EN DIRECT SUR EUROSPORT,23,"index,follow,max-snippet:-1,max-image-preview:large,max-video-preview:-1",,,,,,https://www.eurosport.fr/,,,,,,935442,149487,1117,361.0,0,0,Very Easy,0,0,0,,3,1,0,0,254,179,0,8,8,0,,,,,4d288ed355c1925e99fc08c255a8652d,0,"Fri, 17 May 2024 13:30:52 GMT",,,,1.1,https://www.eurosport.fr/,2024-05-17 15:30:55,0.0,0.0,0.0,0.0,,Indexable,,0,0,0,0,0,0,0,0,0
92,sport,13,https://www.ladepeche.fr/sport/,1,200.0,147.0,84.0,66.0,79.0,11243.0,187599.0,126.0,26.0,72.0,619.0,4.0,819.0,11.0,891.0,1299.2487522890683,1191.0,1909.0023997202895,36.5,10.0,text/html; charset=UTF-8,200,OK,Indexable,,Sport : Toute l'actualité sportive - ladepeche.fr,49,405,,0,0,"Toute l’actualité sportive régionale, nationale et internationale. Retrouvez les derniers résultats de football, rugby, basket, handball, cyclisme, tennis...",157,919,,0,Sport,5,,0,"DIRECT. JO de Paris 2024 : la flamme olympique s’invite désormais à Colomiers et se rapproche de Toulouse, suivez son parcours en Haute-Garonne",143,"Wissam Ben Yedder mis en examen pour viol : l’ancien toulousain ""conteste fermement les faits"" lors d’une confrontation avec la plaignante",138,"max-snippet:-1, max-image-preview:large, max-video-preview:-1",,,,,,https://www.ladepeche.fr/sport/,https://www.ladepeche.fr/sport/page-2,,,,,191889,30182,2654,465.0,0,0,Easy,0,0,1,,1,1,0,0,200,158,0,20,19,0,,,,,a68d34fa6078e07a6fde6b4745fb6ea9,0,,,,,1.1,https://www.ladepeche.fr/sport/,2024-05-17 15:31:17,0.0,0.0,0.0,0.0,,Indexable,,0,0,0,0,0,0,0,0,0
93,sport,15,https://www.linternaute.com/sport/,1,200.0,84.0,88.0,61.0,86.0,472230.0,57824.0,118.0,71.0,33.0,1568.0,3.0,1838.0,2.0,1162.0,2597.337273201203,1591.0,3113.443527160158,473.1526051603338,4.0,text/html; charset=UTF-8,200,OK,Indexable,,"Sport : actu sportive, résultats, direct - Linternaute.com",58,483,,0,0,"Actualité du sport, résultats, matchs en direct sont sur Linternaute.com. Retrouvez aussi nos dossiers sur les sportifs, les coulisses du sport et la pratique sportive.",168,1010,,0,Giro 2024 : la course en direct,31,,0,Roland-Garros 2024 : les dernières infos,40,"Liste de Deschamps pour l'Euro : Kanté, Barcola... Une liste pleine de surprises",80,"max-snippet:-1, max-image-preview:large, max-video-preview:15",,,,,,https://www.linternaute.com/sport/,,,,,,104480,24551,728,150.0,0,0,Very Easy,0,0,1,,4,1,0,0,207,148,0,55,39,0,,,,,8116a3640da5f50c0f1b4e5a6a9f0db3,0,"Fri, 17 May 2024 13:28:37 GMT",,,,1.1,https://www.linternaute.com/sport/,2024-05-17 15:31:05,0.0,0.0,0.0,0.0,,Indexable,,0,0,0,0,0,0,0,0,0
94,sport,16,https://www.leparisien.fr/sports/,1,200.0,45.0,81.0,64.0,72.0,8690.0,70768.0,228.0,23.0,78.0,667.0,4.0,1162.0,4.0,916.0,2804.515915443187,1292.0,3808.3749997303457,1152.9999999999975,6.0,text/html; charset=utf-8,200,OK,Indexable,,Sport : Toute l'actualité sportive en direct sur Le Parisien,60,496,,0,0,"Suivez l'actualité sportive en direct: football, PSG, rugby, basket, cyclisme, F1, volley, handball sur Le Parisien",115,667,,0,Sports,6,,0,PSG,3,Les sportifs à suivre,21,"index, follow","max-snippet:-1, max-image-preview:large, max-video-preview:-1",,,,,https://www.leparisien.fr/sports/,,,,,,805679,151934,2828,623.0,0,0,Very Easy,0,0,1,,3,1,0,0,473,321,0,22,16,0,,,,,750a048f37ad5806df76d0e8c4a1a113,0,"Fri, 17 May 2024 13:27:44 GMT",,,,1.1,https://www.leparisien.fr/sports/,2024-05-17 15:30:50,0.0,0.0,0.0,0.0,,Indexable,,0,0,0,0,0,0,0,0,0
95,sport,17,https://www.sportsdirect.fr/,1,200.0,75.0,74.0,24.0,68.0,217.0,4125.0,46.0,33.0,,1573.0,6.0,1907.0,4.0,1734.0,1810.5013468084494,2112.0,2771.684680859206,463.64351604373974,1.0,text/html; charset=utf-8,200,OK,Indexable,,Sports Direct - Le sport commence ici,37,331,,0,0,"Votre boutique de sport tout-en-un pour les plus grandes marques - découvrez des chaussures de sport pour hommes, femmes et enfants. En plus de la mode sportive, des vêtements et accessoires.",191,1227,,0,,0,,0,POUR CHAQUE TYPE DE COURSE,26,MAILLOTS DE FOOTBALL,20,"index, follow",,,,,,https://www.sportsdirect.fr/,,,,,,372942,64077,427,121.0,0,0,Very Easy,0,0,0,,4,1,0,0,83,51,0,10,8,0,,,,,92d33fc41d36af1a17633a3a379c14d0,0,,,,,1.1,https://www.sportsdirect.fr/,2024-05-17 15:31:13,0.0,0.0,0.0,0.0,,Indexable,,0,0,0,0,0,0,0,0,0
96,sport,18,https://www.midilibre.fr/sport/,1,200.0,97.0,84.0,62.0,81.0,30934.0,133513.0,140.0,26.0,63.0,508.0,3.0,676.0,10.0,875.0,1058.4478908165045,1130.0,1964.2777836500868,27.500000000000114,8.0,text/html; charset=UTF-8,200,OK,Indexable,,Sport : Toute l'actualité sportive - midilibre.fr,49,389,,0,0,"Retrouvez toute l’actualité sportive des départements de l’Aveyron, du Gard, de l’Hérault, de l’Aude, de la Lozère et des Pyrénées-Orientales. Résultats et classements des...",174,1053,,0,Sport,5,,0,"Lens - MHSC : ""J’espère qu’on va faire un vrai match"", l’entraîneur montpelliérain Michel Der Zakarian ne veut pas bâcler la dernière",133,"VIDEO. ""Il part en prison et vous ne pouvez rien y faire"" : Scottie Scheffler, N.1 mondial de golf, arrêté par la police avant le PGA Championship",146,"max-snippet:-1, max-image-preview:large, max-video-preview:-1",,,,,,https://www.midilibre.fr/sport/,https://www.midilibre.fr/sport/page-2,,,,,167489,26052,2072,399.0,0,0,Very Easy,0,0,1,,4,1,0,0,214,139,0,29,24,0,,,,,aabd243c9760adf90f995a3138682fbe,0,,,,,1.1,https://www.midilibre.fr/sport/,2024-05-17 15:31:22,0.0,0.0,0.0,0.0,,Indexable,,0,0,0,0,0,0,0,0,0
97,sport,19,https://fr.news.yahoo.com/sport/,1,,,68.0,5.0,64.0,246.0,0.0,0.0,0.0,,1098.0,3.0,2744.0,7.0,1340.0,1133.8200213192654,2148.0,2401.0854691271156,74.49999999999977,5.0,text/html; charset=utf-8,307,Temporary Redirect,Non-Indexable,Redirected,,0,0,,0,0,,0,0,,0,,0,,0,,0,,0,,,,,,,,,,,,,0,0,0,,0,0,,0,0,1,,0,0,0,0,0,0,0,0,0,0,,,,,,0,,https://guce.yahoo.com/consent?brandType=eu&gcrumb=Ty74ucs&lang=fr-FR&done=https%3A%2F%2Ffr.news.yahoo.com%2Fsport%2F,HTTP Redirect,,1.1,https://fr.news.yahoo.com/sport/,2024-05-17 15:30:54,,,,,,,,0,0,0,0,0,0,0,0,0
98,sport,20,https://www.lindependant.fr/sport/,1,200.0,95.0,84.0,58.0,80.0,21445.0,125534.0,167.0,28.0,73.0,649.0,4.0,881.0,9.0,952.0,1025.3757574462386,1286.0,1939.0422619153144,28.999999999999886,9.0,text/html; charset=UTF-8,200,OK,Indexable,,Sport : Toute l'actualité sportive - lindependant.fr,52,429,,0,0,"Retrouvez toute l’actualité sportive de l’Aude et des Pyrénées-Orientales. Résultats, classements et lives des principaux clubs de rugby : à XIII avec les Dragons Catalans et à...",179,1077,,0,Sport,5,,0,"Top 14 - ""Ce qu’ils m’ont dit, c’est que je dois honorer mon contrat ici"" : le demi de mêlée australien Jake Gordon officialise sa non-venue à l’USAP",149,"Rugby – Finale de Nationale : pour Didier Codorniou, notre grand témoin, ""Narbonne a la vivacité et aussi le culot du jeu""",122,"max-snippet:-1, max-image-preview:large, max-video-preview:-1",,,,,,https://www.lindependant.fr/sport/,https://www.lindependant.fr/sport/page-2,,,,,184739,27011,2754,538.0,0,0,Very Easy,0,0,1,,4,1,0,0,235,157,0,25,22,0,,,,,c7403424a9314d3b8790b6c4d816ed43,0,,,,,1.1,https://www.lindependant.fr/sport/,2024-05-17 15:31:21,0.0,0.0,0.0,0.0,,Indexable,,0,0,0,0,0,0,0,0,0
