,Keyword,Position,Url,Top10,HTTP code BABBAR,TTFB (en ms) BABBAR,Page Value BABBAR,Page Trust BABBAR,Semantic Value BABBAR,Backlinks BABBAR,Backlinks host BABBAR,Host Outlinks BABBAR,Outlinks BABBAR,Score_1fr,Desktop First Contentful Paint Terrain,Desktop First Input Delay Terain,Desktop Largest Contentful Paint Terrain,Desktop Cumulative Layout Shift Terrain,Desktop First Contentful Paint Lab,Desktop Speed Index Lab,Desktop Largest Contentful Paint Lab,Desktop Time to Interactive Lab,Desktop Total Blocking Time Lab,Desktop Cumulative Layout Shift Lab,Content Type,Status Code,Status,Indexability_x,Indexability Status_x,Title 1,Title 1 Length,Title 1 Pixel Width,Title 2,Title 2 Length,Title 2 Pixel Width,Meta Description 1,Meta Description 1 Length,Meta Description 1 Pixel Width,Meta Keywords 1,Meta Keywords 1 Length,H1-1,H1-1 Length,H1-2,H1-2 Length,H2-1,H2-1 Length,H2-2,H2-2 Length,Meta Robots 1,Meta Robots 2,Meta Robots 3,X-Robots-Tag 1,Meta Refresh 1,Canonical Link Element 1,Canonical Link Element 2,"rel=""next"" 1","rel=""prev"" 1","HTTP rel=""next"" 1","HTTP rel=""prev"" 1",amphtml Link Element,Size (bytes),Transferred (bytes),Word Count,Sentence Count,Average Words Per Sentence,Flesch Reading Ease Score,Readability,Text Ratio,Crawl Depth,Folder Depth,Link Score,Inlinks,Unique Inlinks,Unique JS Inlinks,% of Total,Outlinks,Unique Outlinks,Unique JS Outlinks,External Outlinks,Unique External Outlinks,Unique External JS Outlinks,Closest Similarity Match,No. Near Duplicates,Spelling Errors,Grammar Errors,Hash,Response Time,Last Modified,Redirect URL,Redirect Type,Cookies,HTTP Version,URL Encoded Address,Crawl Timestamp,Errors,Warnings,Total Types,Unique Types,Type-1,Indexability_y,Indexability Status_y,Title 1 score,Meta Description 1 score,Meta Keywords 1 score,H1-1 score,H1-2 score,H2-1 score,H2-2 score,Meta Robots 1 score,Url score
0,Voiture,1,https://www.lacentrale.fr/,0,403.0,1075.0,88.0,52.0,86.0,180872.0,20272.0,0.0,0.0,,,,,,,,,,,,text/html;charset=utf-8,403.0,HTTP Forbidden,Non-Indexable,Client Error,,0.0,0.0,,0.0,0.0,,0.0,0.0,,0.0,,0.0,,0.0,,0.0,,0.0,,,,,,,,,,,,,583.0,583.0,0.0,,0,0,,0,0.0,0.0,,0.0,0.0,0.0,0,0.0,0.0,0.0,0.0,0.0,0.0,,,,,,0,,,,,1.1,https://www.lacentrale.fr/,2024-05-23 11:10:34,,,,,,,,0,0,0,0,0,0,0,0,0
1,Voiture,2,https://www.aramisauto.com/achat/,0,200.0,194.0,83.0,37.0,68.0,954.0,36157.0,134.0,10.0,82.0,962.0,4.0,2082.0,13.0,1844.0,1579.7129386391198,2460.0,4250.036083290803,2053.9757649539392,15.0,text/html; charset=utf-8,200.0,OK,Indexable,,Voitures neuves et d'occasion au meilleur prix garanti | Aramisauto,67.0,595.0,,0.0,0.0,Trouvez facilement votre prochaine voiture neuve et d'occasion. B√©n√©ficiez de r√©ductions jusqu'√† -40% sur les v√©hicules chez Aramisauto.,136.0,840.0,,0.0,voitures neuve et d'occasion en vente,37.0,,0.0,,0.0,,0.0,"index, follow",,,,,https://www.aramisauto.com/achat/,,https://www.aramisauto.com/?page=2,,,,,394073.0,43153.0,1603.0,409.0,0,0,Very Easy,0,0.0,1.0,,5.0,3.0,0.0,0,201.0,133.0,0.0,3.0,3.0,0.0,,,,,367014113bf850dafea1fa39af429734,0,,,,,1.1,https://www.aramisauto.com/achat/,2024-05-23 11:10:26,0.0,0.0,0.0,0.0,,Indexable,,0,0,0,0,0,0,0,0,0
2,Voiture,3,https://www.renault.fr/,0,200.0,201.0,89.0,73.0,85.0,197215.0,10840.0,142.0,48.0,72.0,1436.0,3.0,1556.0,32.0,1515.0,1480.562559896503,1982.0,1361.0121052810641,221.49819324163218,19.0,text/html; charset=utf-8,200.0,OK,Indexable,,Renault France - Achat de voitures neuves,41.0,375.0,,0.0,0.0,"Bienvenue sur le site officiel de Renault France. D√©couvrez l'ensemble de la gamme : v√©hicules particuliers (Twingo, Clio, Kadjar...), √©lectriques et utilitaires.",162.0,942.0,,0.0,"Renault.fr : achat de v√©hicules neufs, financement et services",62.0,RENAULT AUSTRAL E-TECH FULL HYBRID,34.0,D√©couvrez la gamme Renault,26.0,D√©couvrez nos voitures hybrides et √©lectriques,46.0,"index,follow",,,,,https://www.renault.fr/,,,,,,,576078.0,85701.0,2982.0,668.0,0,0,Easy,0,0.0,0.0,,4.0,1.0,0.0,0,255.0,170.0,0.0,20.0,17.0,0.0,,,,,de9b382240ae5e4cd90e4fa9aefc0cb1,0,,,,,1.1,https://www.renault.fr/,2024-05-23 11:10:30,0.0,0.0,0.0,0.0,,Indexable,,0,0,0,0,0,0,0,0,0
3,Voiture,4,https://www.leboncoin.fr/voitures/offres,0,403.0,13.0,87.0,27.0,87.0,12606.0,16.0,0.0,0.0,,,,,,,,,,,,text/html; charset=utf-8,403.0,Forbidden,Non-Indexable,Client Error,,0.0,0.0,,0.0,0.0,,0.0,0.0,,0.0,,0.0,,0.0,,0.0,,0.0,,,,,,,,,,,,,581.0,581.0,0.0,,0,0,,0,0.0,1.0,,0.0,0.0,0.0,0,0.0,0.0,0.0,0.0,0.0,0.0,,,,,,0,,,,,1.1,https://www.leboncoin.fr/voitures/offres,2024-05-23 11:10:32,,,,,,,,0,0,0,0,0,0,0,0,0
4,Voiture,5,https://www.spoticar.fr/voitures-occasion,0,200.0,29.0,86.0,40.0,49.0,2612.0,90136.0,434.0,19.0,18.0,2568.0,3.0,2596.0,55.0,2509.0,1609.2644403302052,3090.0,3490.9943175641915,329.4962589733931,8.0,text/html; charset=UTF-8,200.0,OK,Indexable,,V√©hicules occasion | SPOTICAR,29.0,280.0,,0.0,0.0,"SPOTICAR vous propose des occasions s√©lectionn√©es par les r√©seaux officiels de PEUGEOT, CITRO√ãN, OPEL, FIAT, JEEP, DS, ALFA ROMEO ET ABARTH",139.0,931.0,Voitures d'occasion; v√©hicules d'occasion,41.0,Notre s√©lection de v√©hicules d'occasion garantis,48.0,,0.0,68976 V√©hicules d'occasion,26.0,,0.0,"index, follow",,,,,https://www.spoticar.fr/voitures-occasion,,,,,,,1032879.0,71124.0,3377.0,1065.0,0,0,Very Easy,0,0.0,0.0,,52.0,2.0,0.0,0,873.0,434.0,0.0,9.0,8.0,0.0,,,,,110e5b2f1de5698ef5f3a21585f505a8,0,"Thu, 23 May 2024 07:54:36 GMT",,,,1.1,https://www.spoticar.fr/voitures-occasion,2024-05-23 11:10:43,0.0,0.0,0.0,0.0,,Indexable,,0,0,0,0,0,0,0,0,0
5,Voiture,6,https://www.autosphere.fr/recherche,0,200.0,561.0,85.0,32.0,67.0,234.0,89574.0,130.0,9.0,93.0,1195.0,20.0,1666.0,20.0,1818.0,3594.3573114694236,2303.0,5501.759480156439,1435.7048754899338,15.0,text/html; charset=UTF-8,200.0,OK,Indexable,,Voiture occasion : annonces autos garanties et r√©vis√©es en France,65.0,590.0,,0.0,0.0,Trouvez votre voiture d'occasion parmi des milliers d'annonces sur autosphere.fr. Des voitures r√©vis√©es et garanties par des concessionnaires partout en France.,160.0,986.0,,0.0,Annonces de voitures d'occasion toutes marques,46.0,,0.0,D√©couvrez toutes nos marques de voitures d‚Äôoccasion,51.0,Nos voitures d‚Äôoccasion par cat√©gorie,37.0,,,,,,https://www.autosphere.fr/recherche,,,,,,,1336816.0,209699.0,8950.0,1603.0,0,0,Easy,0,0.0,0.0,,79.0,2.0,0.0,0,252.0,133.0,0.0,7.0,6.0,0.0,,,,,8f84bbd308a221a4d0eccb1eb6c18675,0,,,,,1.1,https://www.autosphere.fr/recherche,2024-05-23 11:10:39,0.0,0.0,0.0,0.0,,Indexable,,0,0,0,0,0,0,0,0,0
6,Voiture,7,https://www.elite-auto.fr/,0,200.0,756.0,81.0,39.0,78.0,2694.0,361.0,91.0,5.0,,1115.0,2.0,1543.0,1.0,2234.0,1898.5328946341458,3176.0,3295.2293845826925,670.8290755945918,17.0,text/html; charset=utf-8,200.0,OK,Indexable,,Mandataire auto jusqu'√† -36.50% sur l'achat de votre voiture neuve et d'occasion avec Elite-Auto,96.0,849.0,,0.0,0.0,"Votre v√©hicule jusqu'√† -36.50%, neuf ou occasion, 29 marques, 9000 mod√®les, 2167 voitures disponibles ‚òé 01.30.49.40.40. Mandataire depuis 1995.",143.0,906.0,,0.0,Votre voiture neuve ou d'occasion avec un mandataire automobile.,64.0,,0.0,Nos marques,11.0,Nos cat√©gories de mod√®les,25.0,,,,,,https://www.elite-auto.fr/,,,,,,,234641.0,39962.0,1682.0,314.0,0,0,Normal,0,0.0,0.0,,2.0,2.0,0.0,0,109.0,95.0,0.0,5.0,4.0,0.0,,,,,87b680aca18252336dca6b4b8403bc25,0,,,,,1.1,https://www.elite-auto.fr/,2024-05-23 11:10:31,0.0,0.0,0.0,0.0,,Indexable,,0,0,0,0,0,0,0,0,0
7,Voiture,8,https://www.larousse.fr/dictionnaires/francais/voiture/82405,0,200.0,482.0,61.0,22.0,54.0,8.0,17.0,65.0,13.0,7.0,2432.0,5.0,3227.0,46.0,1742.0,6711.868697704816,2592.0,2442.415804282098,307.5,49.0,text/html; charset=utf-8,200.0,OK,Indexable,,D√©finitions : voiture - Dictionnaire de fran√ßais Larousse,57.0,487.0,,0.0,0.0,"voiture - D√©finitions Fran√ßais : Retrouvez la d√©finition de voiture, ainsi que les expressions, difficult√©s, citations... - synonymes, homonymes, difficult√©s, citations.",169.0,979.0,voiture,7.0,Expressions avec voiture,24.0,Difficult√©s de voiture,22.0,Ó†¨ voiture,9.0,"En voiture !,",13.0,"index,follow",,,,,https://www.larousse.fr/dictionnaires/francais/voiture/82405,,,,,,,57938.0,13570.0,614.0,201.0,0,0,Fairly Easy,0,0.0,3.0,,15.0,1.0,0.0,0,96.0,69.0,0.0,15.0,10.0,0.0,,,,,a46ae7e4194591207780bb5603367b7a,0,,,,,1.1,https://www.larousse.fr/dictionnaires/francais/voiture/82405,2024-05-23 11:10:26,0.0,0.0,0.0,0.0,,Indexable,,0,0,0,0,0,0,0,0,0
8,Voiture,9,https://www.sixt.fr/,0,200.0,44.0,84.0,71.0,79.0,25143.0,13363.0,150.0,63.0,1.0,992.0,21.0,1089.0,1.0,763.0,3256.526141438405,2529.0,6322.500568758246,3683.5000000000027,9.0,,302.0,302 Moved Temporarily,Non-Indexable,Redirected,,0.0,0.0,,0.0,0.0,,0.0,0.0,,0.0,,0.0,,0.0,,0.0,,0.0,,,,,,,,,,,,,0.0,0.0,0.0,,0,0,,0,0.0,0.0,,0.0,0.0,0.0,0,0.0,0.0,0.0,0.0,0.0,0.0,,,,,,0,,https://www.sixt.fr/unsupportedbrowser/,HTTP Redirect,,1.1,https://www.sixt.fr/,2024-05-23 11:10:26,,,,,,,,0,0,0,0,0,0,0,0,0
9,Voiture,10,https://www.largus.fr/,0,200.0,64.0,82.0,47.0,78.0,3701.0,12179.0,135.0,51.0,64.0,,,,,,,,,,,text/html;charset=utf-8,403.0,Forbidden,Non-Indexable,Client Error,,0.0,0.0,,0.0,0.0,,0.0,0.0,,0.0,,0.0,,0.0,,0.0,,0.0,,,,,,,,,,,,,578.0,578.0,0.0,,0,0,,0,0.0,0.0,,2.0,2.0,0.0,0,0.0,0.0,0.0,0.0,0.0,0.0,,,,,,0,,,,,1.1,https://www.largus.fr/,2024-05-23 11:10:41,,,,,,,,0,0,0,0,0,0,0,0,0
10,Voiture,11,https://www.automobile.fr/,1,,,84.0,65.0,82.0,9113.0,0.0,0.0,0.0,41.0,893.0,2.0,1009.0,1.0,529.0,817.050840563878,1041.0,1368.2153610004307,195.0000000000001,2.0,text/html;charset=utf-8,200.0,OK,Indexable,,automobile.fr: Voiture occasion ‚Äì Annonces auto moto,52.0,487.0,,0.0,0.0,"Recherchez des voitures d'occasion, motor-homes, motos et utilitaires sur automobile.fr¬†: Des milliers d'annonces automobile en France et en Europe",147.0,909.0,,0.0,Recherchez votre v√©hicule,25.0,Plus d'un million de v√©hicules neufs et d'occasion,50.0,Votre navigateur n'est malheureusement plus pris en charge,58.0,,0.0,,,,,,,,,,,,,46902.0,9866.0,305.0,63.0,0,0,Fairly Hard,0,0.0,0.0,,20.0,1.0,0.0,0,38.0,14.0,0.0,12.0,12.0,0.0,,,,,2d5faf5bcc3da3af15eee1480630178c,0,,,,,1.1,https://www.automobile.fr/,2024-05-23 11:10:32,0.0,0.0,0.0,0.0,,Indexable,,0,0,0,0,0,0,0,0,0
11,Voiture,12,https://www.bmw.fr/fr/accueil.html,1,200.0,63.0,83.0,58.0,77.0,30466.0,708.0,81.0,14.0,,1348.0,2.0,2381.0,2.0,1554.0,1895.5186657485626,2191.0,2861.7108784504508,521.4765050926557,6.0,text/html;charset=utf-8,200.0,OK,Indexable,,Site Officiel BMW | Voitures Neuves et d'Occasions,50.0,452.0,,0.0,0.0,"Les offres BMW pour particuliers et professionnels : Compacte, SUV, Berline, Break, Coup√©... En 100% √©lectrique, Hybride Rechargeable, Essence ou Diesel.",153.0,944.0,,0.0,,0.0,,0.0,Site Web actuellement non disponible en int√©gralit√©.,52.0,TROUVEZ VOTRE BMW.,18.0,"index,follow",,,,,https://www.bmw.fr/fr/accueil.html,,,,,,,142969.0,18624.0,929.0,208.0,0,0,Very Easy,0,0.0,1.0,,5.0,1.0,0.0,0,103.0,86.0,0.0,9.0,9.0,0.0,,,,,5cb153c8204fcd7b777f15818003d00e,0,,,,,1.1,https://www.bmw.fr/fr/accueil.html,2024-05-23 11:10:35,0.0,0.0,0.0,0.0,,Indexable,,0,0,0,0,0,0,0,0,0
12,Voiture,13,https://www.aramisauto.com/,1,200.0,44.0,83.0,49.0,74.0,1855.0,36085.0,94.0,6.0,79.0,1022.0,5.0,1538.0,24.0,1844.0,1578.7522592398248,2460.0,3776.891844595574,1126.4999999999998,15.0,text/html; charset=utf-8,200.0,OK,Indexable,,Aramisauto - Achat de voitures d'occasion ou neuves pas ch√®res - Mandataire auto,80.0,735.0,,0.0,0.0,Mieux qu'un mandataire : achetez votre voiture neuve ou d'occasion reconditionn√©e au meilleur prix garanti ! Aramisauto propose √©galement des solutions de financement et un service de reprise sans obligation d'achat.,216.0,1338.0,,0.0,Aramisauto s'engage √† rester au meilleur prix.,46.0,,0.0,Toutes,6.0,Neuve & faible km,17.0,"index, follow",,,,,https://www.aramisauto.com/,,,,,,,163804.0,25491.0,908.0,220.0,0,0,Easy,0,0.0,0.0,,7.0,3.0,0.0,0,126.0,98.0,0.0,4.0,3.0,0.0,,,,,8a480005ae57d566a1af24a95debda09,0,,,,,1.1,https://www.aramisauto.com/,2024-05-23 11:10:37,0.0,0.0,0.0,0.0,,Indexable,,0,0,0,0,0,0,0,0,0
13,Voiture,14,https://store.peugeot.fr/stock/,1,308.0,341.0,82.0,45.0,44.0,9.0,8.0,1.0,0.0,,2131.0,3.0,2820.0,3.0,2042.0,3853.034793732754,3190.0,7135.81686207315,2829.947322474653,9.0,text/plain; charset=utf-8,308.0,Permanent Redirect,Non-Indexable,Redirected,,0.0,0.0,,0.0,0.0,,0.0,0.0,,0.0,,0.0,,0.0,,0.0,,0.0,,,,,,,,,,,,,0.0,0.0,0.0,,0,0,,0,0.0,1.0,,0.0,0.0,0.0,0,0.0,0.0,0.0,0.0,0.0,0.0,,,,,,0,,https://store.peugeot.fr/stock,HTTP Redirect,,1.1,https://store.peugeot.fr/stock/,2024-05-23 11:10:36,,,,,,,,0,0,0,0,0,0,0,0,0
14,Voiture,15,https://www.autoscout24.fr/,1,200.0,141.0,92.0,59.0,89.0,585329.0,66853.0,92.0,25.0,71.0,1191.0,3.0,1677.0,0.0,1203.0,858.0698483756264,1618.0,1133.0,41.0,3.0,text/html; charset=utf-8,200.0,OK,Indexable,,150.000 voitures d'occasion en France | AutoScout24,51.0,469.0,,0.0,0.0,Voitures d'occasion √† vendre! Plus de 2.700.000 voitures d'occasions et neuves √† vendre en Europe avec AutoScout24.,115.0,729.0,,0.0,Tu cherches une voiture neuve ou d'occasion ? D√©couvre les offres disponibles sur AutoScout24,93.0,,0.0,AutoScout24: la plus grande plateforme en ligne de voitures en Europe,69.0,,0.0,"index, follow",,,,,https://www.autoscout24.fr/,,,,,,,467053.0,112902.0,839.0,176.0,0,0,Easy,0,0.0,0.0,,5.0,1.0,0.0,0,117.0,95.0,0.0,22.0,22.0,0.0,,,,,664d71b2c7a3ff5428dc34b243e576f6,0,,,,,1.1,https://www.autoscout24.fr/,2024-05-23 11:10:41,0.0,0.0,0.0,0.0,,Indexable,,0,0,0,0,0,0,0,0,0
15,Voiture,16,https://www.citroen.fr/,1,200.0,32.0,96.0,56.0,96.0,1574471.0,353.0,83.0,33.0,,1323.0,3.0,2002.0,82.0,1273.0,2212.355360260917,1700.0,4850.829630748762,309.0,46.0,text/html;charset=utf-8,200.0,OK,Indexable,,Site officiel de Citro√´n | Voitures neuves et d'occasion | Citro√´n FR,69.0,586.0,,0.0,0.0,"D√©couvrez la gamme compl√®te des voitures Citro√´n : SUV, citadines, berlines, voitures √©lectriques. D√©couvrez les offres, les services et plus encore.",149.0,893.0,,0.0,CITRO√ãN,7.0,,0.0,UNE GAMME POUR CHAQUE BESOIN,28.0,ACHETEZ VOTRE CITRO√ãN,21.0,,,,,,https://www.citroen.fr/,,,,,,,236827.0,33503.0,919.0,224.0,0,0,Fairly Easy,0,0.0,0.0,,34.0,1.0,0.0,0,193.0,101.0,0.0,25.0,17.0,0.0,,,,,27ba967f6d6fa12cb30a7b9e2c144a15,0,"Thu, 23 May 2024 04:58:04 GMT",,,,1.1,https://www.citroen.fr/,2024-05-23 11:10:30,0.0,0.0,0.0,0.0,,Indexable,,0,0,0,0,0,0,0,0,0
16,Voiture,17,https://www.autosphere.fr/,1,200.0,390.0,86.0,37.0,78.0,6579.0,89543.0,126.0,14.0,,1689.0,7.0,2536.0,8.0,1818.0,3064.4376581719716,2303.0,5438.592904156463,380.99999999999955,15.0,text/html; charset=UTF-8,200.0,OK,Indexable,,Autosphere,10.0,103.0,,0.0,0.0,"Festival Autosphere, jusqu'au 05/02 : une voiture √† gagner en concession, 2 ans d'entretien offerts et jusqu'√† -5000‚Ç¨ de r√©duction sur une s√©lection de voitures !",162.0,976.0,,0.0,Vous accompagner dans votre projet automobile,45.0,,0.0,"Pour bien choisir, choisissez autosphere :",42.0,Pourquoi choisir votre prochaine voiture neuve ou d'occasion sur autosphere.fr ?,80.0,,,,,,https://www.autosphere.fr/,,,,,,,316463.0,71493.0,7705.0,1203.0,0,0,Fairly Easy,0,0.0,0.0,,29.0,2.0,0.0,0,239.0,133.0,0.0,10.0,9.0,0.0,,,,,13686c6e66a03dd669d18fa17735f9c0,0,,,,,1.1,https://www.autosphere.fr/,2024-05-23 11:10:35,0.0,0.0,0.0,0.0,,Indexable,,0,0,0,0,0,0,0,0,0
17,Voiture,18,https://www.ada.fr/,1,200.0,248.0,82.0,54.0,76.0,3062.0,1659.0,86.0,10.0,,1326.0,3.0,2875.0,27.0,,2531.284780380966,,3310.4769244667505,687.4999999999995,,text/html; charset=utf-8,200.0,OK,Non-Indexable,noindex,ADA : location de voiture et utilitaire partout en France,57.0,484.0,,0.0,0.0,"Location de voiture et utilitaire proche de chez vous. Avec ADA, r√©servez votre v√©hicule en ligne, et profitez d'une large gamme de v√©hicules au meilleur prix.",159.0,946.0,,0.0,3 minutes chrono pour louer !,29.0,,0.0,Nos v√©hicules adapt√©s √† vos besoins,35.0,Trouvez rapidement la location adapt√©e,38.0,"noindex, nofollow",,,,,,,,,,,,304778.0,58718.0,952.0,181.0,0,0,Fairly Easy,0,0.0,0.0,,7.0,1.0,0.0,0,121.0,62.0,0.0,5.0,5.0,0.0,,,,,d233c885af2b505fb1b7c054b6d184b7,0,,,,,1.1,https://www.ada.fr/,2024-05-23 11:10:28,0.0,0.0,0.0,0.0,,Non-Indexable,noindex,0,0,0,0,0,0,0,0,0
18,Voiture,19,https://www.ford.fr/voitures-neuves,1,200.0,39.0,83.0,61.0,74.0,3459.0,3492.0,96.0,8.0,,972.0,5.0,2137.0,37.0,1366.0,4258.680663755789,2480.0,7654.002249299805,1140.000000000001,32.0,text/html,200.0,OK,Indexable,,Achat  voiture neuve : nos v√©hicules particuliers Ford | Ford FR,64.0,547.0,,0.0,0.0,"D√©couvrez notre large gamme de voitures Ford : Citadines, SUV, sportives, familiales, hybrides ou √©lectriques... Choisissez le v√©hicule de vos envies.",150.0,899.0,,0.0,Voitures Neuves,15.0,,0.0,Votre navigateur n'est plus compatible.,39.0,,0.0,,,,,,https://www.ford.fr/voitures-neuves,,,,,,,1034314.0,102758.0,609.0,179.0,0,0,Fairly Easy,0,0.0,0.0,,20.0,1.0,0.0,0,139.0,97.0,0.0,8.0,8.0,0.0,,,,,8ec0190d1a14276dc63b7f39e118ce24,0,"Wed, 22 May 2024 16:01:27 GMT",,,,1.1,https://www.ford.fr/voitures-neuves,2024-05-23 11:10:43,0.0,0.0,0.0,0.0,,Indexable,,0,0,0,0,0,0,0,0,0
19,Voiture,20,https://www.carizy.com/voiture-occasion,1,200.0,25.0,71.0,6.0,58.0,240.0,97.0,0.0,0.0,,1267.0,3.0,1306.0,41.0,1536.0,2508.565484588966,2123.0,3863.2192711285343,774.3875992153205,9.0,text/html; charset=utf-8,200.0,OK,Indexable,,,0.0,0.0,,0.0,0.0,,0.0,0.0,,0.0,,0.0,,0.0,,0.0,,0.0,,,,,,,,,,,,,4905.0,1561.0,1.0,1.0,0,0,Hard,0,0.0,0.0,,0.0,0.0,0.0,0,0.0,0.0,0.0,0.0,0.0,0.0,,,,,3d9d272f0d49d9204a29b69afc389222,0,,,,,1.1,https://www.carizy.com/voiture-occasion,2024-05-23 11:10:31,0.0,0.0,0.0,0.0,,Indexable,,0,0,0,0,0,0,0,0,0
20,le bon coin voiture,1,https://www.leboncoin.fr/voitures/offres,0,403.0,13.0,87.0,27.0,87.0,12606.0,16.0,0.0,0.0,,,,,,,,,,,,text/html; charset=utf-8,403.0,Forbidden,Non-Indexable,Client Error,,0.0,0.0,,0.0,0.0,,0.0,0.0,,0.0,,0.0,,0.0,,0.0,,0.0,,,,,,,,,,,,,581.0,581.0,0.0,,0,0,,0,0.0,1.0,,0.0,0.0,0.0,0,0.0,0.0,0.0,0.0,0.0,0.0,,,,,,0,,,,,1.1,https://www.leboncoin.fr/voitures/offres,2024-05-23 11:10:32,,,,,,,,0,0,0,0,0,0,0,0,0
21,le bon coin voiture,2,https://www.leboncoin.fr/_vehicules_/offres,0,,,66.0,6.0,52.0,19.0,16.0,0.0,0.0,,,,,,,,,,,,text/html; charset=utf-8,403.0,Forbidden,Non-Indexable,Client Error,,0.0,0.0,,0.0,0.0,,0.0,0.0,,0.0,,0.0,,0.0,,0.0,,0.0,,,,,,,,,,,,,581.0,581.0,0.0,,0,0,,0,0.0,1.0,,0.0,0.0,0.0,0,0.0,0.0,0.0,0.0,0.0,0.0,,,,,,0,,,,,1.1,https://www.leboncoin.fr/_vehicules_/offres,2024-05-23 11:10:39,,,,,,,,0,0,0,0,0,0,0,0,0
22,le bon coin voiture,3,https://www.leboncoin.fr/f/voitures/vehicle_type--4x4/p-3,0,,,,,,0.0,0.0,0.0,0.0,,,,,,,,,,,,text/html; charset=utf-8,403.0,Forbidden,Non-Indexable,Client Error,,0.0,0.0,,0.0,0.0,,0.0,0.0,,0.0,,0.0,,0.0,,0.0,,0.0,,,,,,,,,,,,,581.0,581.0,0.0,,0,0,,0,0.0,3.0,,0.0,0.0,0.0,0,0.0,0.0,0.0,0.0,0.0,0.0,,,,,,0,,,,,1.1,https://www.leboncoin.fr/f/voitures/vehicle_type--4x4/p-3,2024-05-23 11:10:41,,,,,,,,0,0,0,0,0,0,0,0,0
23,le bon coin voiture,4,https://www.leboncoin.fr/_vehicules_/offres/nord_pas_de_calais,0,,,,,,0.0,0.0,0.0,0.0,,,,,,,,,,,,text/html; charset=utf-8,403.0,Forbidden,Non-Indexable,Client Error,,0.0,0.0,,0.0,0.0,,0.0,0.0,,0.0,,0.0,,0.0,,0.0,,0.0,,,,,,,,,,,,,581.0,581.0,0.0,,0,0,,0,0.0,2.0,,0.0,0.0,0.0,0,0.0,0.0,0.0,0.0,0.0,0.0,,,,,,0,,,,,1.1,https://www.leboncoin.fr/_vehicules_/offres/nord_pas_de_calais,2024-05-23 11:10:32,,,,,,,,0,0,0,0,0,0,0,0,0
24,le bon coin voiture,5,https://www.leboncoin.fr/_vehicules_/offres/auvergne_rhone_alpes,0,,,,,,0.0,0.0,0.0,0.0,,,,,,,,,,,,text/html; charset=utf-8,403.0,Forbidden,Non-Indexable,Client Error,,0.0,0.0,,0.0,0.0,,0.0,0.0,,0.0,,0.0,,0.0,,0.0,,0.0,,,,,,,,,,,,,581.0,581.0,0.0,,0,0,,0,0.0,2.0,,0.0,0.0,0.0,0,0.0,0.0,0.0,0.0,0.0,0.0,,,,,,0,,,,,1.1,https://www.leboncoin.fr/_vehicules_/offres/auvergne_rhone_alpes,2024-05-23 11:10:31,,,,,,,,0,0,0,0,0,0,0,0,0
25,le bon coin voiture,6,https://www.leboncoin.fr/equipement_auto/offres,0,,,59.0,1.0,43.0,6.0,9.0,0.0,0.0,,,,,,,,,,,,text/html; charset=utf-8,403.0,Forbidden,Non-Indexable,Client Error,,0.0,0.0,,0.0,0.0,,0.0,0.0,,0.0,,0.0,,0.0,,0.0,,0.0,,,,,,,,,,,,,581.0,581.0,0.0,,0,0,,0,0.0,1.0,,0.0,0.0,0.0,0,0.0,0.0,0.0,0.0,0.0,0.0,,,,,,0,,,,,1.1,https://www.leboncoin.fr/equipement_auto/offres,2024-05-23 11:10:26,,,,,,,,0,0,0,0,0,0,0,0,0
26,le bon coin voiture,7,https://www.leboncoin.fr/_vehicules_/offres/nouvelle_aquitaine,0,,,,,,0.0,0.0,0.0,0.0,,,,,,,,,,,,text/html; charset=utf-8,403.0,Forbidden,Non-Indexable,Client Error,,0.0,0.0,,0.0,0.0,,0.0,0.0,,0.0,,0.0,,0.0,,0.0,,0.0,,,,,,,,,,,,,581.0,581.0,0.0,,0,0,,0,0.0,2.0,,0.0,0.0,0.0,0,0.0,0.0,0.0,0.0,0.0,0.0,,,,,,0,,,,,1.1,https://www.leboncoin.fr/_vehicules_/offres/nouvelle_aquitaine,2024-05-23 11:10:33,,,,,,,,0,0,0,0,0,0,0,0,0
27,le bon coin voiture,8,https://leboncoinsolutionspro.fr/automobile/,0,200.0,646.0,70.0,21.0,46.0,5.0,10.0,54.0,13.0,,2309.0,2.0,2936.0,2.0,1790.0,3533.4739112182706,2508.0,4265.400744819641,221.5,8.0,text/html; charset=UTF-8,200.0,OK,Indexable,,Automobile - leboncoin Solutions Pro,36.0,329.0,,0.0,0.0,,0.0,0.0,,0.0,Automobile,10.0,Le bon partenaire pour vendre vos v√©hicules,43.0,Le bon site pour vendre vos v√©hicules,37.0,"leboncoin, leadersur le march√© de l'automobile",46.0,"index, follow, max-image-preview:large, max-snippet:-1, max-video-preview:-1",,,,,https://leboncoinsolutionspro.fr/automobile/,,,,,,,234355.0,53439.0,1013.0,212.0,0,0,Fairly Hard,0,0.0,1.0,,2.0,1.0,0.0,0,91.0,54.0,0.0,15.0,13.0,0.0,,,,,3f1ddc068c2b2610afec309b2944bbae,0,,,,,1.1,https://leboncoinsolutionspro.fr/automobile/,2024-05-23 11:10:39,0.0,0.0,0.0,0.0,,Indexable,,0,0,0,0,0,0,0,0,0
28,le bon coin voiture,9,https://assistance.leboncoin.info/hc/fr/articles/360013003359--Acheteur-Combien-co%C3%BBte-le-paiement-s%C3%A9curis%C3%A9-pour-les-v%C3%A9hicules,0,200.0,44.0,71.0,23.0,,0.0,30.0,20.0,2.0,1.0,1831.0,2.0,2306.0,4.0,1240.0,821.0941441791988,1500.0,1414.1029577767622,45.0,6.0,,,,,,,,,,,,,,,,,,,,,,,,,,,,,,,,,,,,,,,,,0,0,,0,,,,,,,0,,,,,,,,,,,,0,,,,,,,,,,,,,,,0,0,0,0,0,0,0,0,0
29,le bon coin voiture,10,https://www.leboncoin.fr/_vehicules_/offres/provence_alpes_cote_d_azur/bouches_du_rhone,0,403.0,18.0,,,,0.0,0.0,0.0,0.0,,,,,,,,,,,,text/html; charset=utf-8,403.0,Forbidden,Non-Indexable,Client Error,,0.0,0.0,,0.0,0.0,,0.0,0.0,,0.0,,0.0,,0.0,,0.0,,0.0,,,,,,,,,,,,,581.0,581.0,0.0,,0,0,,0,0.0,3.0,,0.0,0.0,0.0,0,0.0,0.0,0.0,0.0,0.0,0.0,,,,,,0,,,,,1.1,https://www.leboncoin.fr/_vehicules_/offres/provence_alpes_cote_d_azur/bouches_du_rhone,2024-05-23 11:10:41,,,,,,,,0,0,0,0,0,0,0,0,0
30,le bon coin voiture,11,https://www.capital.fr/auto/ils-essayent-la-voiture-mise-en-vente-sur-leboncoin-et-repartent-avec-sans-payer-1436796,1,200.0,73.0,61.0,7.0,56.0,9.0,6.0,47.0,21.0,,1312.0,6.0,1798.0,2.0,1312.0,2554.3489290067546,1798.0,1599.7304821741477,35.5,2.0,text/html; charset=UTF-8,200.0,OK,Indexable,,Ils essayent la voiture mise en vente sur Leboncoin et repartent avec sans payer - Capital.fr,93.0,811.0,,0.0,0.0,Un habitant de Seine-Maritime s‚Äôest fait arnaquer en vendant sa BMW sur Leboncoin. Les malfaiteurs ont mis au point une arnaque tr√®s sophistiqu√©e.,146.0,919.0,,0.0,Ils essayent la voiture mise en vente sur Leboncoin et repartent avec sans payer,80.0,,0.0,Un mode op√©ratoire tr√®s sophistiqu√©,35.0,Pour aller plus loin,20.0,max-snippet:-1,max-image-preview:large,max-video-preview:-1,,,https://www.capital.fr/auto/ils-essayent-la-voiture-mise-en-vente-sur-leboncoin-et-repartent-avec-sans-payer-1436796,,,,,,,204259.0,46532.0,1047.0,195.0,0,0,Fairly Easy,0,0.0,1.0,,0.0,0.0,0.0,0,71.0,50.0,0.0,17.0,12.0,0.0,,,,,eb216a37129fd631d3e3fd1a9863f9a9,0,,,,,1.1,https://www.capital.fr/auto/ils-essayent-la-voiture-mise-en-vente-sur-leboncoin-et-repartent-avec-sans-payer-1436796,2024-05-23 11:10:42,0.0,0.0,0.0,0.0,,Indexable,,0,0,0,0,0,0,0,0,0
31,le bon coin voiture,12,https://actu.fr/societe/voitures-d-occasion-sur-leboncoin-diesel-electrique-voici-combien-elles-coutent-dans-votre-region_60909683.html,1,,,52.0,,48.0,5.0,0.0,0.0,0.0,22.0,798.0,3.0,1090.0,23.0,798.0,951.347916925599,1090.0,1220.9447919147847,233.99977268210046,23.0,text/html; charset=UTF-8,200.0,OK,Indexable,,"Voitures d'occasion sur Leboncoin : diesel, √©lectrique... voici combien elles co√ªtent dans votre r√©gion | Actu",110.0,948.0,,0.0,0.0,"De grosses diff√©rences de prix existent entre les r√©gions, pour des v√©hicules diesel, essence ou √©lectrique. Le classement exclusif en partenariat avec Leboncoin et l'Argus.",173.0,1037.0,,0.0,"Voitures d'occasion sur Leboncoin : diesel, √©lectrique... voici combien elles co√ªtent dans votre r√©gion",103.0,,0.0,17 000 euros en moyenne,23.0,Mod√®les plus chers en Ile-de-France et dans le sud,50.0,max-image-preview:large,"index, follow, max-snippet:-1, max-image-preview:large, max-video-preview:-1","index, follow, max-snippet:-1, max-image-preview:large, max-video-preview:-1",,,https://actu.fr/societe/voitures-d-occasion-sur-leboncoin-diesel-electrique-voici-combien-elles-coutent-dans-votre-region_60909683.html,,,,,,,70722.0,17526.0,999.0,165.0,0,0,Easy,0,0.0,1.0,,1.0,1.0,0.0,0,107.0,89.0,0.0,17.0,17.0,0.0,,,,,89b954e9ea28c74e449fdb16f8ef03be,0,,,,,1.1,https://actu.fr/societe/voitures-d-occasion-sur-leboncoin-diesel-electrique-voici-combien-elles-coutent-dans-votre-region_60909683.html,2024-05-23 11:10:41,0.0,0.0,0.0,0.0,,Indexable,,0,0,0,0,0,0,0,0,0
32,le bon coin voiture,13,https://www.lacentrale.fr/,1,403.0,1075.0,88.0,52.0,86.0,180872.0,20272.0,0.0,0.0,,,,,,,,,,,,text/html;charset=utf-8,403.0,HTTP Forbidden,Non-Indexable,Client Error,,0.0,0.0,,0.0,0.0,,0.0,0.0,,0.0,,0.0,,0.0,,0.0,,0.0,,,,,,,,,,,,,583.0,583.0,0.0,,0,0,,0,0.0,0.0,,0.0,0.0,0.0,0,0.0,0.0,0.0,0.0,0.0,0.0,,,,,,0,,,,,1.1,https://www.lacentrale.fr/,2024-05-23 11:10:34,,,,,,,,0,0,0,0,0,0,0,0,0
33,le bon coin voiture,14,https://www.leboncoin.fr/f/voitures/brand--Nissan/model--300,1,,,,,,0.0,0.0,0.0,0.0,,,,,,,,,,,,text/html; charset=utf-8,403.0,Forbidden,Non-Indexable,Client Error,,0.0,0.0,,0.0,0.0,,0.0,0.0,,0.0,,0.0,,0.0,,0.0,,0.0,,,,,,,,,,,,,581.0,581.0,0.0,,0,0,,0,0.0,3.0,,0.0,0.0,0.0,0,0.0,0.0,0.0,0.0,0.0,0.0,,,,,,0,,,,,1.1,https://www.leboncoin.fr/f/voitures/brand--Nissan/model--300,2024-05-23 11:10:36,,,,,,,,0,0,0,0,0,0,0,0,0
34,le bon coin voiture,15,https://www.youtube.com/watch?v=BgvKi9dDuwM,1,,,,,,,,,,,,,,,,,,,,,text/html; charset=utf-8,200.0,OK,Indexable,,les PIRE annonces de VOITURES sur LE BON COIN üüßüò± - YouTube,60.0,561.0,,0.0,0.0,"ON R√âAGIT AU PIRES ANNONCES DE VOITURES SUR LE BON COIN ! C'EST DU GRAND N‚ÄôIMPORTE QUOI !!üëç POUCE BLEU, ABONNE TOI ET METS LA CLOCHE üõéÔ∏è.......................",160.0,1067.0,"le bon coin, petites annonces betisier, petites annonces, les pires, les pires mots dans le carnet amixem, les pires vendeurs, les pires anecdotes mcfly et carlito, les pires moments de l'histoire, les pires objets amazon, les pires inventions amixem, les pires accidents de la route, les pires clients, le bon coin voiture, le bon coin amixem, le bon coin france voiture occasion, le bon coin and, le bon coin voiture occasion particulier, le bon coin voitures d'occasion",472.0,,0.0,,0.0,,0.0,,0.0,,,,,,https://www.youtube.com/watch?v=BgvKi9dDuwM,,,,,,,887568.0,204551.0,30.0,4.0,0,0,Very Hard,0,0.0,0.0,,0.0,0.0,0.0,0,13.0,12.0,0.0,2.0,2.0,0.0,,,,,82a8427668993765c4bc6a9241c27f0d,0,,,,,1.1,https://www.youtube.com/watch?v=BgvKi9dDuwM,2024-05-23 11:10:28,0.0,0.0,0.0,0.0,,Indexable,,0,0,0,0,0,0,0,0,0
35,le bon coin voiture,16,https://www.lesanciennes.com/annonces/voiture-collection/,1,200.0,3600.0,80.0,12.0,52.0,18.0,76995.0,56.0,5.0,50.0,705.0,6.0,715.0,2.0,868.0,1528.6484552403294,891.0,2255.564361219633,95.0,6.0,text/html; charset=UTF-8,200.0,OK,Indexable,,Voitures de collection √† vendre - lesAnciennes,46.0,410.0,,0.0,0.0,"Des milliers d'annonces de voiture de collection disponibles pour faire le bon choix - sur lesAnciennes, r√©f√©rence des annonces de collection.",142.0,850.0,"voiture ancienne, voiture collection, youngtimer, moto de collection, moto ancienne, v√©hicule ancien, v√©hicule collection, anciennes.com, les anciennes",151.0,PETITES ANNONCES V√©hicules anciens et de collection √† vendre,60.0,,0.0,,0.0,,0.0,,,,,,https://www.lesanciennes.com/annonces/voiture-collection/,,,,,,,130690.0,17465.0,1413.0,346.0,0,0,Very Easy,0,0.0,2.0,,10.0,1.0,0.0,0,139.0,63.0,0.0,6.0,3.0,0.0,,,,,4634f3d9e5c969e8284da12321557263,0,,,,,1.1,https://www.lesanciennes.com/annonces/voiture-collection/,2024-05-23 11:10:42,0.0,0.0,0.0,0.0,,Indexable,,0,0,0,0,0,0,0,0,0
36,le bon coin voiture,17,https://journalauto.com/services/olivier-flavier-leboncoin-nous-allons-orienter-nos-services-vers-le-financement-aux-cotes-des-constructeurs/,1,200.0,31.0,62.0,10.0,,0.0,67.0,35.0,15.0,,1258.0,2.0,1927.0,22.0,1258.0,1019.9007964093661,1927.0,1581.6104740071014,6.999999999999886,22.0,text/html; charset=UTF-8,200.0,OK,Indexable,,Leboncoin va orienter son service vers le financement automobile,64.0,587.0,,0.0,0.0,L'inform√©diaire s'est rapproch√© des captives des constructeurs pour int√©grer leurs offres de financement au parcours d'achat avant fin 2023.,140.0,864.0,,0.0,"Olivier Flavier, Leboncoin : ""Nous allons orienter nos services vers le financement aux c√¥t√©s des constructeurs""",112.0,,0.0,Sur le m√™me sujet,17.0,,0.0,"index, follow, max-image-preview:large, max-snippet:-1, max-video-preview:-1",,,,,https://journalauto.com/services/olivier-flavier-leboncoin-nous-allons-orienter-nos-services-vers-le-financement-aux-cotes-des-constructeurs/,,,,,,,190942.0,56948.0,1815.0,335.0,0,0,Fairly Easy,0,0.0,2.0,,2.0,1.0,0.0,0,58.0,39.0,0.0,17.0,14.0,0.0,,,,,1218c19ef4429add0d4686eaff496baa,0,"Thu, 23 May 2024 04:58:38 GMT",,,,1.1,https://journalauto.com/services/olivier-flavier-leboncoin-nous-allons-orienter-nos-services-vers-le-financement-aux-cotes-des-constructeurs/,2024-05-23 11:10:33,0.0,0.0,0.0,0.0,,Indexable,,0,0,0,0,0,0,0,0,0
37,le bon coin voiture,18,https://www2.mgcontact.eu/phpBB2/viewtopic.php?t=21212&start=725,1,,,,,,,,,,1.0,906.0,2.0,924.0,0.0,828.0,425.07173656532007,848.0,361.0,0.0,0.0,text/html; charset=UTF-8,200.0,OK,Indexable,,Annonce le bon coin - Page 30 - Forum MG,40.0,378.0,,0.0,0.0,,0.0,0.0,,0.0,,0.0,,0.0,Annonce le bon coin,19.0,,0.0,,,,,,https://www2.mgcontact.eu/phpBB2/viewtopic.php?t=21212&start=725,,,,,,,94691.0,11740.0,1505.0,592.0,0,0,Very Easy,0,0.0,1.0,,32.0,1.0,0.0,0,245.0,111.0,0.0,13.0,12.0,0.0,,,,,365ced5d6c4a1c01ace1f319e2d6ff12,0,,,,,1.1,https://www2.mgcontact.eu/phpBB2/viewtopic.php?t=21212&start=725,2024-05-23 11:10:38,0.0,0.0,0.0,0.0,,Indexable,,0,0,0,0,0,0,0,0,0
38,le bon coin voiture,19,https://www.automobile.fr/,1,,,84.0,65.0,82.0,9113.0,0.0,0.0,0.0,41.0,893.0,2.0,1009.0,1.0,529.0,817.050840563878,1041.0,1368.2153610004307,195.0000000000001,2.0,text/html;charset=utf-8,200.0,OK,Indexable,,automobile.fr: Voiture occasion ‚Äì Annonces auto moto,52.0,487.0,,0.0,0.0,"Recherchez des voitures d'occasion, motor-homes, motos et utilitaires sur automobile.fr¬†: Des milliers d'annonces automobile en France et en Europe",147.0,909.0,,0.0,Recherchez votre v√©hicule,25.0,Plus d'un million de v√©hicules neufs et d'occasion,50.0,Votre navigateur n'est malheureusement plus pris en charge,58.0,,0.0,,,,,,,,,,,,,46902.0,9866.0,305.0,63.0,0,0,Fairly Hard,0,0.0,0.0,,20.0,1.0,0.0,0,38.0,14.0,0.0,12.0,12.0,0.0,,,,,2d5faf5bcc3da3af15eee1480630178c,0,,,,,1.1,https://www.automobile.fr/,2024-05-23 11:10:32,0.0,0.0,0.0,0.0,,Indexable,,0,0,0,0,0,0,0,0,0
39,le bon coin voiture,20,https://www.journaldunet.com/patrimoine/finances-personnelles/1526909-voiture-collaborateur/,1,,,58.0,22.0,52.0,26.0,141.0,0.0,0.0,,1180.0,4.0,1551.0,5.0,1180.0,1873.0935283801916,1551.0,2878.318603209853,215.0521956859193,5.0,text/html; charset=UTF-8,200.0,OK,Indexable,,Voiture d'occasion¬†: cherchez ce mot sur Leboncoin et vous serez s√ªr de faire une bonne affaire,95.0,848.0,,0.0,0.0,"Avec l'inflation, le prix des voitures neuves ou d'occasion augmente. Toutes les astuces sont donc bonnes √† prendre pour faire baisser la facture.",146.0,885.0,,0.0,Voiture d'occasion : cherchez ce mot sur Leboncoin et vous serez s√ªr de faire une bonne affaire,95.0,,0.0,,0.0,,0.0,"max-snippet:-1, max-image-preview:large, max-video-preview:15",,,,1200,https://www.journaldunet.com/patrimoine/finances-personnelles/1526909-voiture-collaborateur/,,,,,,,144297.0,34330.0,845.0,160.0,0,0,Easy,0,0.0,3.0,,4.0,1.0,0.0,0,77.0,62.0,0.0,63.0,60.0,0.0,,,,,bcd83280da12f1e957bd03859ef42961,0,"Thu, 23 May 2024 09:05:47 GMT",https://www.journaldunet.com/patrimoine/finances-personnelles/1526909-voiture-collaborateur/,Meta Refresh Redirect,,1.1,https://www.journaldunet.com/patrimoine/finances-personnelles/1526909-voiture-collaborateur/,2024-05-23 11:10:36,0.0,0.0,0.0,0.0,,Indexable,,0,0,0,0,0,0,0,0,0
40,location voiture,1,https://www.sixt.fr/,0,200.0,44.0,84.0,71.0,79.0,25143.0,13363.0,150.0,63.0,1.0,992.0,21.0,1089.0,1.0,763.0,3256.526141438405,2529.0,6322.500568758246,3683.5000000000027,9.0,,302.0,302 Moved Temporarily,Non-Indexable,Redirected,,0.0,0.0,,0.0,0.0,,0.0,0.0,,0.0,,0.0,,0.0,,0.0,,0.0,,,,,,,,,,,,,0.0,0.0,0.0,,0,0,,0,0.0,0.0,,0.0,0.0,0.0,0,0.0,0.0,0.0,0.0,0.0,0.0,,,,,,0,,https://www.sixt.fr/unsupportedbrowser/,HTTP Redirect,,1.1,https://www.sixt.fr/,2024-05-23 11:10:26,,,,,,,,0,0,0,0,0,0,0,0,0
41,location voiture,2,https://www.europcar.fr/fr-fr,0,200.0,360.0,85.0,47.0,82.0,941.0,1935.0,72.0,45.0,59.0,1423.0,8.0,2086.0,32.0,1777.0,1269.0127771214643,2643.0,2170.05,969.5,28.0,text/html; charset=utf-8,200.0,OK,Indexable,,Europcar : Location voiture et utilitaire dans le monde,55.0,476.0,,0.0,0.0,Location voiture et utilitaire dans plus de 365 agences Europcar en France et √† travers le monde. Profitez des offres sp√©ciales et r√©servez en ligne !,150.0,896.0,"europe, location camionnettes, location de voiture, monde, location voitures",76.0,Location voiture et utilitaire : les offres du moment,53.0,,0.0,Location voitures et utilitaires,32.0,Remises et avantages,20.0,"index, follow",,,,,https://www.europcar.fr/fr-fr,,,,,,,364612.0,93152.0,928.0,170.0,0,0,Fairly Easy,0,0.0,0.0,,1.0,1.0,0.0,0,88.0,75.0,0.0,10.0,10.0,0.0,,,,,136e3528e1127daa2184857888bcf687,0,,,,,1.1,https://www.europcar.fr/fr-fr,2024-05-23 11:10:28,0.0,0.0,0.0,0.0,,Indexable,,0,0,0,0,0,0,0,0,0
42,location voiture,3,https://www.avis.fr/,0,200.0,10.0,85.0,59.0,81.0,123235.0,9984.0,118.0,22.0,68.0,1849.0,5.0,1880.0,49.0,1634.0,2317.739643702664,1707.0,5349.2488620622735,114.49999999999955,53.0,text/html;charset=UTF-8,200.0,OK,Indexable,,"Avis: Location de Voiture en France, en Europe et Dans le Monde",63.0,573.0,"Location de v√©hicule en France, en Europe et dans le monde - Avis",65.0,587.0,"Avec la location de v√©hicule Avis, r√©servez votre voiture d√®s maintenant et r√©cup√©rez 10 % du montant de votre location en ch√®que-cadeau sur Amazon.fr.",151.0,941.0,,0.0,√âconomisez 10 % avec une location de voiture plus avantageuse,61.0,,0.0,Avis Select Series en France,28.0,Gagnez des billets pour le championnat du monde d‚Äôendurance de la FIA !,71.0,,,,,,https://www.avis.fr/,,,,,,,191440.0,29499.0,979.0,163.0,0,0,Fairly Hard,0,0.0,0.0,,6.0,1.0,0.0,0,230.0,126.0,0.0,18.0,16.0,0.0,,,,,9d83241fa34b1d16587fcd9058b89e37,0,,,,,1.1,https://www.avis.fr/,2024-05-23 11:10:41,0.0,0.0,0.0,0.0,,Indexable,,0,0,0,0,0,0,0,0,0
43,location voiture,4,https://www.location.leclerc/,0,200.0,98.0,86.0,55.0,85.0,120060.0,710.0,22.0,35.0,76.0,1846.0,5.0,2782.0,20.0,3397.0,2404.7741218742094,3675.0,4182.2211108656065,91.50000000000045,9.0,text/html; charset=UTF-8,200.0,OK,Indexable,,Location de voitures et v√©hicules utilitaires en France - Location E.Leclerc,76.0,654.0,,0.0,0.0,Vous souhaitez louer un utilitaire ou une voiture avec ou sans permis ? Profitez des meilleurs tarifs et des avantages E. Leclerc sur le site location.leclerc !',161.0,940.0,,0.0,Location de voitures et d'utilitaires √† prix E.Leclerc partout en France,72.0,,0.0,Nos v√©hicules,13.0,Nos agences,11.0,,,,,,,,,,,,,129057.0,20373.0,1622.0,377.0,0,0,Normal,0,0.0,0.0,,3.0,1.0,0.0,0,43.0,23.0,0.0,65.0,35.0,0.0,,,,,bee5ee486366eee66d0e270f9f3af989,0,,,,,1.1,https://www.location.leclerc/,2024-05-23 11:10:32,0.0,0.0,0.0,0.0,,Indexable,,0,0,0,0,0,0,0,0,0
44,location voiture,5,https://www.kayak.fr/cars,0,200.0,226.0,84.0,50.0,79.0,13826.0,115837.0,156.0,64.0,65.0,1160.0,6.0,2242.0,22.0,1380.0,2053.7962710296274,2286.0,2863.634028614217,363.00000000000045,13.0,text/html;charset=UTF-8,200.0,OK,Indexable,,Location de voiture pas ch√®re √† partir de 8¬†‚Ç¨/jour - KAYAK,58.0,513.0,,0.0,0.0,KAYAK parcourt des centaines de sites pour trouver la voiture de location parfaite. Trouvez la voiture qui vous convient et √©conomisez 30% ou plus.,147.0,903.0,,0.0,Recherchez des locations de voitures pas ch√®res,47.0,,0.0,O√π allez-vous ?,15.0,Louez une voiture au meilleur prix dans l‚Äôune de ces destinations,65.0,noodp,,,,,https://www.kayak.fr/cars,,,,,,,406742.0,82793.0,3514.0,520.0,0,0,Easy,0,0.0,0.0,,12.0,2.0,0.0,0,169.0,158.0,0.0,87.0,59.0,0.0,,,,,8fdba2ec7c358992ca937a7ac92e25a2,0,,,,,1.1,https://www.kayak.fr/cars,2024-05-23 11:10:33,0.0,0.0,0.0,0.0,,Indexable,,0,0,0,0,0,0,0,0,0
45,location voiture,6,https://www.hertz.fr/rentacar/reservation/,0,200.0,384.0,80.0,64.0,74.0,26053.0,3564.0,95.0,57.0,39.0,2576.0,3.0,4364.0,17.0,2230.0,3205.5924526936396,3675.0,4571.102389909835,1002.0235601015537,21.0,text/html; charset=UTF-8,200.0,OK,Non-Indexable,Redirected,Location voitures & utilitaires - Europe & International ‚Äì Hertz,64.0,545.0,,0.0,0.0,R√©servez votre location de voiture ou utilitaire en France ou √† l'International avec Hertz. R√©servez d√®s aujourd'hui pour profiter de nos meilleurs tarifs.,155.0,914.0,"location voiture, location utilitaire, location voiture pas cher, louer une voiture, location voiture martinique, location v√©hicule, location de voitures, location voiture paris, location voiture maroc, location auto,location voiture casablanca,location voiture portugal",270.0,,0.0,,0.0,,0.0,,0.0,"index,follow,noodp",,,,0; url=/rentacar/errors/jsCookieErrorPage?nojs=true,https://www.hertz.fr/rentacar/reservation/,,,,,,,220119.0,46334.0,113.0,43.0,0,0,Fairly Hard,0,0.0,2.0,,0.0,0.0,0.0,0,127.0,92.0,0.0,15.0,13.0,0.0,,,,,69b5eb2b022aaddb387b75ff8a2b10df,0,,https://www.hertz.fr/rentacar/errors/jsCookieErrorPage?nojs=true,Meta Refresh Redirect,,1.1,https://www.hertz.fr/rentacar/reservation/,2024-05-23 11:10:31,0.0,0.0,0.0,0.0,,Non-Indexable,Redirected,0,0,0,0,0,0,0,0,0
46,location voiture,7,https://fr.getaround.com/,0,200.0,221.0,89.0,58.0,89.0,187863.0,9226.0,48.0,26.0,68.0,1015.0,2.0,1090.0,1.0,1204.0,1375.1327246362478,1476.0,1334.499445165849,56.5,1.0,text/html; charset=utf-8,200.0,OK,Indexable,,Location Voiture et Autopartage - Getaround,43.0,396.0,,0.0,0.0,"Louez la voiture d‚Äôun particulier en libre-service pr√®s de vous. Assurance & 200km/jour inclus. Finies les files d‚Äôattente: ouvrez la voiture avec notre app, en France et en Europe",180.0,1068.0,,0.0,Location de voiture entre particuliers,38.0,,0.0,Vous cherchez une voiture aux √âtats-Unis ?,42.0,Rentabilisez votre voiture !,28.0,"index, follow",,,,,https://fr.getaround.com/,,,,,,,90454.0,22764.0,1342.0,244.0,0,0,Normal,0,0.0,0.0,,1.0,1.0,0.0,0,67.0,57.0,0.0,9.0,9.0,0.0,,,,,c3f5e0fa98e7b540fd11e2e395e182a0,0,,,,,1.1,https://fr.getaround.com/,2024-05-23 11:10:38,0.0,0.0,0.0,0.0,,Indexable,,0,0,0,0,0,0,0,0,0
47,location voiture,8,https://location.carrefour.fr/vehicules/voiture,0,200.0,1351.0,74.0,35.0,61.0,67.0,1325.0,46.0,5.0,41.0,2450.0,3.0,3556.0,21.0,3532.0,2021.632947191335,4183.0,2259.092862189719,227.49999999999977,20.0,text/html; charset=UTF-8,200.0,OK,Indexable,,"Location voiture pas ch√®re, louer une voiture",45.0,395.0,,0.0,0.0,"Carrefour Location : Entre amis ou en famille, √©vadez-vous √† prix minis ! Citadine ou routi√®re, louez votre voiture √† partir de 4‚Ç¨/jour.",136.0,801.0,,0.0,Location de voiture pas ch√®re,29.0,,0.0,Louer une voiture pas ch√®re,27.0,,0.0,,,,,,,,,,,,,2443952.0,181730.0,3634.0,766.0,0,0,Easy,0,0.0,1.0,,56.0,1.0,0.0,0,280.0,81.0,0.0,0.0,0.0,0.0,,,,,e66baec81cf738ffefc2fdb2c6b825d,0,,,,,1.1,https://location.carrefour.fr/vehicules/voiture,2024-05-23 11:10:31,0.0,0.0,0.0,0.0,,Indexable,,0,0,0,0,0,0,0,0,0
48,location voiture,9,https://www.rentalcars.com/fr/,0,405.0,129.0,73.0,26.0,68.0,406.0,1037.0,0.0,0.0,,896.0,3.0,1020.0,2.0,1270.0,991.6485038185131,3346.0,2250.1221488962346,205.71257451547137,24.0,text/html; charset=utf-8,200.0,OK,Indexable,,"Location Voiture Pas Cher, Comparateur Prix - Rentalcars.com",60.0,555.0,,0.0,0.0,"Comparez les offres de location de voitures et trouvez les tarifs les plus avantageux dans plus de 60 000 agences dans le monde. R√©servez en ligne aujourd'hui aupr√®s du plus grand service de location de v√©hicules au monde. √âconomisez sur la location de voitures de luxe, classes √©co et familiales.",297.0,1814.0,"location voiture, location voiture pas cher, location de voiture, location de voiture pas cher, comparateur location voiture, louer une voiture, louer une voiture pas cher, location voitures, louer voiture, location vehicule, voiture location, location de voitures, location voiture pas chere, rentalcars, rental cars",317.0,"Location de voitures - Recherchez, comparez et faites de vraies √©conomies !",75.0,,0.0,Rentalcars.com vous connecte aux plus grandes enseignes de location de voitures.,80.0,Les destinations les plus pris√©es dans le monde,47.0,"index, follow",,,,,https://www.rentalcars.com/fr/,,,,,,,327366.0,51861.0,957.0,181.0,0,0,Normal,0,0.0,1.0,,2.0,1.0,0.0,0,104.0,103.0,0.0,7.0,7.0,0.0,,,,,ab090f02f5917d1e3f137efaf11e9b03,0,,,,,1.1,https://www.rentalcars.com/fr/,2024-05-23 11:10:35,0.0,0.0,0.0,0.0,,Indexable,,0,0,0,0,0,0,0,0,0
49,location voiture,10,https://www.ulocation.com/accueil/1-vehicules/2-tourisme.html,0,200.0,265.0,76.0,59.0,68.0,231.0,1032.0,114.0,12.0,21.0,1245.0,2.0,1491.0,1.0,982.0,1604.5220364716547,1213.0,2034.2695923173264,24.5,9.0,text/html;charset=UTF-8,200.0,,Indexable,,Location de voiture pas ch√®re - R√©servez en ligne | Ulocation,61.0,535.0,,0.0,0.0,"Retrouvez toutes nos offres de v√©hicules tourismes, camions frigorifiques, remorques dans une de nos 780 agences U Location.",124.0,785.0,,0.0,V√©hicule Tourisme,17.0,,0.0,Berline,7.0,Break,5.0,"index,follow",,,,,https://www.ulocation.com/accueil/1-vehicules/2-tourisme.html,https://www.ulocation.com/accueil/1-vehicules/2-tourisme.html,,,,,,184126.0,16164.0,872.0,301.0,0,0,Fairly Easy,0,0.0,2.0,,13.0,1.0,0.0,0,211.0,115.0,0.0,24.0,12.0,0.0,,,,,2e4770083883ab6cc5e34bbff816cbe5,0,,,,,1.1,https://www.ulocation.com/accueil/1-vehicules/2-tourisme.html,2024-05-23 11:10:36,0.0,0.0,0.0,0.0,,Indexable,,0,0,0,0,0,0,0,0,0
50,location voiture,11,https://www.roadstr.fr/,1,200.0,244.0,84.0,51.0,76.0,3337.0,53194.0,52.0,6.0,64.0,1057.0,2.0,1214.0,2.0,887.0,1269.870333487445,964.0,2122.2354888294894,156.5,0.0,text/html; charset=utf-8,200.0,OK,Indexable,,"Roadstr | Location de voiture, premium, sport et collection",59.0,514.0,,0.0,0.0,"Louer une voiture inoubliable pour une journ√©e, un week-end ou plus. Location des plus belles anciennes, sportives, √©lectriques et premium de France.",149.0,914.0,,0.0,La solution id√©ale pour votre location de voiture,49.0,,0.0,Plus de 4500 voitures de particuliers et de professionnels √† louer au meilleur prix,83.0,Louez l‚Äôintrouvable avec Roadstr,32.0,"index, follow",,,,,https://www.roadstr.fr/,,,,,,,81974.0,21211.0,1738.0,246.0,0,0,Normal,0,0.0,0.0,,4.0,1.0,0.0,0,86.0,56.0,0.0,5.0,5.0,0.0,,,,,1ab78349c6f7e98d7bf3f0db03f2fbc4,0,,,,,1.1,https://www.roadstr.fr/,2024-05-23 11:10:32,0.0,0.0,0.0,0.0,,Indexable,,0,0,0,0,0,0,0,0,0
51,location voiture,12,https://www.enterprise.fr/fr/location-voiture.html,1,200.0,34.0,77.0,41.0,52.0,5.0,10708.0,139.0,16.0,19.0,650.0,3.0,1003.0,71.0,1037.0,1210.2470111699329,2387.0,3992.64849763171,477.9084483414679,69.0,text/html; charset=UTF-8,200.0,OK,Indexable,,Location de Voitures en France et Dans le Monde | Enterprise Rent-A-Car,71.0,645.0,,0.0,0.0,Louez une voiture avec Enterprise. Une large gamme de voitures de locations √† court et long terme & service client prim√©. R√©servez votre voiture avec Enterprise.,161.0,981.0,,0.0,Location de voiture chez Enterprise,35.0,,0.0,D√©couvrir notre gamme de voitures,33.0,Louer une voiture en aller simple,33.0,,,,,,https://www.enterprise.fr/fr/location-voiture.html,,,,,,,338294.0,47656.0,993.0,237.0,0,0,Fairly Easy,0,0.0,1.0,,7.0,1.0,0.0,0,244.0,144.0,0.0,15.0,15.0,0.0,,,,,e99cd7c49994cd6ab0d67ad5f1755e,0,,,,,1.1,https://www.enterprise.fr/fr/location-voiture.html,2024-05-23 11:10:42,0.0,0.0,0.0,0.0,,Indexable,,0,0,0,0,0,0,0,0,0
52,location voiture,13,https://turo.com/fr/fr,1,,,89.0,50.0,89.0,29752.0,124374.0,0.0,0.0,42.0,989.0,3.0,1047.0,6.0,1140.0,705.6867771227435,2197.0,3774.963572431435,1790.5101329754318,4.0,text/html; charset=utf-8,200.0,OK,Indexable,,Turo | Location de voiture sur la plus grande plateforme d‚Äôautopartage au monde,79.0,717.0,,0.0,0.0,"Oubliez les agences de location de voiture ‚Äî Prenez la route avec Turo, la plus grande plateforme d‚Äôautopartage au monde.",121.0,755.0,,0.0,Explorez la plus grande plateforme de location de voiture entre particuliers au monde,85.0,,0.0,Louez la voiture parfaite et partez √† la conqu√™te des grands espaces,68.0,Louez la voiture parfaite pour souffler le weekend,50.0,,,,,,https://turo.com/fr/fr,,,,,,,365305.0,76527.0,392.0,112.0,0,0,Fairly Hard,0,0.0,1.0,,3.0,1.0,0.0,0,158.0,101.0,0.0,7.0,7.0,0.0,,,,,251dbaf7ffcebeb0e0268aa5d9a06622,0,,,,,1.1,https://turo.com/fr/fr,2024-05-23 11:10:29,0.0,0.0,0.0,0.0,,Indexable,,0,0,0,0,0,0,0,0,0
53,location voiture,14,https://www.autoeurope.fr/,1,403.0,223.0,75.0,40.0,67.0,262.0,125.0,0.0,0.0,69.0,1662.0,6.0,2243.0,2.0,4861.0,2833.4845644395364,5856.0,4754.683763248456,1148.4999999999989,11.0,text/html;charset=utf-8,200.0,OK,Indexable,,Location voiture pas ch√®re √† partir de 5‚Ç¨/j avec Auto Europe,60.0,533.0,,0.0,0.0,"Location de voiture pas ch√®re en 3 √©tapes faciles chez Auto Europe, votre partenaire de confiance - Prix comp√©titifs et excellent service depuis 1954.",150.0,906.0,"location voiture, location voiture pas ch√®re, location de voiture, location de voiture pas chere, location de voitures, comparateur location voiture, location vehicule, location auto, comparer location voiture, comparer location v√©hicule",237.0,LOCATION DE VOITURE AUTO EUROPE & CONSEILS DE VOYAGE,52.0,,0.0,Auto Europe,11.0,PROMO D'√âT√â ! JUSQU'√Ä -20%,26.0,,,,,,https://www.autoeurope.fr/,,,,,,,198940.0,58890.0,1712.0,347.0,0,0,Fairly Easy,0,0.0,0.0,,5.0,1.0,0.0,0,239.0,144.0,0.0,3.0,3.0,0.0,,,,,6c24812809c6da8f28b5978414a401fb,0,,,,,1.1,https://www.autoeurope.fr/,2024-05-23 11:10:37,0.0,0.0,0.0,0.0,,Indexable,,0,0,0,0,0,0,0,0,0
54,location voiture,15,https://citiz.coop/,1,200.0,491.0,80.0,63.0,75.0,3404.0,186.0,29.0,7.0,7.0,1339.0,2.0,1356.0,0.0,1055.0,1276.2036987795173,1136.0,1863.106681375515,15.499999999999773,0.0,text/html; charset=UTF-8,200.0,OK,Indexable,,Citiz : R√©seau d'autopartage en France,38.0,342.0,,0.0,0.0,Location de voitures partag√©es Citiz : le premier r√©seau coop√©ratif d'autopartage. Nos voitures sont en libre-service 24h/24 dans plus de quatre-vingt villes en France !,169.0,1017.0,"Autopartage, Carsharing, Voiture en libre-service, Location, France",67.0,Le r√©seau d'autopartage CITIZ,29.0,,0.0,"Un r√©seau national, un service local",36.0,Nos stations,12.0,"index, follow",,,,,https://citiz.coop/,,,,,,,38632.0,7961.0,236.0,50.0,0,0,Fairly Easy,0,0.0,0.0,,3.0,1.0,0.0,0,49.0,28.0,0.0,11.0,7.0,0.0,,,,,876ea7e58d90fa0a065987f5b4bd0771,0,,,,,1.1,https://citiz.coop/,2024-05-23 11:10:36,0.0,0.0,0.0,0.0,,Indexable,,0,0,0,0,0,0,0,0,0
55,location voiture,16,https://www.alamo.fr/fr/location-voiture.html,1,200.0,38.0,75.0,32.0,,0.0,6613.0,34.0,4.0,19.0,889.0,2.0,908.0,8.0,1251.0,1788.4256080406194,1513.0,3435.013533045322,476.46208170414525,17.0,text/html; charset=UTF-8,200.0,OK,Indexable,,R√©servations de location de voiture - Alamo Rent A Car,54.0,487.0,,0.0,0.0,Louez une voiture √† petit prix avec Alamo¬Æ.,43.0,268.0,,0.0,Commencer une r√©servation de location de voiture,48.0,,0.0,Faire une r√©servation,21.0,,0.0,,,,,,https://www.alamo.fr/fr/location-voiture.html,,,,,,,62004.0,13105.0,26.0,7.0,0,0,Normal,0,0.0,1.0,,3.0,1.0,0.0,0,42.0,36.0,0.0,4.0,4.0,0.0,,,,,d0f2ce0885f0fdb572ab4baec8f2bab9,0,"Thu, 23 May 2024 03:25:19 GMT",,,,1.1,https://www.alamo.fr/fr/location-voiture.html,2024-05-23 11:10:26,0.0,0.0,0.0,0.0,,Indexable,,0,0,0,0,0,0,0,0,0
56,location voiture,17,https://www.hertz.fr/p/location-de-voiture/france/paris,1,200.0,58.0,76.0,52.0,56.0,39.0,10273.0,113.0,32.0,56.0,1346.0,3.0,1474.0,5.0,2230.0,2776.699836444851,3675.0,4850.26926920848,1048.6815770311096,21.0,text/html; charset=UTF-8,200.0,OK,Indexable,,Location de voiture √†¬† Paris √†¬† partir de 27.00 ‚Ç¨ par jour - Hertz,66.0,542.0,,0.0,0.0,"Disposer d‚Äôune voiture de location √† Paris, c‚Äôest s‚Äôassurer de ne rien manquer de la capitale et de ses environs. R√©servez d√®s aujourd‚Äôhui votre v√©hicule.",154.0,920.0,,0.0,Location Voiture √† Paris,24.0,,0.0,Pourquoi Hertz ?,16.0,Location De Voiture Hertz √Ä Paris,33.0,"index,follow",,,,,https://www.hertz.fr/p/location-de-voiture/france/paris,,,,,,,136092.0,30489.0,2377.0,561.0,0,0,Very Easy,0,0.0,3.0,,4.0,2.0,0.0,0,144.0,114.0,0.0,11.0,11.0,0.0,,,,,f9dc315a160586e9ef98c1e8beb35b42,0,,,,,1.1,https://www.hertz.fr/p/location-de-voiture/france/paris,2024-05-23 11:10:28,0.0,0.0,0.0,0.0,,Indexable,,0,0,0,0,0,0,0,0,0
57,location voiture,18,https://location.intermarche.com/,1,200.0,624.0,73.0,40.0,71.0,1418.0,47.0,12.0,13.0,58.0,2231.0,2.0,2708.0,0.0,3545.0,2921.2720704754825,3793.0,2974.076285651863,0.0,0.0,text/html; charset=UTF-8,200.0,OK,Indexable,,"Intermarch√© Location, location de v√©hicules et de mat√©riel",58.0,517.0,,0.0,0.0,,0.0,0.0,,0.0,Intermarch√©,11.0,,0.0,,0.0,,0.0,max-image-preview:large,,,,,https://location.intermarche.com/,,,,,,,69720.0,20705.0,720.0,95.0,0,0,Fairly Easy,0,0.0,0.0,,2.0,1.0,0.0,0,15.0,13.0,0.0,11.0,11.0,0.0,,,,,439c5b5c644197b76190504e16706229,0,,,,,1.1,https://location.intermarche.com/,2024-05-23 11:10:42,0.0,0.0,0.0,0.0,,Indexable,,0,0,0,0,0,0,0,0,0
58,location voiture,19,https://www.europcar.fr/fr-fr/location-voiture/destinations/france/paris,1,200.0,44.0,79.0,34.0,,4572.0,98947.0,84.0,41.0,59.0,923.0,2.0,1115.0,2.0,1777.0,2646.76659005928,2643.0,2480.3627830076257,801.0186035795596,28.0,text/html;charset=UTF-8,200.0,OK,Indexable,,Location Voitures Paris | Europcar,34.0,302.0,,0.0,0.0,R√©servez votre voiture de location √† Paris et choisissez parmi toutes les agences de la ville. R√©servez votre voiture en ligne d√®s maintenant et commencez vos d√©couvertes d√®s votre arriv√©e.,189.0,1151.0,,0.0,Location Voitures Paris,23.0,,0.0,D√©couvrez des lieux √† Paris,27.0,Louer une voiture √† Paris avec Europcar,39.0,,,,,,https://www.europcar.fr/fr-fr/location-voiture/destinations/france/paris,,,,,,,114356.0,27886.0,1097.0,145.0,0,0,Fairly Easy,0,0.0,4.0,,15.0,2.0,0.0,0,118.0,92.0,0.0,36.0,34.0,0.0,,,,,83e74b0a0ddf9178a97fc8e1d67771a5,0,,,,,1.1,https://www.europcar.fr/fr-fr/location-voiture/destinations/france/paris,2024-05-23 11:10:30,0.0,0.0,0.0,0.0,,Indexable,,0,0,0,0,0,0,0,0,0
59,location voiture,20,https://www.kayak.fr/location-voiture-Paris.36014.cars.ksp,1,,,77.0,42.0,44.0,40.0,7005.0,0.0,0.0,90.0,961.0,5.0,1143.0,4.0,1380.0,1780.251601046526,2286.0,2280.652066569913,537.5,13.0,text/html;charset=UTF-8,200.0,OK,Indexable,,Location de voitures √† Paris d√®s 16¬†‚Ç¨/jour - Trouvez une location de voiture pas cher,85.0,747.0,,0.0,0.0,"√Ä la recherche d‚Äôune location de voiture √† Paris¬†? Consultez les prix de Citer, Europcar, National, Ofran Holiday Autos, Sunnycars et Thrifty. Derniers prix : √âconomique 18¬†‚Ç¨/jour. √âconomique 22¬†‚Ç¨/jour. √âconomique 24¬†‚Ç¨/jour. Compacte 18¬†‚Ç¨/jour. Compacte 22¬†‚Ç¨/jour. Compacte 24¬†‚Ç¨/jour. Trouvez une voiture de location √† Paris sur KAYAK d√®s maintenant.",350.0,2174.0,,0.0,Voitures de location √† Paris √† partir de 16 ‚Ç¨/jour,50.0,,0.0,Recherchez sur des centaines de sites de location de voitures et louez un v√©hicule √† Paris,90.0,Informations sur la location de voitures Paris,46.0,"index,follow",,,,,https://www.kayak.fr/location-voiture-Paris.36014.cars.ksp,,,,,,,2082705.0,232205.0,13319.0,5216.0,0,0,Very Easy,0,0.0,0.0,,41.0,2.0,0.0,0,140.0,99.0,0.0,61.0,61.0,0.0,,,,,99937b7f1f102bd0cc50b5265b7c95f5,0,,,,,1.1,https://www.kayak.fr/location-voiture-Paris.36014.cars.ksp,2024-05-23 11:10:37,0.0,0.0,0.0,0.0,,Indexable,,0,0,0,0,0,0,0,0,0
60,voiture,1,https://www.lacentrale.fr/,0,403.0,1075.0,88.0,52.0,86.0,180872.0,20272.0,0.0,0.0,,,,,,,,,,,,text/html;charset=utf-8,403.0,HTTP Forbidden,Non-Indexable,Client Error,,0.0,0.0,,0.0,0.0,,0.0,0.0,,0.0,,0.0,,0.0,,0.0,,0.0,,,,,,,,,,,,,583.0,583.0,0.0,,0,0,,0,0.0,0.0,,0.0,0.0,0.0,0,0.0,0.0,0.0,0.0,0.0,0.0,,,,,,0,,,,,1.1,https://www.lacentrale.fr/,2024-05-23 11:10:34,,,,,,,,0,0,0,0,0,0,0,0,0
61,voiture,2,https://www.aramisauto.com/achat/,0,200.0,194.0,83.0,37.0,68.0,954.0,36157.0,134.0,10.0,82.0,962.0,4.0,2082.0,13.0,1844.0,1579.7129386391198,2460.0,4250.036083290803,2053.9757649539392,15.0,text/html; charset=utf-8,200.0,OK,Indexable,,Voitures neuves et d'occasion au meilleur prix garanti | Aramisauto,67.0,595.0,,0.0,0.0,Trouvez facilement votre prochaine voiture neuve et d'occasion. B√©n√©ficiez de r√©ductions jusqu'√† -40% sur les v√©hicules chez Aramisauto.,136.0,840.0,,0.0,voitures neuve et d'occasion en vente,37.0,,0.0,,0.0,,0.0,"index, follow",,,,,https://www.aramisauto.com/achat/,,https://www.aramisauto.com/?page=2,,,,,394073.0,43153.0,1603.0,409.0,0,0,Very Easy,0,0.0,1.0,,5.0,3.0,0.0,0,201.0,133.0,0.0,3.0,3.0,0.0,,,,,367014113bf850dafea1fa39af429734,0,,,,,1.1,https://www.aramisauto.com/achat/,2024-05-23 11:10:26,0.0,0.0,0.0,0.0,,Indexable,,0,0,0,0,0,0,0,0,0
62,voiture,3,https://www.renault.fr/,0,200.0,201.0,89.0,73.0,85.0,197215.0,10840.0,142.0,48.0,72.0,1436.0,3.0,1556.0,32.0,1515.0,1480.562559896503,1982.0,1361.0121052810641,221.49819324163218,19.0,text/html; charset=utf-8,200.0,OK,Indexable,,Renault France - Achat de voitures neuves,41.0,375.0,,0.0,0.0,"Bienvenue sur le site officiel de Renault France. D√©couvrez l'ensemble de la gamme : v√©hicules particuliers (Twingo, Clio, Kadjar...), √©lectriques et utilitaires.",162.0,942.0,,0.0,"Renault.fr : achat de v√©hicules neufs, financement et services",62.0,RENAULT AUSTRAL E-TECH FULL HYBRID,34.0,D√©couvrez la gamme Renault,26.0,D√©couvrez nos voitures hybrides et √©lectriques,46.0,"index,follow",,,,,https://www.renault.fr/,,,,,,,576078.0,85701.0,2982.0,668.0,0,0,Easy,0,0.0,0.0,,4.0,1.0,0.0,0,255.0,170.0,0.0,20.0,17.0,0.0,,,,,de9b382240ae5e4cd90e4fa9aefc0cb1,0,,,,,1.1,https://www.renault.fr/,2024-05-23 11:10:30,0.0,0.0,0.0,0.0,,Indexable,,0,0,0,0,0,0,0,0,0
63,voiture,4,https://www.leboncoin.fr/voitures/offres,0,403.0,13.0,87.0,27.0,87.0,12606.0,16.0,0.0,0.0,,,,,,,,,,,,text/html; charset=utf-8,403.0,Forbidden,Non-Indexable,Client Error,,0.0,0.0,,0.0,0.0,,0.0,0.0,,0.0,,0.0,,0.0,,0.0,,0.0,,,,,,,,,,,,,581.0,581.0,0.0,,0,0,,0,0.0,1.0,,0.0,0.0,0.0,0,0.0,0.0,0.0,0.0,0.0,0.0,,,,,,0,,,,,1.1,https://www.leboncoin.fr/voitures/offres,2024-05-23 11:10:32,,,,,,,,0,0,0,0,0,0,0,0,0
64,voiture,5,https://www.spoticar.fr/voitures-occasion,0,200.0,29.0,86.0,40.0,49.0,2612.0,90136.0,434.0,19.0,18.0,2568.0,3.0,2596.0,55.0,2509.0,1609.2644403302052,3090.0,3490.9943175641915,329.4962589733931,8.0,text/html; charset=UTF-8,200.0,OK,Indexable,,V√©hicules occasion | SPOTICAR,29.0,280.0,,0.0,0.0,"SPOTICAR vous propose des occasions s√©lectionn√©es par les r√©seaux officiels de PEUGEOT, CITRO√ãN, OPEL, FIAT, JEEP, DS, ALFA ROMEO ET ABARTH",139.0,931.0,Voitures d'occasion; v√©hicules d'occasion,41.0,Notre s√©lection de v√©hicules d'occasion garantis,48.0,,0.0,68976 V√©hicules d'occasion,26.0,,0.0,"index, follow",,,,,https://www.spoticar.fr/voitures-occasion,,,,,,,1032879.0,71124.0,3377.0,1065.0,0,0,Very Easy,0,0.0,0.0,,52.0,2.0,0.0,0,873.0,434.0,0.0,9.0,8.0,0.0,,,,,110e5b2f1de5698ef5f3a21585f505a8,0,"Thu, 23 May 2024 07:54:36 GMT",,,,1.1,https://www.spoticar.fr/voitures-occasion,2024-05-23 11:10:43,0.0,0.0,0.0,0.0,,Indexable,,0,0,0,0,0,0,0,0,0
65,voiture,6,https://www.autosphere.fr/recherche,0,200.0,561.0,85.0,32.0,67.0,234.0,89574.0,130.0,9.0,93.0,1195.0,20.0,1666.0,20.0,1818.0,3594.3573114694236,2303.0,5501.759480156439,1435.7048754899338,15.0,text/html; charset=UTF-8,200.0,OK,Indexable,,Voiture occasion : annonces autos garanties et r√©vis√©es en France,65.0,590.0,,0.0,0.0,Trouvez votre voiture d'occasion parmi des milliers d'annonces sur autosphere.fr. Des voitures r√©vis√©es et garanties par des concessionnaires partout en France.,160.0,986.0,,0.0,Annonces de voitures d'occasion toutes marques,46.0,,0.0,D√©couvrez toutes nos marques de voitures d‚Äôoccasion,51.0,Nos voitures d‚Äôoccasion par cat√©gorie,37.0,,,,,,https://www.autosphere.fr/recherche,,,,,,,1336816.0,209699.0,8950.0,1603.0,0,0,Easy,0,0.0,0.0,,79.0,2.0,0.0,0,252.0,133.0,0.0,7.0,6.0,0.0,,,,,8f84bbd308a221a4d0eccb1eb6c18675,0,,,,,1.1,https://www.autosphere.fr/recherche,2024-05-23 11:10:39,0.0,0.0,0.0,0.0,,Indexable,,0,0,0,0,0,0,0,0,0
66,voiture,7,https://www.elite-auto.fr/,0,200.0,756.0,81.0,39.0,78.0,2694.0,361.0,91.0,5.0,,1115.0,2.0,1543.0,1.0,2234.0,1898.5328946341458,3176.0,3295.2293845826925,670.8290755945918,17.0,text/html; charset=utf-8,200.0,OK,Indexable,,Mandataire auto jusqu'√† -36.50% sur l'achat de votre voiture neuve et d'occasion avec Elite-Auto,96.0,849.0,,0.0,0.0,"Votre v√©hicule jusqu'√† -36.50%, neuf ou occasion, 29 marques, 9000 mod√®les, 2167 voitures disponibles ‚òé 01.30.49.40.40. Mandataire depuis 1995.",143.0,906.0,,0.0,Votre voiture neuve ou d'occasion avec un mandataire automobile.,64.0,,0.0,Nos marques,11.0,Nos cat√©gories de mod√®les,25.0,,,,,,https://www.elite-auto.fr/,,,,,,,234641.0,39962.0,1682.0,314.0,0,0,Normal,0,0.0,0.0,,2.0,2.0,0.0,0,109.0,95.0,0.0,5.0,4.0,0.0,,,,,87b680aca18252336dca6b4b8403bc25,0,,,,,1.1,https://www.elite-auto.fr/,2024-05-23 11:10:31,0.0,0.0,0.0,0.0,,Indexable,,0,0,0,0,0,0,0,0,0
67,voiture,8,https://www.larousse.fr/dictionnaires/francais/voiture/82405,0,200.0,482.0,61.0,22.0,54.0,8.0,17.0,65.0,13.0,7.0,2432.0,5.0,3227.0,46.0,1742.0,6711.868697704816,2592.0,2442.415804282098,307.5,49.0,text/html; charset=utf-8,200.0,OK,Indexable,,D√©finitions : voiture - Dictionnaire de fran√ßais Larousse,57.0,487.0,,0.0,0.0,"voiture - D√©finitions Fran√ßais : Retrouvez la d√©finition de voiture, ainsi que les expressions, difficult√©s, citations... - synonymes, homonymes, difficult√©s, citations.",169.0,979.0,voiture,7.0,Expressions avec voiture,24.0,Difficult√©s de voiture,22.0,Ó†¨ voiture,9.0,"En voiture !,",13.0,"index,follow",,,,,https://www.larousse.fr/dictionnaires/francais/voiture/82405,,,,,,,57938.0,13570.0,614.0,201.0,0,0,Fairly Easy,0,0.0,3.0,,15.0,1.0,0.0,0,96.0,69.0,0.0,15.0,10.0,0.0,,,,,a46ae7e4194591207780bb5603367b7a,0,,,,,1.1,https://www.larousse.fr/dictionnaires/francais/voiture/82405,2024-05-23 11:10:26,0.0,0.0,0.0,0.0,,Indexable,,0,0,0,0,0,0,0,0,0
68,voiture,9,https://www.sixt.fr/,0,200.0,44.0,84.0,71.0,79.0,25143.0,13363.0,150.0,63.0,1.0,992.0,21.0,1089.0,1.0,763.0,3256.526141438405,2529.0,6322.500568758246,3683.5000000000027,9.0,,302.0,302 Moved Temporarily,Non-Indexable,Redirected,,0.0,0.0,,0.0,0.0,,0.0,0.0,,0.0,,0.0,,0.0,,0.0,,0.0,,,,,,,,,,,,,0.0,0.0,0.0,,0,0,,0,0.0,0.0,,0.0,0.0,0.0,0,0.0,0.0,0.0,0.0,0.0,0.0,,,,,,0,,https://www.sixt.fr/unsupportedbrowser/,HTTP Redirect,,1.1,https://www.sixt.fr/,2024-05-23 11:10:26,,,,,,,,0,0,0,0,0,0,0,0,0
69,voiture,10,https://www.largus.fr/,0,200.0,64.0,82.0,47.0,78.0,3701.0,12179.0,135.0,51.0,64.0,,,,,,,,,,,text/html;charset=utf-8,403.0,Forbidden,Non-Indexable,Client Error,,0.0,0.0,,0.0,0.0,,0.0,0.0,,0.0,,0.0,,0.0,,0.0,,0.0,,,,,,,,,,,,,578.0,578.0,0.0,,0,0,,0,0.0,0.0,,2.0,2.0,0.0,0,0.0,0.0,0.0,0.0,0.0,0.0,,,,,,0,,,,,1.1,https://www.largus.fr/,2024-05-23 11:10:41,,,,,,,,0,0,0,0,0,0,0,0,0
70,voiture,11,https://www.automobile.fr/,1,,,84.0,65.0,82.0,9113.0,0.0,0.0,0.0,41.0,893.0,2.0,1009.0,1.0,529.0,817.050840563878,1041.0,1368.2153610004307,195.0000000000001,2.0,text/html;charset=utf-8,200.0,OK,Indexable,,automobile.fr: Voiture occasion ‚Äì Annonces auto moto,52.0,487.0,,0.0,0.0,"Recherchez des voitures d'occasion, motor-homes, motos et utilitaires sur automobile.fr¬†: Des milliers d'annonces automobile en France et en Europe",147.0,909.0,,0.0,Recherchez votre v√©hicule,25.0,Plus d'un million de v√©hicules neufs et d'occasion,50.0,Votre navigateur n'est malheureusement plus pris en charge,58.0,,0.0,,,,,,,,,,,,,46902.0,9866.0,305.0,63.0,0,0,Fairly Hard,0,0.0,0.0,,20.0,1.0,0.0,0,38.0,14.0,0.0,12.0,12.0,0.0,,,,,2d5faf5bcc3da3af15eee1480630178c,0,,,,,1.1,https://www.automobile.fr/,2024-05-23 11:10:32,0.0,0.0,0.0,0.0,,Indexable,,0,0,0,0,0,0,0,0,0
71,voiture,12,https://www.bmw.fr/fr/accueil.html,1,200.0,63.0,83.0,58.0,77.0,30466.0,708.0,81.0,14.0,,1348.0,2.0,2381.0,2.0,1554.0,1895.5186657485626,2191.0,2861.7108784504508,521.4765050926557,6.0,text/html;charset=utf-8,200.0,OK,Indexable,,Site Officiel BMW | Voitures Neuves et d'Occasions,50.0,452.0,,0.0,0.0,"Les offres BMW pour particuliers et professionnels : Compacte, SUV, Berline, Break, Coup√©... En 100% √©lectrique, Hybride Rechargeable, Essence ou Diesel.",153.0,944.0,,0.0,,0.0,,0.0,Site Web actuellement non disponible en int√©gralit√©.,52.0,TROUVEZ VOTRE BMW.,18.0,"index,follow",,,,,https://www.bmw.fr/fr/accueil.html,,,,,,,142969.0,18624.0,929.0,208.0,0,0,Very Easy,0,0.0,1.0,,5.0,1.0,0.0,0,103.0,86.0,0.0,9.0,9.0,0.0,,,,,5cb153c8204fcd7b777f15818003d00e,0,,,,,1.1,https://www.bmw.fr/fr/accueil.html,2024-05-23 11:10:35,0.0,0.0,0.0,0.0,,Indexable,,0,0,0,0,0,0,0,0,0
72,voiture,13,https://www.aramisauto.com/,1,200.0,44.0,83.0,49.0,74.0,1855.0,36085.0,94.0,6.0,79.0,1022.0,5.0,1538.0,24.0,1844.0,1578.7522592398248,2460.0,3776.891844595574,1126.4999999999998,15.0,text/html; charset=utf-8,200.0,OK,Indexable,,Aramisauto - Achat de voitures d'occasion ou neuves pas ch√®res - Mandataire auto,80.0,735.0,,0.0,0.0,Mieux qu'un mandataire : achetez votre voiture neuve ou d'occasion reconditionn√©e au meilleur prix garanti ! Aramisauto propose √©galement des solutions de financement et un service de reprise sans obligation d'achat.,216.0,1338.0,,0.0,Aramisauto s'engage √† rester au meilleur prix.,46.0,,0.0,Toutes,6.0,Neuve & faible km,17.0,"index, follow",,,,,https://www.aramisauto.com/,,,,,,,163804.0,25491.0,908.0,220.0,0,0,Easy,0,0.0,0.0,,7.0,3.0,0.0,0,126.0,98.0,0.0,4.0,3.0,0.0,,,,,8a480005ae57d566a1af24a95debda09,0,,,,,1.1,https://www.aramisauto.com/,2024-05-23 11:10:37,0.0,0.0,0.0,0.0,,Indexable,,0,0,0,0,0,0,0,0,0
73,voiture,14,https://store.peugeot.fr/stock/,1,308.0,341.0,82.0,45.0,44.0,9.0,8.0,1.0,0.0,,2131.0,3.0,2820.0,3.0,2042.0,3853.034793732754,3190.0,7135.81686207315,2829.947322474653,9.0,text/plain; charset=utf-8,308.0,Permanent Redirect,Non-Indexable,Redirected,,0.0,0.0,,0.0,0.0,,0.0,0.0,,0.0,,0.0,,0.0,,0.0,,0.0,,,,,,,,,,,,,0.0,0.0,0.0,,0,0,,0,0.0,1.0,,0.0,0.0,0.0,0,0.0,0.0,0.0,0.0,0.0,0.0,,,,,,0,,https://store.peugeot.fr/stock,HTTP Redirect,,1.1,https://store.peugeot.fr/stock/,2024-05-23 11:10:36,,,,,,,,0,0,0,0,0,0,0,0,0
74,voiture,15,https://www.autoscout24.fr/,1,200.0,141.0,92.0,59.0,89.0,585329.0,66853.0,92.0,25.0,71.0,1191.0,3.0,1677.0,0.0,1203.0,858.0698483756264,1618.0,1133.0,41.0,3.0,text/html; charset=utf-8,200.0,OK,Indexable,,150.000 voitures d'occasion en France | AutoScout24,51.0,469.0,,0.0,0.0,Voitures d'occasion √† vendre! Plus de 2.700.000 voitures d'occasions et neuves √† vendre en Europe avec AutoScout24.,115.0,729.0,,0.0,Tu cherches une voiture neuve ou d'occasion ? D√©couvre les offres disponibles sur AutoScout24,93.0,,0.0,AutoScout24: la plus grande plateforme en ligne de voitures en Europe,69.0,,0.0,"index, follow",,,,,https://www.autoscout24.fr/,,,,,,,467053.0,112902.0,839.0,176.0,0,0,Easy,0,0.0,0.0,,5.0,1.0,0.0,0,117.0,95.0,0.0,22.0,22.0,0.0,,,,,664d71b2c7a3ff5428dc34b243e576f6,0,,,,,1.1,https://www.autoscout24.fr/,2024-05-23 11:10:41,0.0,0.0,0.0,0.0,,Indexable,,0,0,0,0,0,0,0,0,0
75,voiture,16,https://www.citroen.fr/,1,200.0,32.0,96.0,56.0,96.0,1574471.0,353.0,83.0,33.0,,1323.0,3.0,2002.0,82.0,1273.0,2212.355360260917,1700.0,4850.829630748762,309.0,46.0,text/html;charset=utf-8,200.0,OK,Indexable,,Site officiel de Citro√´n | Voitures neuves et d'occasion | Citro√´n FR,69.0,586.0,,0.0,0.0,"D√©couvrez la gamme compl√®te des voitures Citro√´n : SUV, citadines, berlines, voitures √©lectriques. D√©couvrez les offres, les services et plus encore.",149.0,893.0,,0.0,CITRO√ãN,7.0,,0.0,UNE GAMME POUR CHAQUE BESOIN,28.0,ACHETEZ VOTRE CITRO√ãN,21.0,,,,,,https://www.citroen.fr/,,,,,,,236827.0,33503.0,919.0,224.0,0,0,Fairly Easy,0,0.0,0.0,,34.0,1.0,0.0,0,193.0,101.0,0.0,25.0,17.0,0.0,,,,,27ba967f6d6fa12cb30a7b9e2c144a15,0,"Thu, 23 May 2024 04:58:04 GMT",,,,1.1,https://www.citroen.fr/,2024-05-23 11:10:30,0.0,0.0,0.0,0.0,,Indexable,,0,0,0,0,0,0,0,0,0
76,voiture,17,https://www.autosphere.fr/,1,200.0,390.0,86.0,37.0,78.0,6579.0,89543.0,126.0,14.0,,1689.0,7.0,2536.0,8.0,1818.0,3064.4376581719716,2303.0,5438.592904156463,380.99999999999955,15.0,text/html; charset=UTF-8,200.0,OK,Indexable,,Autosphere,10.0,103.0,,0.0,0.0,"Festival Autosphere, jusqu'au 05/02 : une voiture √† gagner en concession, 2 ans d'entretien offerts et jusqu'√† -5000‚Ç¨ de r√©duction sur une s√©lection de voitures !",162.0,976.0,,0.0,Vous accompagner dans votre projet automobile,45.0,,0.0,"Pour bien choisir, choisissez autosphere :",42.0,Pourquoi choisir votre prochaine voiture neuve ou d'occasion sur autosphere.fr ?,80.0,,,,,,https://www.autosphere.fr/,,,,,,,316463.0,71493.0,7705.0,1203.0,0,0,Fairly Easy,0,0.0,0.0,,29.0,2.0,0.0,0,239.0,133.0,0.0,10.0,9.0,0.0,,,,,13686c6e66a03dd669d18fa17735f9c0,0,,,,,1.1,https://www.autosphere.fr/,2024-05-23 11:10:35,0.0,0.0,0.0,0.0,,Indexable,,0,0,0,0,0,0,0,0,0
77,voiture,18,https://www.ada.fr/,1,200.0,248.0,82.0,54.0,76.0,3062.0,1659.0,86.0,10.0,,1326.0,3.0,2875.0,27.0,,2531.284780380966,,3310.4769244667505,687.4999999999995,,text/html; charset=utf-8,200.0,OK,Non-Indexable,noindex,ADA : location de voiture et utilitaire partout en France,57.0,484.0,,0.0,0.0,"Location de voiture et utilitaire proche de chez vous. Avec ADA, r√©servez votre v√©hicule en ligne, et profitez d'une large gamme de v√©hicules au meilleur prix.",159.0,946.0,,0.0,3 minutes chrono pour louer !,29.0,,0.0,Nos v√©hicules adapt√©s √† vos besoins,35.0,Trouvez rapidement la location adapt√©e,38.0,"noindex, nofollow",,,,,,,,,,,,304778.0,58718.0,952.0,181.0,0,0,Fairly Easy,0,0.0,0.0,,7.0,1.0,0.0,0,121.0,62.0,0.0,5.0,5.0,0.0,,,,,d233c885af2b505fb1b7c054b6d184b7,0,,,,,1.1,https://www.ada.fr/,2024-05-23 11:10:28,0.0,0.0,0.0,0.0,,Non-Indexable,noindex,0,0,0,0,0,0,0,0,0
78,voiture,19,https://www.ford.fr/voitures-neuves,1,200.0,39.0,83.0,61.0,74.0,3459.0,3492.0,96.0,8.0,,972.0,5.0,2137.0,37.0,1366.0,4258.680663755789,2480.0,7654.002249299805,1140.000000000001,32.0,text/html,200.0,OK,Indexable,,Achat  voiture neuve : nos v√©hicules particuliers Ford | Ford FR,64.0,547.0,,0.0,0.0,"D√©couvrez notre large gamme de voitures Ford : Citadines, SUV, sportives, familiales, hybrides ou √©lectriques... Choisissez le v√©hicule de vos envies.",150.0,899.0,,0.0,Voitures Neuves,15.0,,0.0,Votre navigateur n'est plus compatible.,39.0,,0.0,,,,,,https://www.ford.fr/voitures-neuves,,,,,,,1034314.0,102758.0,609.0,179.0,0,0,Fairly Easy,0,0.0,0.0,,20.0,1.0,0.0,0,139.0,97.0,0.0,8.0,8.0,0.0,,,,,8ec0190d1a14276dc63b7f39e118ce24,0,"Wed, 22 May 2024 16:01:27 GMT",,,,1.1,https://www.ford.fr/voitures-neuves,2024-05-23 11:10:43,0.0,0.0,0.0,0.0,,Indexable,,0,0,0,0,0,0,0,0,0
79,voiture,20,https://www.carizy.com/voiture-occasion,1,200.0,25.0,71.0,6.0,58.0,240.0,97.0,0.0,0.0,,1267.0,3.0,1306.0,41.0,1536.0,2508.565484588966,2123.0,3863.2192711285343,774.3875992153205,9.0,text/html; charset=utf-8,200.0,OK,Indexable,,,0.0,0.0,,0.0,0.0,,0.0,0.0,,0.0,,0.0,,0.0,,0.0,,0.0,,,,,,,,,,,,,4905.0,1561.0,1.0,1.0,0,0,Hard,0,0.0,0.0,,0.0,0.0,0.0,0,0.0,0.0,0.0,0.0,0.0,0.0,,,,,3d9d272f0d49d9204a29b69afc389222,0,,,,,1.1,https://www.carizy.com/voiture-occasion,2024-05-23 11:10:31,0.0,0.0,0.0,0.0,,Indexable,,0,0,0,0,0,0,0,0,0
80,voiture occasion,1,https://www.lacentrale.fr/,0,403.0,1075.0,88.0,52.0,86.0,180872.0,20272.0,0.0,0.0,,,,,,,,,,,,text/html;charset=utf-8,403.0,HTTP Forbidden,Non-Indexable,Client Error,,0.0,0.0,,0.0,0.0,,0.0,0.0,,0.0,,0.0,,0.0,,0.0,,0.0,,,,,,,,,,,,,583.0,583.0,0.0,,0,0,,0,0.0,0.0,,0.0,0.0,0.0,0,0.0,0.0,0.0,0.0,0.0,0.0,,,,,,0,,,,,1.1,https://www.lacentrale.fr/,2024-05-23 11:10:34,,,,,,,,0,0,0,0,0,0,0,0,0
81,voiture occasion,2,https://www.leboncoin.fr/voitures/offres,0,403.0,13.0,87.0,27.0,87.0,12606.0,16.0,0.0,0.0,,,,,,,,,,,,text/html; charset=utf-8,403.0,Forbidden,Non-Indexable,Client Error,,0.0,0.0,,0.0,0.0,,0.0,0.0,,0.0,,0.0,,0.0,,0.0,,0.0,,,,,,,,,,,,,581.0,581.0,0.0,,0,0,,0,0.0,1.0,,0.0,0.0,0.0,0,0.0,0.0,0.0,0.0,0.0,0.0,,,,,,0,,,,,1.1,https://www.leboncoin.fr/voitures/offres,2024-05-23 11:10:32,,,,,,,,0,0,0,0,0,0,0,0,0
82,voiture occasion,3,https://www.spoticar.fr/voitures-occasion,0,200.0,29.0,86.0,40.0,49.0,2612.0,90136.0,434.0,19.0,18.0,2568.0,3.0,2596.0,55.0,2509.0,1609.2644403302052,3090.0,3490.9943175641915,329.4962589733931,8.0,text/html; charset=UTF-8,200.0,OK,Indexable,,V√©hicules occasion | SPOTICAR,29.0,280.0,,0.0,0.0,"SPOTICAR vous propose des occasions s√©lectionn√©es par les r√©seaux officiels de PEUGEOT, CITRO√ãN, OPEL, FIAT, JEEP, DS, ALFA ROMEO ET ABARTH",139.0,931.0,Voitures d'occasion; v√©hicules d'occasion,41.0,Notre s√©lection de v√©hicules d'occasion garantis,48.0,,0.0,68976 V√©hicules d'occasion,26.0,,0.0,"index, follow",,,,,https://www.spoticar.fr/voitures-occasion,,,,,,,1032879.0,71124.0,3377.0,1065.0,0,0,Very Easy,0,0.0,0.0,,52.0,2.0,0.0,0,873.0,434.0,0.0,9.0,8.0,0.0,,,,,110e5b2f1de5698ef5f3a21585f505a8,0,"Thu, 23 May 2024 07:54:36 GMT",,,,1.1,https://www.spoticar.fr/voitures-occasion,2024-05-23 11:10:43,0.0,0.0,0.0,0.0,,Indexable,,0,0,0,0,0,0,0,0,0
83,voiture occasion,4,https://www.autosphere.fr/recherche,0,200.0,561.0,85.0,32.0,67.0,234.0,89574.0,130.0,9.0,93.0,1195.0,20.0,1666.0,20.0,1818.0,3594.3573114694236,2303.0,5501.759480156439,1435.7048754899338,15.0,text/html; charset=UTF-8,200.0,OK,Indexable,,Voiture occasion : annonces autos garanties et r√©vis√©es en France,65.0,590.0,,0.0,0.0,Trouvez votre voiture d'occasion parmi des milliers d'annonces sur autosphere.fr. Des voitures r√©vis√©es et garanties par des concessionnaires partout en France.,160.0,986.0,,0.0,Annonces de voitures d'occasion toutes marques,46.0,,0.0,D√©couvrez toutes nos marques de voitures d‚Äôoccasion,51.0,Nos voitures d‚Äôoccasion par cat√©gorie,37.0,,,,,,https://www.autosphere.fr/recherche,,,,,,,1336816.0,209699.0,8950.0,1603.0,0,0,Easy,0,0.0,0.0,,79.0,2.0,0.0,0,252.0,133.0,0.0,7.0,6.0,0.0,,,,,8f84bbd308a221a4d0eccb1eb6c18675,0,,,,,1.1,https://www.autosphere.fr/recherche,2024-05-23 11:10:39,0.0,0.0,0.0,0.0,,Indexable,,0,0,0,0,0,0,0,0,0
84,voiture occasion,5,https://occasion.largus.fr/auto/,0,,,78.0,32.0,74.0,261.0,4.0,0.0,0.0,70.0,,,,,,,,,,,text/html;charset=utf-8,403.0,Forbidden,Non-Indexable,Client Error,,0.0,0.0,,0.0,0.0,,0.0,0.0,,0.0,,0.0,,0.0,,0.0,,0.0,,,,,,,,,,,,,578.0,578.0,0.0,,0,0,,0,0.0,1.0,,0.0,0.0,0.0,0,0.0,0.0,0.0,0.0,0.0,0.0,,,,,,0,,,,,1.1,https://occasion.largus.fr/auto/,2024-05-23 11:10:39,,,,,,,,0,0,0,0,0,0,0,0,0
85,voiture occasion,6,https://www.aramisauto.com/achat/occasion,0,200.0,66.0,82.0,44.0,72.0,55226.0,36080.0,187.0,10.0,98.0,1093.0,5.0,2838.0,30.0,1844.0,4058.943418239842,2460.0,5808.945625552755,2307.9759191862286,15.0,text/html; charset=utf-8,200.0,OK,Indexable,,Voitures occasion au meilleur prix garanti | Aramisauto,55.0,489.0,,0.0,0.0,Trouvez facilement votre prochaine voiture occasion. B√©n√©ficiez de r√©ductions jusqu'√† -40% sur les v√©hicules chez Aramisauto.,125.0,775.0,,0.0,voitures occasion en vente,26.0,,0.0,La r√©f√©rence en mati√®re de vente de voitures d‚Äôoccasion,55.0,D√©couvrez en vid√©o le parcours de votre future voiture d'occasion reconditionn√©e par Aramisauto !,97.0,"index, follow",,,,,https://www.aramisauto.com/achat/occasion,,https://www.aramisauto.com/?page=2,,,,,451316.0,63010.0,4726.0,762.0,0,0,Easy,0,0.0,1.0,,7.0,3.0,0.0,0,257.0,217.0,0.0,3.0,3.0,0.0,,,,,4e0be265679af3ecfe2d91225847c6c8,0,,,,,1.1,https://www.aramisauto.com/achat/occasion,2024-05-23 11:10:41,0.0,0.0,0.0,0.0,,Indexable,,0,0,0,0,0,0,0,0,0
86,voiture occasion,7,https://www.automobile.fr/,0,,,84.0,65.0,82.0,9113.0,0.0,0.0,0.0,41.0,893.0,2.0,1009.0,1.0,529.0,817.050840563878,1041.0,1368.2153610004307,195.0000000000001,2.0,text/html;charset=utf-8,200.0,OK,Indexable,,automobile.fr: Voiture occasion ‚Äì Annonces auto moto,52.0,487.0,,0.0,0.0,"Recherchez des voitures d'occasion, motor-homes, motos et utilitaires sur automobile.fr¬†: Des milliers d'annonces automobile en France et en Europe",147.0,909.0,,0.0,Recherchez votre v√©hicule,25.0,Plus d'un million de v√©hicules neufs et d'occasion,50.0,Votre navigateur n'est malheureusement plus pris en charge,58.0,,0.0,,,,,,,,,,,,,46902.0,9866.0,305.0,63.0,0,0,Fairly Hard,0,0.0,0.0,,20.0,1.0,0.0,0,38.0,14.0,0.0,12.0,12.0,0.0,,,,,2d5faf5bcc3da3af15eee1480630178c,0,,,,,1.1,https://www.automobile.fr/,2024-05-23 11:10:32,0.0,0.0,0.0,0.0,,Indexable,,0,0,0,0,0,0,0,0,0
87,voiture occasion,8,https://www.elite-auto.fr/occasion,0,200.0,10127.0,82.0,34.0,74.0,686.0,22235.0,168.0,8.0,94.0,777.0,4.0,1164.0,5.0,2234.0,1829.4424809916684,3176.0,3275.403740965273,820.8608143330553,17.0,text/html; charset=utf-8,200.0,OK,Indexable,,Voiture d'occasion : 1450 annonces √† partir de 6 785‚Ç¨,53.0,474.0,,0.0,0.0,"Votre v√©hicule d'occasion d√®s 6 785‚Ç¨ disponible imm√©diatement, sous garantie, livraison dans toute la France avec Elite-Auto ‚òé 01.30.49.40.40",141.0,875.0,,0.0,Trouvez la voiture d'occasion qui vous convient avec Elite Auto,63.0,,0.0,Nos v√©hicules d'occasion,24.0,Pourquoi acheter une voiture d'occasion ?,41.0,,,,,,,,,,,,,479319.0,74126.0,3709.0,791.0,0,0,Fairly Easy,0,0.0,0.0,,5.0,2.0,0.0,0,173.0,172.0,0.0,3.0,3.0,0.0,,,,,6747c07fbc906b0d20fa55e671b1d1c8,0,,,,,1.1,https://www.elite-auto.fr/occasion,2024-05-23 11:10:38,0.0,0.0,0.0,0.0,,Indexable,,0,0,0,0,0,0,0,0,0
88,voiture occasion,9,https://www.lacentrale.fr/voiture-occasion-moins-5000-euros.html,0,,,,,,0.0,0.0,0.0,0.0,,919.0,4.0,2317.0,6.0,627.0,4259.779117108528,1150.0,4300.935344064773,2094.0,9.0,text/html;charset=utf-8,403.0,HTTP Forbidden,Non-Indexable,Client Error,,0.0,0.0,,0.0,0.0,,0.0,0.0,,0.0,,0.0,,0.0,,0.0,,0.0,,,,,,,,,,,,,583.0,583.0,0.0,,0,0,,0,0.0,0.0,,0.0,0.0,0.0,0,0.0,0.0,0.0,0.0,0.0,0.0,,,,,,0,,,,,1.1,https://www.lacentrale.fr/voiture-occasion-moins-5000-euros.html,2024-05-23 11:10:38,,,,,,,,0,0,0,0,0,0,0,0,0
89,voiture occasion,10,https://www.capcar.fr/voiture-occasion,0,200.0,545.0,83.0,28.0,70.0,594.0,13205.0,124.0,6.0,57.0,995.0,2.0,1393.0,9.0,1147.0,1250.6847255961138,1430.0,3485.006894227318,982.0,8.0,text/html; charset=utf-8,200.0,OK,Indexable,,Acheter une voiture d‚Äôoccasion control√©e en toute s√©curit√© et au meilleur prix,78.0,685.0,,0.0,0.0,"D√©couvrez notre large s√©lection de voitures contr√¥l√©es au meilleurs prix. Profitez de nos services : garantie, paiement s√©curis√©, financement, livraison...",155.0,921.0,,0.0,Nos voitures d'occasion,23.0,,0.0,Nos voitures les plus recherch√©es üîé,36.0,,0.0,"index, follow",,,,,https://www.capcar.fr/voiture-occasion,,,,,,,349382.0,46209.0,1148.0,456.0,0,0,Very Easy,0,0.0,0.0,,7.0,1.0,0.0,0,143.0,126.0,0.0,5.0,5.0,0.0,,,,,abc4ec3ec53a72c8b8d5bc3183fd4158,0,,,,,1.1,https://www.capcar.fr/voiture-occasion,2024-05-23 11:10:34,0.0,0.0,0.0,0.0,,Indexable,,0,0,0,0,0,0,0,0,0
90,voiture occasion,11,https://www.autoscout24.fr/,1,200.0,141.0,92.0,59.0,89.0,585329.0,66853.0,92.0,25.0,71.0,1191.0,3.0,1677.0,0.0,1203.0,858.0698483756264,1618.0,1133.0,41.0,3.0,text/html; charset=utf-8,200.0,OK,Indexable,,150.000 voitures d'occasion en France | AutoScout24,51.0,469.0,,0.0,0.0,Voitures d'occasion √† vendre! Plus de 2.700.000 voitures d'occasions et neuves √† vendre en Europe avec AutoScout24.,115.0,729.0,,0.0,Tu cherches une voiture neuve ou d'occasion ? D√©couvre les offres disponibles sur AutoScout24,93.0,,0.0,AutoScout24: la plus grande plateforme en ligne de voitures en Europe,69.0,,0.0,"index, follow",,,,,https://www.autoscout24.fr/,,,,,,,467053.0,112902.0,839.0,176.0,0,0,Easy,0,0.0,0.0,,5.0,1.0,0.0,0,117.0,95.0,0.0,22.0,22.0,0.0,,,,,664d71b2c7a3ff5428dc34b243e576f6,0,,,,,1.1,https://www.autoscout24.fr/,2024-05-23 11:10:41,0.0,0.0,0.0,0.0,,Indexable,,0,0,0,0,0,0,0,0,0
91,voiture occasion,12,https://www.paruvendu.fr/voiture-occasion/,1,200.0,101.0,86.0,66.0,64.0,1909.0,17220.0,170.0,3.0,87.0,1012.0,3.0,1550.0,0.0,1175.0,1335.6022468950214,1667.0,1982.6997304340218,10.500000000000114,7.0,text/html;charset=iso-8859-1,200.0,OK,Indexable,,"Voiture occasion : annonces achat, vente de v√©hicules - ParuVendu.fr",68.0,614.0,,0.0,0.0,Trouvez votre voiture d'occasion √† acheter parmi 143 528 annonces gratuites de particuliers et concessionnaires automobiles sur ParuVendu.fr,140.0,883.0,"voiture occasion, annonces achat, vente, automobiles",52.0,Votre voiture d'occasion √† port√©e de clic,41.0,,0.0,Acc√®s par cat√©gorie de v√©hicule,31.0,Derniers v√©hicules d'occasion publi√©s,37.0,all,,,,,https://www.paruvendu.fr/voiture-occasion/,,,,,,,193031.0,36265.0,1675.0,399.0,0,0,Easy,0,0.0,1.0,,2.0,1.0,0.0,0,185.0,171.0,0.0,2.0,2.0,0.0,,,,,eb5b680d95023a329168b4137892f1f,0,,,,,1.1,https://www.paruvendu.fr/voiture-occasion/,2024-05-23 11:10:33,0.0,0.0,0.0,0.0,,Indexable,,0,0,0,0,0,0,0,0,0
92,voiture occasion,13,https://occasion.largus.fr/,1,,,83.0,68.0,81.0,20094.0,0.0,0.0,0.0,,,,,,,,,,,,text/html;charset=utf-8,403.0,Forbidden,Non-Indexable,Client Error,,0.0,0.0,,0.0,0.0,,0.0,0.0,,0.0,,0.0,,0.0,,0.0,,0.0,,,,,,,,,,,,,578.0,578.0,0.0,,0,0,,0,0.0,0.0,,0.0,0.0,0.0,0,0.0,0.0,0.0,0.0,0.0,0.0,,,,,,0,,,,,1.1,https://occasion.largus.fr/,2024-05-23 11:10:43,,,,,,,,0,0,0,0,0,0,0,0,0
93,voiture occasion,14,https://www.dscertified.dsautomobiles.fr/acheter-voiture-occasion,1,200.0,26.0,81.0,35.0,,1.0,35134.0,60.0,8.0,18.0,1539.0,3.0,1965.0,47.0,1556.0,1868.7755842739255,2185.0,3979.117908128397,934.924432719148,6.0,text/html; charset=UTF-8,200.0,OK,Indexable,,V√©hicule occasion premium | DS CERTIFIED,40.0,385.0,,0.0,0.0,Trouvez votre voiture d'occasion premium parmi notre s√©lection de v√©hicules d‚Äôoccasion certifi√©s DS sur le site DS CERTIFIED.,125.0,766.0,,0.0,Notre s√©lection de v√©hicules d'occasion DS certifi√©s,52.0,,0.0,3107 v√©hicules d'occasion,25.0,,0.0,"index, follow",,,,,https://www.dscertified.dsautomobiles.fr/acheter-voiture-occasion,,,,,,,399635.0,35523.0,1763.0,532.0,0,0,Fairly Easy,0,0.0,0.0,,53.0,1.0,0.0,0,149.0,63.0,0.0,5.0,5.0,0.0,,,,,cf902667a127e57e7f2cc1a36caa96e5,0,"Wed, 22 May 2024 23:23:49 GMT",,,,1.1,https://www.dscertified.dsautomobiles.fr/acheter-voiture-occasion,2024-05-23 11:10:36,0.0,0.0,0.0,0.0,,Indexable,,0,0,0,0,0,0,0,0,0
94,voiture occasion,15,https://www.aramisauto.com/,1,200.0,44.0,83.0,49.0,74.0,1855.0,36085.0,94.0,6.0,79.0,1022.0,5.0,1538.0,24.0,1844.0,1578.7522592398248,2460.0,3776.891844595574,1126.4999999999998,15.0,text/html; charset=utf-8,200.0,OK,Indexable,,Aramisauto - Achat de voitures d'occasion ou neuves pas ch√®res - Mandataire auto,80.0,735.0,,0.0,0.0,Mieux qu'un mandataire : achetez votre voiture neuve ou d'occasion reconditionn√©e au meilleur prix garanti ! Aramisauto propose √©galement des solutions de financement et un service de reprise sans obligation d'achat.,216.0,1338.0,,0.0,Aramisauto s'engage √† rester au meilleur prix.,46.0,,0.0,Toutes,6.0,Neuve & faible km,17.0,"index, follow",,,,,https://www.aramisauto.com/,,,,,,,163804.0,25491.0,908.0,220.0,0,0,Easy,0,0.0,0.0,,7.0,3.0,0.0,0,126.0,98.0,0.0,4.0,3.0,0.0,,,,,8a480005ae57d566a1af24a95debda09,0,,,,,1.1,https://www.aramisauto.com/,2024-05-23 11:10:37,0.0,0.0,0.0,0.0,,Indexable,,0,0,0,0,0,0,0,0,0
95,voiture occasion,16,https://occasions.jeanlain.com/voiture,1,,,80.0,36.0,63.0,69.0,8396.0,0.0,0.0,82.0,2328.0,2.0,2537.0,22.0,1694.0,4555.376962821217,1902.0,3089.764886391792,448.50000000000045,32.0,text/html; charset=UTF-8,200.0,OK,Indexable,,Vente en ligne de voiture d'occasion toute marques | Jean Lain Occasions,72.0,655.0,,0.0,0.0,D√©couvrez votre prochaine voiture parmi le stock de v√©hicules en vente 100% en ligne sur Jean Lain Occasions.,109.0,679.0,,0.0,Acheter une voiture d'occasion en ligne Essayez et r√©servez une voiture parmi nos 3173 v√©hicules d'occasion et de d√©monstration !,129.0,,0.0,3173 v√©hicules disponibles,26.0,Acc√®s rapide vers nos gammes de v√©hicules √† succ√®s,50.0,,,,,,,,,,,,,505088.0,33439.0,1767.0,466.0,0,0,Very Easy,0,0.0,0.0,,2.0,1.0,0.0,0,218.0,149.0,0.0,4.0,4.0,0.0,,,,,1709d0ab8fa2383f7af5bf9676e727dc,0,,,,,1.1,https://occasions.jeanlain.com/voiture,2024-05-23 11:10:39,0.0,0.0,0.0,0.0,,Indexable,,0,0,0,0,0,0,0,0,0
96,voiture occasion,17,https://www.bymycar.fr/v/voiture-occasion,1,200.0,26.0,71.0,53.0,60.0,25.0,8511.0,315.0,0.0,,1418.0,3.0,1485.0,3.0,2406.0,642.059384802737,3129.0,2135.9574313910834,182.503908686984,1.0,text/html; charset=utf-8,200.0,OK,Indexable,,Achat Voiture Occasion - Livraison √† Domicile | BYmyCAR,55.0,509.0,,0.0,0.0,Achetez votre voiture d'occasion en toute confiance chez BYmyCAR. Des milliers de v√©hicules toutes marques s√©lectionn√©s pour leur qualit√© et leur fiabilit√©.,156.0,947.0,,0.0,Achat d‚Äôune voiture d‚Äôoccasion : le choix BYmyCAR,49.0,,0.0,Classe V Long 250 d 9G-TRONIC,29.0,911 Carrera S Coup√© 3.8i,24.0,,,,,,https://www.bymycar.fr/v/voiture-occasion,,,,,,,248677.0,33741.0,4836.0,1226.0,0,0,Very Easy,0,0.0,1.0,,43.0,1.0,0.0,0,557.0,316.0,0.0,0.0,0.0,0.0,,,,,db874cbaef09ed65400ba6dfe1de23e8,0,,,,,1.1,https://www.bymycar.fr/v/voiture-occasion,2024-05-23 11:10:37,0.0,0.0,0.0,0.0,,Indexable,,0,0,0,0,0,0,0,0,0
97,voiture occasion,18,https://www.spoticar.fr/,1,200.0,16.0,90.0,43.0,85.0,2320.0,75889.0,468.0,20.0,18.0,1409.0,4.0,1527.0,6.0,2509.0,2315.9329098530757,3090.0,4005.485260421,729.0000000000005,8.0,text/html; charset=UTF-8,200.0,OK,Indexable,,Voitures d'occasion  - achat et reprise | SPOTICAR,50.0,438.0,,0.0,0.0,"SPOTICAR vous propose un choix de plus de 50 000 autos d'occasion toutes marques, s√©lectionn√©s, contr√¥l√©s et garantis jusqu'√† 24 mois par notre r√©seau de 1200 professionnels concessionnaires et agents sur le territoire fran√ßais.",228.0,1418.0,Voitures d'occasion; v√©hicules d'occasion,41.0,SPOTICAR,8.0,SPOTICAR,8.0,DES OCCASIONS CONTRE L'INFLATION,32.0,DES OCCASIONS CONTRE L'INFLATION,32.0,"index, follow",,,,,https://www.spoticar.fr/,,,,,,,1013695.0,73598.0,4022.0,1188.0,0,0,Very Easy,0,0.0,0.0,,36.0,3.0,0.0,0,890.0,483.0,0.0,11.0,10.0,0.0,,,,,d60b545a21e7d9161713440bad8a0f53,0,"Thu, 23 May 2024 07:50:23 GMT",,,,1.1,https://www.spoticar.fr/,2024-05-23 11:10:39,0.0,0.0,0.0,0.0,,Indexable,,0,0,0,0,0,0,0,0,0
98,voiture occasion,19,https://offres.seat.fr/occasion,1,200.0,3116.0,79.0,20.0,76.0,4110.0,132.0,28.0,102.0,,4928.0,3.0,5004.0,6.0,4275.0,4400.215370600453,4310.0,4770.745223192019,120.49999999999955,4.0,text/html; charset=utf-8,200.0,OK,Indexable,,1793 v√©hicules en stock disponibles | Stock Seat,48.0,430.0,,0.0,0.0,Trouvez la SEAT qui vous convient en recherchant un v√©hicule de la gamme disponible imm√©diatement en stock chez votre distributeur le plus proche.,146.0,916.0,,0.0,V√©hicule d'occasion,19.0,,0.0,Univers SEAT,12.0,Mod√®le,6.0,"INDEX, FOLLOW",,,,,,,,,,,,240317.0,32496.0,1856.0,593.0,0,0,Easy,0,0.0,0.0,,2.0,1.0,0.0,0,151.0,116.0,0.0,19.0,18.0,0.0,,,,,6570da990461ee83a37ef576144ad8,0,,,,,1.1,https://offres.seat.fr/occasion,2024-05-23 11:10:43,0.0,0.0,0.0,0.0,,Indexable,,0,0,0,0,0,0,0,0,0
99,voiture occasion,20,https://occasion.bmw.fr/,1,302.0,1980008442.0,62.0,13.0,57.0,23.0,7.0,1.0,0.0,47.0,1233.0,2.0,2381.0,0.0,950.0,2839.5136468534074,2027.0,4315.672291906842,323.50574054519075,4.0,,302.0,,Non-Indexable,Redirected,,0.0,0.0,,0.0,0.0,,0.0,0.0,,0.0,,0.0,,0.0,,0.0,,0.0,,,,,,,,,,,,,0.0,0.0,0.0,,0,0,,0,0.0,0.0,,0.0,0.0,0.0,0,0.0,0.0,0.0,0.0,0.0,0.0,,,,,,0,,https://occasion.bmw.fr/FR/fr/nsc/,HTTP Redirect,,1.1,https://occasion.bmw.fr/,2024-05-23 11:10:34,,,,,,,,0,0,0,0,0,0,0,0,0
