,Keyword,Position,Url,Top10,HTTP code BABBAR,TTFB (en ms) BABBAR,Page Value BABBAR,Page Trust BABBAR,Semantic Value BABBAR,Backlinks BABBAR,Backlinks host BABBAR,Host Outlinks BABBAR,Outlinks BABBAR,Score_1fr,Desktop First Contentful Paint Terrain,Desktop First Input Delay Terain,Desktop Largest Contentful Paint Terrain,Desktop Cumulative Layout Shift Terrain,Desktop First Contentful Paint Lab,Desktop Speed Index Lab,Desktop Largest Contentful Paint Lab,Desktop Time to Interactive Lab,Desktop Total Blocking Time Lab,Desktop Cumulative Layout Shift Lab,Content Type,Status Code,Status,Indexability_x,Indexability Status_x,Title 1,Title 1 Length,Title 1 Pixel Width,Meta Description 1,Meta Description 1 Length,Meta Description 1 Pixel Width,Meta Keywords 1,Meta Keywords 1 Length,H1-1,H1-1 Length,H1-2,H1-2 Length,H2-1,H2-1 Length,H2-2,H2-2 Length,Meta Robots 1,Meta Robots 2,X-Robots-Tag 1,Meta Refresh 1,Canonical Link Element 1,"rel=""next"" 1","rel=""prev"" 1","HTTP rel=""next"" 1","HTTP rel=""prev"" 1",amphtml Link Element,Size (bytes),Transferred (bytes),Word Count,Sentence Count,Average Words Per Sentence,Flesch Reading Ease Score,Readability,Text Ratio,Crawl Depth,Folder Depth,Link Score,Inlinks,Unique Inlinks,Unique JS Inlinks,% of Total,Outlinks,Unique Outlinks,Unique JS Outlinks,External Outlinks,Unique External Outlinks,Unique External JS Outlinks,Closest Similarity Match,No. Near Duplicates,Spelling Errors,Grammar Errors,Hash,Response Time,Last Modified,Redirect URL,Redirect Type,Cookies,HTTP Version,URL Encoded Address,Crawl Timestamp,Errors,Warnings,Total Types,Unique Types,Type-1,Indexability_y,Indexability Status_y,Title 1 score,Meta Description 1 score,Meta Keywords 1 score,H1-1 score,H1-2 score,H2-1 score,H2-2 score,Meta Robots 1 score,Url score
0,carrefour voyage,1,https://voyages.carrefour.fr/,0,200.0,53.0,84.0,57.0,82.0,29838.0,12594.0,281.0,23.0,37.0,521.0,11.0,1126.0,5.0,576.0,1699.4131110196436,1058.0,2368.0,484.0,37.0,text/html; charset=UTF-8,403.0,Forbidden,Non-Indexable,Client Error,,0.0,0.0,,0.0,0.0,,0.0,,0.0,,0.0,,0.0,,0.0,,,,,,,,,,,0.0,0.0,0.0,,0,0,,0,0.0,0.0,,0.0,0.0,0.0,0,0.0,0.0,0.0,0.0,0.0,0.0,,,,,,0,,,,,1.1,https://voyages.carrefour.fr/,2024-03-26 13:58:03,,,,,,,,0,0,0,0,0,0,0,0,0
1,carrefour voyage,2,https://www.partirdesuite.com/voyagiste/voyages-carrefour,0,200.0,954.0,71.0,6.0,,0.0,1046.0,124.0,2.0,,2125.0,3.0,2445.0,5.0,2125.0,1159.229337578387,2445.0,1229.0,0.0,5.0,text/html; charset=UTF-8,200.0,OK,Indexable,,Carrefour Voyages : bons plans dernière minute pas cher (-50% et +),67.0,599.0,"Carrefour Voyages en dernières minutes pas cher (-50% et + ), bons plans de voyages (vacances, séjours, week-end, croisières) pour un départ au dernier moment et partir de suite.",178.0,1106.0,,0.0,Dernière minute Carrefour Voyages,33.0,,0.0,Les Top Ventes du moment,24.0,Carrefour Voyages: utra dernière minute à moitié prix,53.0,"index, follow, max-image-preview:large, max-snippet:-1, max-video-preview:-1",,,,https://www.partirdesuite.com/voyagiste/voyages-carrefour,https://www.partirdesuite.com/voyagiste/voyages-carrefour/page/2,,,,,127026.0,14838.0,2339.0,375.0,0,0,Very Easy,0,0.0,1.0,,35.0,1.0,0.0,0,378.0,134.0,0.0,2.0,2.0,0.0,,,,,8dbc9011fdd772e30da4587e5df1d5d5,0,,,,,1.1,https://www.partirdesuite.com/voyagiste/voyages-carrefour,2024-03-26 13:57:59,0.0,0.0,0.0,0.0,,Indexable,,0,0,0,0,0,0,0,0,0
2,carrefour voyage,3,https://www.facebook.com/voyages.carrefour/?locale=fr_FR,0,,,,,,,,,,,1614.0,8.0,3628.0,7.0,1614.0,1950.16978638,3628.0,2606.0,170.5,7.0,,0.0,Connection Refused,Non-Indexable,No Response,,0.0,0.0,,0.0,0.0,,0.0,,0.0,,0.0,,0.0,,0.0,,,,,,,,,,,0.0,0.0,0.0,,0,0,,0,0.0,1.0,,0.0,0.0,0.0,0,0.0,0.0,0.0,0.0,0.0,0.0,,,,,,0,,,,,,https://www.facebook.com/voyages.carrefour/?locale=fr_FR,2024-03-26 13:58:01,,,,,,,,0,0,0,0,0,0,0,0,0
3,carrefour voyage,4,https://www.instagram.com/carrefourvoyages/?hl=fr,0,,,,,,,,,,20.0,,,,,,,,,,,"text/html; charset=""utf-8""",200.0,OK,Non-Indexable,Canonicalised,Carrefour Voyages (@carrefourvoyages) • Photos et vidéos Instagram,66.0,614.0,"18K followers, 159 suivis, 1,895 publications - Voir les photos et vidéos Instagram de Carrefour Voyages (@carrefourvoyages)",124.0,776.0,,0.0,,0.0,,0.0,,0.0,,0.0,"noarchive, noimageindex",,,,https://www.instagram.com/carrefourvoyages/,,,,,,428482.0,102298.0,0.0,,0,0,,0,0.0,1.0,,0.0,0.0,0.0,0,0.0,0.0,0.0,0.0,0.0,0.0,,,,,12985e2445d342af87011131601a370f,0,,,,,1.1,https://www.instagram.com/carrefourvoyages/?hl=fr,2024-03-26 13:58:00,0.0,0.0,0.0,0.0,,Non-Indexable,Canonicalised,0,0,0,0,0,0,0,0,0
4,carrefour voyage,5,https://fr.trustpilot.com/review/voyages.carrefour.fr,0,,,,,,0.0,0.0,0.0,0.0,36.0,1102.0,3.0,1212.0,3.0,1102.0,1431.83512469455,1212.0,4368.0,505.5,3.0,text/html; charset=utf-8,200.0,OK,Indexable,,Avis de Carrefour | Lisez les avis marchands de voyages.carrefour.fr,68.0,598.0,Combien d'étoiles donneriez-vous à Carrefour ? Rejoignez les 55 personnes qui se sont déjà exprimées. Votre expérience est importante.,134.0,845.0,,0.0,Carrefour Avis,14.0,,0.0,Écrire un avis,14.0,"Avis 2,0",8.0,"max-image-preview:large, max-snippet:-1, max-video-preview:-1",,,,https://fr.trustpilot.com/review/voyages.carrefour.fr,https://fr.trustpilot.com/review/voyages.carrefour.fr?page=2,,,,,411678.0,72234.0,2332.0,479.0,0,0,Very Easy,0,0.0,1.0,,3.0,2.0,0.0,0,99.0,86.0,0.0,10.0,9.0,0.0,,,,,a2501c1b75148d8fbe7399cbaf727a34,0,,,,,1.1,https://fr.trustpilot.com/review/voyages.carrefour.fr,2024-03-26 13:57:53,0.0,0.0,0.0,0.0,,Indexable,,0,0,0,0,0,0,0,0,0
5,carrefour voyage,6,https://www.officiel-des-vacances.com/carrefour-voyages,0,200.0,1126.0,57.0,18.0,50.0,5.0,76.0,124.0,18.0,97.8,2969.0,4.0,3491.0,4.0,2969.0,2908.518664426495,3491.0,4463.0,564.5,4.0,text/html; charset=UTF-8,200.0,OK,Indexable,,Carrefour Voyages : bons plans et promos | L'Officiel des vacances,66.0,587.0,"Retrouvez les meilleures offres Carrefour Voyages : réduction de dernière minute, bons plans et promos vacances avec l'Officiel des vacances !",142.0,881.0,,0.0,Carrefour Voyages,17.0,,0.0,Vraiment beaucoup de choix,26.0,De grandes marques comme partenaires !,38.0,,,,,https://www.officiel-des-vacances.com/carrefour-voyages,,,,,,524725.0,71174.0,12242.0,2151.0,0,0,Easy,0,0.0,0.0,,6.0,1.0,0.0,0,288.0,110.0,0.0,13.0,12.0,0.0,,,,,4dd4f464275e955f000b599a5ecb9985,0,"Tue, 26 Mar 2024 12:44:40 GMT",,,,1.1,https://www.officiel-des-vacances.com/carrefour-voyages,2024-03-26 13:58:04,0.0,0.0,0.0,0.0,,Indexable,,0,0,0,0,0,0,0,0,0
6,carrefour voyage,7,https://www.lemonde.fr/codespromo/carrefour-voyages,0,200.0,2478.0,58.0,38.0,49.0,3.0,23.0,181.0,25.0,,891.0,3.0,1184.0,12.0,891.0,1038.9075613025382,1184.0,1372.184,18.0,12.0,text/html; charset=utf-8,200.0,OK,Indexable,,Code promo Carrefour Voyages ᐅ 450€ de réduction ᐊ Mars 2024,60.0,571.0,Découvrez les meilleurs codes promo Carrefour Voyages valides sur les réservations de voyage en Mars 2024. Jusqu'à 450€ de réduction sur les vols et réservations d'hébergement.,176.0,1119.0,,0.0,Code promo Carrefour Voyages en mars valable en ligne,53.0,,0.0,Code réduction Carrefour Voyages : 21 bons de réduction valides en Mars 2024,76.0,FAQ,3.0,"index,follow",,,,https://www.lemonde.fr/codespromo/carrefour-voyages,,,,,,310038.0,71079.0,3422.0,608.0,0,0,Fairly Easy,0,0.0,1.0,,3.0,1.0,0.0,0,259.0,206.0,0.0,16.0,16.0,0.0,,,,,53a3f6c0b47ea47b13904605b6af752f,0,,,,,1.1,https://www.lemonde.fr/codespromo/carrefour-voyages,2024-03-26 13:57:54,0.0,0.0,0.0,0.0,,Indexable,,0,0,0,0,0,0,0,0,0
7,carrefour voyage,8,https://www.comparateurdevoyages.com/vacances/selection-voyagiste/carrefour-voyages-1/,0,200.0,645.0,72.0,9.0,,0.0,662.0,233.0,0.0,89.0,3352.0,3.0,3515.0,13.0,3352.0,2372.23775142654,3515.0,2555.25,26.0,13.0,text/html; charset=UTF-8,200.0,OK,Indexable,,Carrefour Voyages tout compris: promos et bons plans tout inclus et all inclusive,81.0,710.0,"Promos Carrefour Voyages dès -25%, bons plans tout compris, et séjour all inclusive pas cher. Vente flash et voyage tout inclus.",128.0,789.0,,0.0,Carrefour Voyages (397),23.0,,0.0,Idées de Circuit pour les Ponts 2024,36.0,Voyage à Bali: Entre Plage et Rizière,37.0,"index, follow, max-image-preview:large, max-snippet:-1, max-video-preview:-1",,,,https://www.comparateurdevoyages.com/vacances/selection-voyagiste/carrefour-voyages-1/,https://www.comparateurdevoyages.com/vacances/selection-voyagiste/carrefour-voyages-1/page/2/,,,,,253218.0,35721.0,3337.0,601.0,0,0,Very Easy,0,0.0,3.0,,35.0,1.0,0.0,0,426.0,236.0,0.0,0.0,0.0,0.0,,,,,a9781bf3f424286d1135e83ebe160a13,0,,,,,1.1,https://www.comparateurdevoyages.com/vacances/selection-voyagiste/carrefour-voyages-1/,2024-03-26 13:58:05,0.0,0.0,0.0,0.0,,Indexable,,0,0,0,0,0,0,0,0,0
8,carrefour voyage,9,https://www.pagesjaunes.fr/pros/06467682,0,,,,,,0.0,0.0,0.0,0.0,37.0,1387.0,2.0,1753.0,1.0,1387.0,1675.2192294901174,1753.0,2116.25,72.5,1.0,text/html; charset=UTF-8,403.0,Forbidden,Non-Indexable,Client Error,,0.0,0.0,,0.0,0.0,,0.0,,0.0,,0.0,,0.0,,0.0,,,,,,,,,,,0.0,0.0,0.0,,0,0,,0,0.0,1.0,,0.0,0.0,0.0,0,0.0,0.0,0.0,0.0,0.0,0.0,,,,,,0,,,,,1.1,https://www.pagesjaunes.fr/pros/06467682,2024-03-26 13:58:02,,,,,,,,0,0,0,0,0,0,0,0,0
9,carrefour voyage,10,https://www.carrefour.fr/faq?question=comment-reserver,0,,,,,,0.0,0.0,0.0,0.0,37.0,853.0,3.0,3594.0,8.0,1268.0,2728.094069256266,2314.0,3941.25,771.0,19.0,text/html,200.0,OK,Indexable,,Carrefour Voyages : Comment réserver ?,38.0,357.0,Vous pouvez effectuer une réservation sur notre site internet : www.voyages.carrefour.fr en sélectionnant un voyage avec une date et le nombre de personnes. Vous pouvez également vous déplacer en agence ou bien en appelant au 0805 41 31 31 (appel gratuit 7 jours sur 7).,270.0,1704.0,,0.0,Carrefour Voyages : Comment réserver ?,38.0,,0.0,En savoir plus sur la protection de vos données,47.0,,0.0,,,,,https://www.carrefour.fr/faq?question=comment-reserver,,,,,,322072.0,47996.0,5009.0,805.0,0,0,Fairly Hard,0,0.0,0.0,,0.0,0.0,0.0,0,181.0,115.0,0.0,1.0,1.0,0.0,,,,,16f395b01230f4814ce166d86088bb22,0,"Tue, 26 Mar 2024 10:05:18 GMT",,,,1.1,https://www.carrefour.fr/faq?question=comment-reserver,2024-03-26 13:57:40,0.0,0.0,0.0,0.0,,Indexable,,0,0,0,0,0,0,0,0,0
10,carrefour voyage,11,https://solutionscse.edenred.fr/solutions-ce-cse/voyages-cse,1,200.0,87.0,73.0,36.0,54.0,2.0,223.0,47.0,4.0,52.0,982.0,2.0,1269.0,16.0,982.0,1413.9827095247051,1269.0,341.0,0.0,16.0,text/html; charset=UTF-8,200.0,OK,Indexable,,L'agence de voyages CSE en partenariat avec Carrefour Voyages,61.0,569.0,"Profitez d'une agence de voyages 100% digitale accessible depuis le site du CSE. La meilleure agence de voyages CSE, en partenariat avec Carrefour Voyages.",155.0,975.0,,0.0,Bienvenue dans votre nouvelle agence de voyages CSE !,53.0,,0.0,Navigation principale,21.0,Navigation principale,21.0,,,,,https://solutionscse.edenred.fr/solutions-ce-cse/voyages-cse,,,,,,83136.0,12949.0,1186.0,176.0,0,0,Normal,0,0.0,1.0,,21.0,1.0,0.0,0,148.0,51.0,0.0,4.0,3.0,0.0,,,,,fe364a5731ccec1b27d59eb8a40c27ff,0,"Tue, 26 Mar 2024 11:24:54 GMT",,,,1.1,https://solutionscse.edenred.fr/solutions-ce-cse/voyages-cse,2024-03-26 13:57:56,0.0,0.0,0.0,0.0,,Indexable,,0,0,0,0,0,0,0,0,0
11,carrefour voyage,12,https://www.poulpeo.com/avis/carrefour-voyages.htm,1,200.0,276.0,61.0,24.0,,0.0,2.0,13.0,1.0,,1077.0,3.0,1500.0,2.0,1077.0,2049.98326257662,1500.0,3074.23892,437.5,2.0,text/html; charset=UTF-8,403.0,Forbidden,Non-Indexable,Client Error,,0.0,0.0,,0.0,0.0,,0.0,,0.0,,0.0,,0.0,,0.0,,,,,,,,,,,0.0,0.0,0.0,,0,0,,0,0.0,1.0,,0.0,0.0,0.0,0,0.0,0.0,0.0,0.0,0.0,0.0,,,,,,0,,,,,1.1,https://www.poulpeo.com/avis/carrefour-voyages.htm,2024-03-26 13:57:51,,,,,,,,0,0,0,0,0,0,0,0,0
12,carrefour voyage,13,https://ecully-grand-ouest.klepierre.fr/boutiques-restaurants/carrefour-voyages,1,200.0,241.0,57.0,17.0,47.0,1.0,10.0,24.0,6.0,1.0,939.0,2.0,1312.0,19.0,939.0,1176.3931138187504,1312.0,1139.0,0.0,19.0,text/html; charset=UTF-8,200.0,OK,Indexable,,"Carrefour Voyages Ecully : horaires, accès et bons plans - Ecully Grand Ouest",77.0,674.0,"Carrefour Voyages au centre commercial Ecully Grand Ouest : Horaires-Reduction-Contacts, toutes les informations utiles sur notre site.",135.0,841.0,,0.0,Carrefour Voyages,17.0,,0.0,Votre agence Carrefour Voyages dans votre centre Ecully Grand Ouest,67.0,VOUS EN VOULEZ PLUS ? VOUS AIMEREZ PEUT-ÊTRE,44.0,"index,follow",,,,https://ecully-grand-ouest.klepierre.fr/boutiques-restaurants/carrefour-voyages,,,,,,865649.0,139676.0,315.0,74.0,0,0,Easy,0,0.0,1.0,,0.0,0.0,0.0,0,36.0,24.0,0.0,6.0,6.0,0.0,,,,,1e7058faed5d2aa45139f5afffb071d1,0,,,,,1.1,https://ecully-grand-ouest.klepierre.fr/boutiques-restaurants/carrefour-voyages,2024-03-26 13:57:39,0.0,0.0,0.0,0.0,,Indexable,,0,0,0,0,0,0,0,0,0
13,carrefour voyage,14,https://www.chamnord.com/boutique/carrefour-voyage/,1,200.0,1268.0,51.0,16.0,,1.0,6.0,32.0,3.0,7.0,1966.0,2.0,2427.0,2.0,1966.0,3161.7351432875757,2427.0,3582.25,283.5,2.0,text/html; charset=UTF-8,200.0,OK,Indexable,,Carrefour Voyage Chamnord | Agence de voyage à Chambéry,55.0,540.0,"Retrouvez tous les infos de votre agence Carrefour Voyage à Chamnord : Horaires, informations de contact, promotions, bons plans, actualité, etc. ❤",147.0,910.0,,0.0,Carrefour Voyage,16.0,,0.0,Description de la boutique :,28.0,Horaires :,10.0,"index, follow, max-image-preview:large, max-snippet:-1, max-video-preview:-1",,,,https://www.chamnord.com/boutique/carrefour-voyage/,,,,,,178020.0,27724.0,289.0,95.0,0,0,Easy,0,0.0,2.0,,0.0,0.0,0.0,0,72.0,29.0,0.0,6.0,3.0,0.0,,,,,f5dde6fe2160a13706c07a4e35c80c17,0,,,,,1.1,https://www.chamnord.com/boutique/carrefour-voyage/,2024-03-26 13:58:05,0.0,0.0,0.0,0.0,,Indexable,,0,0,0,0,0,0,0,0,0
14,carrefour voyage,15,https://www.pro.carrefour.fr/services/voyage-de-groupe,1,,,64.0,25.0,,0.0,22.0,0.0,0.0,37.0,818.0,2.0,1114.0,1.0,818.0,726.5,1114.0,726.5,0.0,1.0,text/html; charset=UTF-8,403.0,Forbidden,Non-Indexable,Client Error,,0.0,0.0,,0.0,0.0,,0.0,,0.0,,0.0,,0.0,,0.0,,,,,,,,,,,0.0,0.0,0.0,,0,0,,0,0.0,1.0,,0.0,0.0,0.0,0,0.0,0.0,0.0,0.0,0.0,0.0,,,,,,0,,,,,1.1,https://www.pro.carrefour.fr/services/voyage-de-groupe,2024-03-26 13:57:50,,,,,,,,0,0,0,0,0,0,0,0,0
15,carrefour voyage,16,https://www.expedia.fr/Carrefour.d6299193.Reservation-Sejours-Voyages,1,,,42.0,6.0,,3.0,8.0,0.0,0.0,21.0,2233.0,6.0,3829.0,6.0,2233.0,4064.2361610106664,3829.0,6434.75,1216.0,6.0,text/html; charset=utf-8,200.0,OK,Indexable,,Séjours et voyages à Carrefour 2024 : vol + hôtel | Expedia.fr,62.0,529.0,Réservez votre voyage à Carrefour pour  aujourd'hui. Découvrez nos formules de vacances personnalisables et économisez sur votre vol et hôtel en 2024 !,151.0,947.0,,0.0,Réservez votre séjour à Carrefour,33.0,,0.0,Les membres connectés économisent 10 % minimum sur plus de 100 000 hôtels dans le monde.,88.0,Recherchez vos vacances à Carrefour en 2024,43.0,"index,follow",,,,https://www.expedia.fr/Carrefour.d6299193.Reservation-Sejours-Voyages,,,,,,1634567.0,263067.0,1354.0,247.0,0,0,Fairly Easy,0,0.0,0.0,,6.0,1.0,0.0,0,102.0,88.0,0.0,8.0,8.0,0.0,,,,,32949cdc8edb964951789c22f9d0f114,0,,,,,1.1,https://www.expedia.fr/Carrefour.d6299193.Reservation-Sejours-Voyages,2024-03-26 13:57:51,0.0,0.0,0.0,0.0,,Indexable,,0,0,0,0,0,0,0,0,0
16,carrefour voyage,17,https://www.pagesjaunes.fr/pros/56556670,1,,,,,,0.0,0.0,0.0,0.0,37.0,1387.0,2.0,1753.0,1.0,1387.0,1538.6886536464071,1753.0,2144.5,94.0,1.0,text/html; charset=UTF-8,403.0,Forbidden,Non-Indexable,Client Error,,0.0,0.0,,0.0,0.0,,0.0,,0.0,,0.0,,0.0,,0.0,,,,,,,,,,,0.0,0.0,0.0,,0,0,,0,0.0,1.0,,0.0,0.0,0.0,0,0.0,0.0,0.0,0.0,0.0,0.0,,,,,,0,,,,,1.1,https://www.pagesjaunes.fr/pros/56556670,2024-03-26 13:57:42,,,,,,,,0,0,0,0,0,0,0,0,0
17,carrefour voyage,18,https://fr.wikipedia.org/wiki/Carrefour_Voyages,1,,,50.0,64.0,47.0,24.0,0.0,0.0,0.0,29.0,857.0,3.0,954.0,4.0,857.0,1210.0575527219469,954.0,809.0,0.0,4.0,text/html; charset=UTF-8,200.0,OK,Indexable,,Carrefour Voyages — Wikipédia,29.0,275.0,,0.0,0.0,,0.0,Carrefour Voyages,17.0,,0.0,Sommaire,8.0,Historique[modifier | modifier le code],39.0,max-image-preview:standard,,,,https://fr.wikipedia.org/wiki/Carrefour_Voyages,,,,,,73454.0,16535.0,694.0,187.0,0,0,Fairly Easy,0,0.0,1.0,,18.0,1.0,0.0,0,183.0,153.0,0.0,21.0,18.0,0.0,,,,,77eea20df4603b803170c7c815af8cf5,0,"Mon, 25 Mar 2024 20:40:24 GMT",,,,1.1,https://fr.wikipedia.org/wiki/Carrefour_Voyages,2024-03-26 13:57:56,0.0,0.0,0.0,0.0,,Indexable,,0,0,0,0,0,0,0,0,0
18,carrefour voyage,19,https://www.qwartz-92.com/boutiques/carrefour-voyages,1,200.0,246.0,56.0,14.0,,0.0,4.0,34.0,3.0,,1858.0,4.0,1896.0,5.0,1858.0,940.064097329029,1896.0,973.0,15.0,5.0,text/html; charset=utf-8,200.0,OK,Indexable,,Boutique CARREFOUR VOYAGES : Centre Qwartz,42.0,431.0,Votre boutique CARREFOUR VOYAGES vous attend dans votre centre commercial Qwartz situé à Villeneuve-la-Garenne. Nous vous souhaitons un agréable shopping !,155.0,1024.0,,0.0,CARREFOUR VOYAGES,17.0,,0.0,CARREFOUR VOYAGES,17.0,,0.0,,,,,,,,,,,48461.0,11703.0,241.0,55.0,0,0,Very Easy,0,0.0,1.0,,4.0,1.0,0.0,0,65.0,39.0,0.0,3.0,3.0,0.0,,,,,95cb8dacf6ccbbf4fb6aa292f4582dfa,0,,,,,1.1,https://www.qwartz-92.com/boutiques/carrefour-voyages,2024-03-26 13:57:37,0.0,0.0,0.0,0.0,,Indexable,,0,0,0,0,0,0,0,0,0
19,carrefour voyage,20,https://fr.custplace.com/carrefour-voyages,1,,,39.0,2.0,,0.0,1.0,0.0,0.0,58.0,1570.0,2.0,1993.0,1.0,1570.0,1237.7554651756136,1993.0,1990.75,152.0,1.0,text/html; charset=UTF-8,200.0,OK,Indexable,,Avis clients Carrefour voyages - 63 avis - Custplace,52.0,449.0,Découvrez les avis de 63 clients de Carrefour voyages et partagez aussi votre avis sur cette entreprise.,104.0,633.0,,0.0,Avis clients Carrefour voyages,30.0,,0.0,Partagez votre avis,19.0,Avis du plus récent au plus ancien,34.0,"index, follow",,,,https://fr.custplace.com/carrefour-voyages,https://fr.custplace.com/carrefour-voyages?page=2,,,,,213285.0,32447.0,3574.0,538.0,0,0,Easy,0,0.0,0.0,,46.0,1.0,0.0,0,117.0,60.0,0.0,3.0,3.0,0.0,,,,,f86d5426f8980b4040893c04ae410152,0,,,,,1.1,https://fr.custplace.com/carrefour-voyages,2024-03-26 13:57:45,0.0,0.0,0.0,0.0,,Indexable,,0,0,0,0,0,0,0,0,0
20,go voyage,1,https://www.govoyages.com/,0,200.0,1415.0,84.0,50.0,69.0,864.0,64549.0,68.0,17.0,,1271.0,31.0,5090.0,20.0,1503.0,6794.644552656911,7159.0,8436.75,2336.0,19.0,text/html;charset=UTF-8,200.0,OK,Indexable,,Agence de voyage GO Voyages - Vols pas chers et séjours,55.0,511.0,"GO Voyages vous propose les meilleurs tarifs sur les vols, week-end et séjour sur mesure. Comparez les prix et réservez votre voyage pas cher dès maintenant !",158.0,984.0,,0.0,Réservez vos vols et séjours,28.0,,0.0,Découvrez les bons plans de notre agence de voyage,50.0,Trouvez un billet d'avion pas cher avec notre comparateur de vols,65.0,"index, follow",,,,https://www.govoyages.com/,,,,,,117112.0,26489.0,847.0,193.0,0,0,Easy,0,0.0,0.0,,1.0,1.0,0.0,0,78.0,72.0,0.0,15.0,13.0,0.0,,,,,80d8e93a4767c73c18d05de8c9e08d96,0,,,,,1.1,https://www.govoyages.com/,2024-03-26 13:57:44,0.0,0.0,0.0,0.0,,Indexable,,0,0,0,0,0,0,0,0,0
21,go voyage,2,https://www.opodo.fr/govoyages/,0,200.0,408.0,73.0,25.0,48.0,6.0,34.0,61.0,10.0,,1213.0,4.0,1653.0,3.0,1343.0,5500.49213704051,7028.0,7373.75,2422.25,19.0,text/html;charset=UTF-8,200.0,OK,Indexable,,GO Voyages - Vols pas chers et séjours au meilleur prix,55.0,483.0,"L'agence de voyage GOVoyages propose les meilleurs prix sur les vols, week-end et séjour sur mesure. Comparez les tarifs et réservez vos vacances dès maintenant !",162.0,1021.0,,0.0,Tout savoir sur GO Voyages,26.0,,0.0,GO Voyages accompagne vos vacances depuis 1997,46.0,"Avec GO Voyages, composez votre séjour sur-mesure",49.0,"index, follow",,,,https://www.opodo.fr/govoyages/,,,,,,106428.0,28981.0,1979.0,268.0,0,0,Fairly Easy,0,0.0,1.0,,2.0,1.0,0.0,0,73.0,66.0,0.0,6.0,6.0,0.0,,,,,97ba66735926e4a383300ded2b4d562f,0,,,,,1.1,https://www.opodo.fr/govoyages/,2024-03-26 13:57:49,0.0,0.0,0.0,0.0,,Indexable,,0,0,0,0,0,0,0,0,0
22,go voyage,3,https://www.edreams.fr/govoyages/,0,200.0,213.0,74.0,27.0,45.0,2.0,43.0,70.0,8.0,,1683.0,7.0,6334.0,22.0,1683.0,4624.5109261126545,6334.0,7108.75,1740.5,22.0,text/html;charset=UTF-8,200.0,OK,Indexable,,GO Voyages - Agence de voyage pour réserver ses vacances à petit prix,69.0,629.0,"Comparez les offres et réservez votre séjour dès maintenant ! GO Voyages et GO Prime vous proposent les meilleurs tarifs sur les billets d'avion, hôtels et location de voiture.",176.0,1066.0,,0.0,"GO Voyages, le spécialiste français du voyage sur-mesure",56.0,,0.0,GO Voyages vous emmène en vacances depuis 1997,46.0,"GO Voyages, le meilleur allié de vos vacances pas chères",56.0,"index, follow",,,,https://www.edreams.fr/govoyages/,,,,,,113842.0,29913.0,2034.0,268.0,0,0,Fairly Easy,0,0.0,1.0,,2.0,1.0,0.0,0,79.0,73.0,0.0,6.0,6.0,0.0,,,,,2da46953edb2d33193e6e6255b306c4b,0,,,,,1.1,https://www.edreams.fr/govoyages/,2024-03-26 13:57:44,0.0,0.0,0.0,0.0,,Indexable,,0,0,0,0,0,0,0,0,0
23,go voyage,4,https://play.google.com/store/apps/details?id=go.voyage&hl=fr&gl=US,0,,,,,,,,,,,1355.0,3.0,1879.0,7.0,1629.0,1105.5011325637643,2355.0,3140.5,543.0,9.0,text/html; charset=utf-8,200.0,OK,Non-Indexable,Canonicalised,Go Voyages: Vols et Hôtels – Applications sur Google Play,57.0,513.0,"Trouvez les meilleures offres de vols, d'hôtels et de voitures pour vos vacances",80.0,488.0,,0.0,Go Voyages: Vols et Hôtels,26.0,✈️ Vols abordables ✈️,21.0,À propos de l'application,25.0,Sécurité des données,20.0,NOODP,,,,https://play.google.com/store/apps/details?id=go.voyage&hl=fr,,,,,,1011891.0,147068.0,1054.0,216.0,0,0,Fairly Easy,0,0.0,2.0,,0.0,0.0,0.0,0,37.0,28.0,0.0,3.0,3.0,0.0,,,,,ce8f97901b65436b98485d742b5275d,0,,,,,1.1,https://play.google.com/store/apps/details?id=go.voyage&hl=fr&gl=US,2024-03-26 13:57:46,0.0,0.0,0.0,0.0,,Non-Indexable,Canonicalised,0,0,0,0,0,0,0,0,0
24,go voyage,5,https://play.google.com/store/apps/details?id=go.voyage&hl=en_US,0,,,,,,,,,,,1355.0,3.0,1879.0,7.0,1629.0,1088.2189803719148,2355.0,3180.5,411.5,9.0,text/html; charset=utf-8,200.0,OK,Indexable,,Go Voyages: Vols et Hôtels - Apps on Google Play,48.0,435.0,"Find the best flight, hotel and car deals for your vacation",59.0,347.0,,0.0,Go Voyages: Vols et Hôtels,26.0,✈️ Affordable Flights ✈️,24.0,About this app,14.0,Data safety,11.0,NOODP,,,,https://play.google.com/store/apps/details?id=go.voyage&hl=en_US,,,,,,1009342.0,147878.0,857.0,196.0,0,0,Fairly Easy,0,0.0,2.0,,0.0,0.0,0.0,0,38.0,29.0,0.0,3.0,3.0,0.0,,,,,272ccd39f1feba86df6a68e493b07f2d,0,,,,,1.1,https://play.google.com/store/apps/details?id=go.voyage&hl=en_US,2024-03-26 13:57:57,0.0,0.0,0.0,0.0,,Indexable,,0,0,0,0,0,0,0,0,0
25,go voyage,6,https://www.ebuyclub.com/avis/go-voyages-7042,0,200.0,445.0,60.0,21.0,,0.0,7.0,41.0,3.0,85.0,991.0,3.0,1535.0,4.0,991.0,829.4931595524259,1535.0,965.5,2.0,4.0,text/html;charset=UTF-8,200.0,OK,Indexable,,Avis Go Voyages - 229 avis clients de Go Voyages,48.0,437.0,"Avis et commentaire Go Voyages des clients eBuyClub ayant utilisés le cashback, une réduction ou un code Go Voyages et ayant donnés une évaluation sur Go Voyages",161.0,1040.0,,0.0,Avis clients Go Voyages,23.0,,0.0,,0.0,,0.0,"index, follow",,,,https://www.ebuyclub.com/avis/go-voyages-7042,,,,,,454778.0,54533.0,6163.0,1021.0,0,0,Very Easy,0,0.0,1.0,,2.0,1.0,0.0,0,55.0,42.0,0.0,2.0,2.0,0.0,,,,,56cd837ca963bea3a68c02d939ee98fd,0,"Tue, 26 Mar 2024 09:33:54 GMT",,,,1.1,https://www.ebuyclub.com/avis/go-voyages-7042,2024-03-26 13:57:51,0.0,0.0,0.0,0.0,,Indexable,,0,0,0,0,0,0,0,0,0
26,go voyage,7,https://fr.wikipedia.org/wiki/GO_Voyages,0,,,46.0,,41.0,3.0,1.0,0.0,0.0,,857.0,3.0,954.0,4.0,857.0,852.481277602454,954.0,838.5,1.5,4.0,text/html; charset=UTF-8,200.0,OK,Indexable,,GO Voyages — Wikipédia,22.0,219.0,,0.0,0.0,,0.0,GO Voyages,10.0,,0.0,Sommaire,8.0,Historique[modifier | modifier le code],39.0,max-image-preview:standard,,,,https://fr.wikipedia.org/wiki/GO_Voyages,,,,,,87784.0,20130.0,1803.0,301.0,0,0,Easy,0,0.0,1.0,,72.0,1.0,0.0,0,203.0,119.0,0.0,43.0,39.0,0.0,,,,,983e1fe108277382cdc1123e73571536,0,"Mon, 25 Mar 2024 20:41:37 GMT",,,,1.1,https://fr.wikipedia.org/wiki/GO_Voyages,2024-03-26 13:57:46,0.0,0.0,0.0,0.0,,Indexable,,0,0,0,0,0,0,0,0,0
27,go voyage,8,https://fr.trustpilot.com/review/www.govoyages.com,0,,,47.0,6.0,43.0,2.0,0.0,0.0,0.0,19.0,1391.0,,1595.0,4.0,1102.0,1992.713119750154,1212.0,5502.0,1260.0,3.0,text/html; charset=utf-8,200.0,OK,Indexable,,Avis de GO Voyages | Lisez les avis marchands de www.govoyages.com,66.0,635.0,"Êtes-vous d'accord avec la note 4 étoiles de GO Voyages ? Découvrez ce que 46 875 personnes ont écrit jusqu'ici, et partagez votre propre expérience.",149.0,929.0,,0.0,GO Voyages Avis,15.0,,0.0,Écrire un avis,14.0,"Avis 4,5",8.0,"max-image-preview:large, max-snippet:-1, max-video-preview:-1",,,,https://fr.trustpilot.com/review/www.govoyages.com,https://fr.trustpilot.com/review/www.govoyages.com?page=2,,,,,454068.0,73287.0,2543.0,564.0,0,0,Very Easy,0,0.0,1.0,,3.0,2.0,0.0,0,104.0,90.0,0.0,10.0,9.0,0.0,,,,,c7b426eda23da42fb716b4990fb31d16,0,,,,,1.1,https://fr.trustpilot.com/review/www.govoyages.com,2024-03-26 13:57:49,0.0,0.0,0.0,0.0,,Indexable,,0,0,0,0,0,0,0,0,0
28,go voyage,9,https://www.facebook.com/govoyages/?locale=fr_FR,0,,,,,,,,,,,1614.0,8.0,3628.0,7.0,1614.0,2103.5288611304095,3628.0,2662.5,231.0,7.0,,0.0,Connection Refused,Non-Indexable,No Response,,0.0,0.0,,0.0,0.0,,0.0,,0.0,,0.0,,0.0,,0.0,,,,,,,,,,,0.0,0.0,0.0,,0,0,,0,0.0,1.0,,0.0,0.0,0.0,0,0.0,0.0,0.0,0.0,0.0,0.0,,,,,,0,,,,,,https://www.facebook.com/govoyages/?locale=fr_FR,2024-03-26 13:57:49,,,,,,,,0,0,0,0,0,0,0,0,0
29,go voyage,10,https://www.leparisien.fr/codes-promo/marques/go-voyages.php,0,,,58.0,29.0,,2.0,12.0,0.0,0.0,59.0,936.0,4.0,1259.0,5.0,936.0,2280.2641107128784,1259.0,2870.75,328.0,5.0,text/html; charset=utf-8,200.0,OK,Indexable,,Code promo Go Voyages ➽ 40% de réduction / vérifié en Mars 2024,63.0,588.0,"VOUS POUVEZ CRAQUER chez GO VOYAGES avec Le Parisien 8 codes de réduction GO VOYAGES cette semaine, vérifiés il y a moins de 1 jours",132.0,879.0,,0.0,,0.0,,0.0,Codes promo Go Voyages valides en mars 2024,43.0,Codes de réduction expirés pouvant fonctionner,46.0,"index, follow","max-snippet:-1, max-image-preview:large, max-video-preview:-1",,,https://www.leparisien.fr/codes-promo/marques/go-voyages.php,,,,,,153519.0,15662.0,1560.0,283.0,0,0,Easy,0,0.0,2.0,,2.0,1.0,0.0,0,58.0,54.0,0.0,0.0,0.0,0.0,,,,,795412ba1b210c7b86c34719bece7df1,0,"Tue, 26 Mar 2024 11:27:54 GMT",,,,1.1,https://www.leparisien.fr/codes-promo/marques/go-voyages.php,2024-03-26 13:57:57,0.0,0.0,0.0,0.0,,Indexable,,0,0,0,0,0,0,0,0,0
30,go voyage,11,https://www.poulpeo.com/avis/go-voyages.htm,1,200.0,461.0,62.0,26.0,,0.0,1.0,14.0,1.0,,1077.0,3.0,1500.0,2.0,1077.0,1210.6442963073002,1500.0,2698.95147,277.5,2.0,text/html; charset=UTF-8,403.0,Forbidden,Non-Indexable,Client Error,,0.0,0.0,,0.0,0.0,,0.0,,0.0,,0.0,,0.0,,0.0,,,,,,,,,,,0.0,0.0,0.0,,0,0,,0,0.0,1.0,,0.0,0.0,0.0,0,0.0,0.0,0.0,0.0,0.0,0.0,,,,,,0,,,,,1.1,https://www.poulpeo.com/avis/go-voyages.htm,2024-03-26 13:58:00,,,,,,,,0,0,0,0,0,0,0,0,0
31,go voyage,12,https://fr.igraal.com/avis/Go-Voyages,1,200.0,890.0,43.0,17.0,,1.0,2.0,42.0,7.0,,,,,,,,,,,,text/html;charset=utf-8,403.0,Forbidden,Non-Indexable,Client Error,,0.0,0.0,,0.0,0.0,,0.0,,0.0,,0.0,,0.0,,0.0,,,,,,,,,,,581.0,581.0,0.0,,0,0,,0,0.0,1.0,,0.0,0.0,0.0,0,0.0,0.0,0.0,0.0,0.0,0.0,,,,,,0,,,,,1.1,https://fr.igraal.com/avis/Go-Voyages,2024-03-26 13:57:30,,,,,,,,0,0,0,0,0,0,0,0,0
32,go voyage,13,https://twitter.com/Go_voyages,1,,,79.0,57.0,70.0,374.0,0.0,0.0,0.0,,569.0,4.0,3989.0,7.0,569.0,3653.0807080042905,3989.0,4400.5,1395.0,7.0,text/html; charset=utf-8,400.0,Bad Request,Non-Indexable,Client Error,,0.0,0.0,,0.0,0.0,,0.0,,0.0,,0.0,,0.0,,0.0,,,,,,,,,,,1001.0,1001.0,0.0,,0,0,,0,0.0,0.0,,0.0,0.0,0.0,0,0.0,0.0,0.0,0.0,0.0,0.0,,,,,,0,"Tue, 26 Mar 2024 12:57:55 GMT",,,,1.1,https://twitter.com/Go_voyages,2024-03-26 13:57:56,,,,,,,,0,0,0,0,0,0,0,0,0
33,go voyage,14,https://forum.quechoisir.org/go-voyages-f336.html,1,200.0,250.0,58.0,22.0,,0.0,109.0,51.0,19.0,19.0,1107.0,2.0,1141.0,5.0,1107.0,787.4292674909701,1141.0,652.0,0.0,5.0,text/html; charset=UTF-8,200.0,OK,Indexable,,Go Voyages - Forum Que Choisir,30.0,285.0,"Go Voyages : Entrez dans l'espace dédié au site govoyages.com, spécialiste dans la vente en ligne de billets d'avion.",117.0,716.0,"voyages, dans, billets, ligne, vente, com, spécialiste, govoyages, site, dédié, espace, entrez, avion",101.0,Go Voyages,10.0,,0.0,GO VOYAGES - Frais de réservation cachés,40.0,Go voyages-mauvaise experience,30.0,"index,follow,noarchive",,,,https://forum.quechoisir.org/go-voyages-f336.html,,,,,,71443.0,11845.0,1511.0,457.0,0,0,Very Easy,0,0.0,0.0,,4.0,1.0,0.0,0,221.0,132.0,0.0,3.0,3.0,0.0,,,,,abcbcb2ebbfbd297a4c45e866583ea89,0,,,,,1.1,https://forum.quechoisir.org/go-voyages-f336.html,2024-03-26 13:58:05,0.0,0.0,0.0,0.0,,Indexable,,0,0,0,0,0,0,0,0,0
34,go voyage,15,https://www.tripadvisor.fr/ShowTopic-g1-i11062-k6686856-o50-Arnaque_Go_voyages-Package_Holidays.html,1,,,,,,0.0,0.0,0.0,0.0,,2125.0,4.0,2834.0,12.0,2125.0,3502.4096036833234,2834.0,6197.0,407.5,12.0,text/html;charset=UTF-8,200.0,OK,Indexable,,arnaque Go voyages - Forum de voyage sur Forfaits vacances - Tripadvisor,72.0,656.0,"Depuis 10 ans nous achetions sans problème des billets d'avion a Govoyages. Depuis la mise en place de leur service à frais différent selon l'heure d'achat, nous nous sommes réveillés à 4h du matin pour acheter sans frais. Ce lundi nous...",239.0,1476.0,"Forfaits vacances, arnaque Go voyages",37.0,arnaque Go voyages - Forum de voyage sur Forfaits vacances,58.0,arnaque Go voyages,18.0,,0.0,,0.0,,,,,,https://www.tripadvisor.fr/ShowTopic-g1-i11062-k6686856-o60-Arnaque_Go_voyages-Package_Holidays.html,https://www.tripadvisor.fr/ShowTopic-g1-i11062-k6686856-o40-Arnaque_Go_voyages-Package_Holidays.html,,,,439028.0,97437.0,3240.0,636.0,0,0,Easy,0,0.0,0.0,,1.0,1.0,0.0,0,145.0,76.0,0.0,4.0,4.0,0.0,,,,,565b5540148e1a3d48d49cf1b8975ae6,0,,,,,1.1,https://www.tripadvisor.fr/ShowTopic-g1-i11062-k6686856-o50-Arnaque_Go_voyages-Package_Holidays.html,2024-03-26 13:57:38,0.0,0.0,0.0,0.0,,Indexable,,0,0,0,0,0,0,0,0,0
35,go voyage,16,https://www.petitfute.com/d3-paris/c1122-voyage-transports/c747-tours-operateurs/c758-tour-operateur-generaliste/235816-go-voyages.html,1,,,46.0,11.0,,0.0,5.0,0.0,0.0,65.0,1936.0,4.0,2997.0,12.0,1936.0,2722.6446436049564,2997.0,8684.256685,447.0,12.0,text/html; charset=utf-8,200.0,OK,Indexable,,GO VOYAGES - Tour-opérateur généraliste - Paris,47.0,430.0,"GO VOYAGES - Tour-opérateur généraliste : Go Voyages propose un très grand choix de vols secs, charters et réguliers au meilleur prix au départ et à destination...",163.0,1001.0,"GO VOYAGES, Paris, Voyage - Transports, Tours opérateurs, Tour-opérateur généraliste, informations, adresse, réservation, avis Petit Futé, avis membre",150.0,GO VOYAGES,10.0,,0.0,Y aller et contacter,20.0,Informations et horaires sur GO VOYAGES,39.0,"noai, noimageai",,,,,https://www.petitfute.com/d3-paris/c1122-voyage-transports/c747-tours-operateurs/c758-tour-operateur-generaliste/235816-go-voyages.html?page=2,,,,,213156.0,38570.0,1403.0,270.0,0,0,Easy,0,0.0,4.0,,18.0,1.0,0.0,0,108.0,56.0,0.0,10.0,9.0,0.0,,,,,53a248bf36e18078a56ae7cde12a6ec4,0,"Tue, 26 Mar 2024 09:22:59 GMT",,,,1.1,https://www.petitfute.com/d3-paris/c1122-voyage-transports/c747-tours-operateurs/c758-tour-operateur-generaliste/235816-go-voyages.html,2024-03-26 13:57:44,0.0,0.0,0.0,0.0,,Indexable,,0,0,0,0,0,0,0,0,0
36,go voyage,17,https://www.jetcost.com/special/go-voyages/5464,1,200.0,415.0,83.0,36.0,,1.0,66134.0,43.0,45.0,37.0,2811.0,4.0,5014.0,37.0,2811.0,1444.9061522873599,5014.0,2635.5,644.0,37.0,text/html; charset=UTF-8,200.0,OK,Indexable,,GO Voyages - Trouver les meilleures offres de vol,49.0,431.0,Comparez les prix des vols GO Voyages avec d'autres agences de voyage et trouvez uniquement les meilleures offres GO Voyages.,125.0,805.0,,0.0,Trouvez les meilleures offres chez GO Voyages,45.0,,0.0,À propos de GO Voyages,22.0,Service clientèle de GO Voyages,31.0,,,,,https://www.jetcost.com/special/go-voyages/5464,,,,,,811473.0,156760.0,600.0,117.0,0,0,Normal,0,0.0,2.0,,3.0,1.0,0.0,0,92.0,49.0,0.0,41.0,40.0,0.0,,,,,85e9543d21596de6838a0c7ec260cfc4,0,,,,,1.1,https://www.jetcost.com/special/go-voyages/5464,2024-03-26 13:57:58,0.0,0.0,0.0,0.0,,Indexable,,0,0,0,0,0,0,0,0,0
37,go voyage,18,https://www.govoyages-bons-plans.com/,1,200.0,912.0,78.0,40.0,60.0,29.0,14.0,10.0,0.0,43.0,,,,,,962.6766261761722,,929.0,0.0,,text/html; charset=UTF-8,200.0,OK,Indexable,,Accueil - Govoyages bons plans,30.0,280.0,,0.0,0.0,,0.0,Les Bons Plans GO Voyages,25.0,,0.0,Faites le plein de bons plans pour vos voyages !,48.0,Les astuces de GO Voyages,25.0,"index, follow, max-image-preview:large, max-snippet:-1, max-video-preview:-1",,,,https://www.govoyages-bons-plans.com/,,,,,,77201.0,16039.0,917.0,124.0,0,0,Easy,0,0.0,0.0,,10.0,2.0,0.0,0,25.0,11.0,0.0,0.0,0.0,0.0,,,,,8bb945fd3c1967dfc9ab47ead5217fb,0,,,,,1.1,https://www.govoyages-bons-plans.com/,2024-03-26 13:57:49,0.0,0.0,0.0,0.0,,Indexable,,0,0,0,0,0,0,0,0,0
38,go voyage,19,https://www.instagram.com/go_voyages/?hl=fr,1,,,,,,,,,,36.0,957.0,4.0,3677.0,7.0,957.0,3818.3626412722147,3677.0,3549.5,516.5,7.0,"text/html; charset=""utf-8""",200.0,OK,Non-Indexable,Canonicalised,GO Voyages (@go_voyages) • Photos et vidéos Instagram,53.0,508.0,"19K followers, 246 suivis, 925 publications - Voir les photos et vidéos Instagram de GO Voyages (@go_voyages)",109.0,691.0,,0.0,,0.0,,0.0,,0.0,,0.0,"noarchive, noimageindex",,,,https://www.instagram.com/go_voyages/,,,,,,427935.0,102163.0,0.0,,0,0,,0,0.0,1.0,,0.0,0.0,0.0,0,0.0,0.0,0.0,0.0,0.0,0.0,,,,,8e5f0c27a3c742c2ab346be0b4f57463,0,,,,,1.1,https://www.instagram.com/go_voyages/?hl=fr,2024-03-26 13:57:42,0.0,0.0,0.0,0.0,,Non-Indexable,Canonicalised,0,0,0,0,0,0,0,0,0
39,go voyage,20,https://www.pagesjaunes.fr/pros/60337599,1,,,,,,0.0,0.0,0.0,0.0,37.0,1387.0,2.0,1753.0,1.0,1387.0,1702.3918068151538,1753.0,2089.0,168.0,1.0,text/html; charset=UTF-8,403.0,Forbidden,Non-Indexable,Client Error,,0.0,0.0,,0.0,0.0,,0.0,,0.0,,0.0,,0.0,,0.0,,,,,,,,,,,0.0,0.0,0.0,,0,0,,0,0.0,1.0,,0.0,0.0,0.0,0,0.0,0.0,0.0,0.0,0.0,0.0,,,,,,0,,,,,1.1,https://www.pagesjaunes.fr/pros/60337599,2024-03-26 13:57:39,,,,,,,,0,0,0,0,0,0,0,0,0
40,leclerc voyage,1,https://www.leclercvoyages.com/,0,200.0,61.0,84.0,55.0,77.0,12468.0,79502.0,868.0,16.0,97.6,756.0,9.0,2377.0,10.0,2693.0,1417.2594829651766,3744.0,3084.0,145.0,9.0,text/html;charset=UTF-8,200.0,OK,Indexable,,"Voyages, Vacances pas cher, Sejour derniere minute avec Voyages Leclerc.",72.0,664.0,"Avec Voyages Leclerc planifiez vos vacances : bons plans voyages, promos vacances et séjours dernière minute en France et dans le monde.",136.0,871.0,"E.Leclerc, Leclerc, Voyages",27.0,Voyages et vacances pas cher,28.0,,0.0,Séjours Dernière Minute,23.0,Dernière Minute France,22.0,,,,,,,,,,,490295.0,67041.0,1043.0,317.0,0,0,Very Easy,0,0.0,0.0,,7.0,2.0,0.0,0,1137.0,855.0,0.0,11.0,11.0,0.0,,,,,4a061b7eb630042f772def31449debd9,0,,,,,1.1,https://www.leclercvoyages.com/,2024-03-26 13:58:01,0.0,0.0,0.0,0.0,,Indexable,,0,0,0,0,0,0,0,0,0
41,leclerc voyage,2,https://www.e.leclerc/e/voyages-e-leclerc,0,200.0,78.0,72.0,44.0,50.0,8.0,17634.0,760.0,19.0,,1935.0,4.0,4213.0,15.0,1832.0,4921.541546730951,3869.0,4000.0,788.0,26.0,text/html; charset=utf-8,200.0,OK,Indexable,,Voyages E.Leclerc | E.Leclerc,29.0,257.0,Voyages E.Leclerc,17.0,113.0,,0.0,Voyages E.Leclerc,17.0,,0.0,,0.0,,0.0,,,,,https://www.e.leclerc/e/voyages-e-leclerc,,,,,,566915.0,59228.0,2643.0,855.0,0,0,Very Easy,0,0.0,1.0,,1.0,1.0,0.0,0,761.0,750.0,0.0,25.0,22.0,0.0,,,,,875ce65f56e197a651bba96903cc33bd,0,"Sat, 23 Mar 2024 04:14:59 GMT",,,,1.1,https://www.e.leclerc/e/voyages-e-leclerc,2024-03-26 13:57:42,0.0,0.0,0.0,0.0,,Indexable,,0,0,0,0,0,0,0,0,0
42,leclerc voyage,3,https://encheres-leclercvoyages.com/,0,302.0,765004139.0,61.0,20.0,54.0,6.0,14.0,0.0,1.0,1.0,1491.0,3.0,3520.0,23.0,1105.0,2188.339918476727,2620.0,2441.5,4.5,22.0,text/html;charset=UTF-8,302.0,Found,Non-Indexable,Redirected,,0.0,0.0,,0.0,0.0,,0.0,,0.0,,0.0,,0.0,,0.0,,,,,,,,,,,0.0,0.0,0.0,,0,0,,0,0.0,0.0,,0.0,0.0,0.0,0,0.0,0.0,0.0,0.0,0.0,0.0,,,,,,0,,https://encheres.leclercvoyages.com/,HTTP Redirect,,1.1,https://encheres-leclercvoyages.com/,2024-03-26 13:58:04,,,,,,,,0,0,0,0,0,0,0,0,0
43,leclerc voyage,4,https://www.brochuresenligne.com/Voyages-E-Leclerc_a2527.html,0,200.0,51.0,66.0,32.0,62.0,1753.0,16.0,23.0,12.0,40.0,899.0,2.0,1652.0,5.0,1375.0,940.8354227459869,4332.0,1037.8,0.0,21.0,text/html; charset=UTF-8,200.0,OK,Indexable,,Voyages E.Leclerc Brochure 2022 2023,36.0,348.0,Cliquez sur la couverture pour consulter la brochure en ligne Voyages E.Leclerc 		  Sélection Printemps-Eté 2024		 			  Sélection Automne-Hiver 2023-2024	 	       .multiple-items2236 { width:1115px...,200.0,1141.0,"agence de voyages, leclerc",26.0,Voyages E.Leclerc,17.0,,0.0,210 agences partout en France,29.0,,0.0,"index, follow, all",,,,https://www.brochuresenligne.com/Voyages-E-Leclerc_a2527.html,,,,,,33522.0,8344.0,287.0,91.0,0,0,Fairly Easy,0,0.0,0.0,,1.0,1.0,0.0,0,27.0,26.0,0.0,14.0,12.0,0.0,,,,,80c555e89f90c552bc677d509d784f46,0,,,,,1.1,https://www.brochuresenligne.com/Voyages-E-Leclerc_a2527.html,2024-03-26 13:57:30,0.0,0.0,0.0,0.0,,Indexable,,0,0,0,0,0,0,0,0,0
44,leclerc voyage,5,https://fr.trustpilot.com/review/leclercvoyages.com,0,,,47.0,4.0,43.0,2.0,0.0,0.0,0.0,40.0,1102.0,3.0,1212.0,3.0,1102.0,1745.7357294549374,1212.0,5056.5,883.5,3.0,text/html; charset=utf-8,200.0,OK,Indexable,,Avis de Leclerc Voyages | Lisez les avis marchands de leclercvoyages.com,72.0,657.0,Rejoignez les 340 personnes qui ont déjà évalué Leclerc Voyages. Votre expérience peut aider les autres consommateurs à effectuer des achats plus éclairés.,155.0,975.0,,0.0,Leclerc Voyages Avis,20.0,,0.0,Écrire un avis,14.0,"Avis 1,6",8.0,"max-image-preview:large, max-snippet:-1, max-video-preview:-1",,,,https://fr.trustpilot.com/review/leclercvoyages.com,https://fr.trustpilot.com/review/leclercvoyages.com?page=2,,,,,424987.0,76727.0,2753.0,533.0,0,0,Very Easy,0,0.0,1.0,,3.0,2.0,0.0,0,104.0,89.0,0.0,10.0,9.0,0.0,,,,,d76b04cc29e1a3c536b353a95fe65050,0,,,,,1.1,https://fr.trustpilot.com/review/leclercvoyages.com,2024-03-26 13:57:57,0.0,0.0,0.0,0.0,,Indexable,,0,0,0,0,0,0,0,0,0
45,leclerc voyage,6,https://www.facebook.com/e.leclercvoyages/,0,,,62.0,28.0,54.0,9.0,0.0,0.0,0.0,,,,,,,,,,,,,0.0,Connection Refused,Non-Indexable,No Response,,0.0,0.0,,0.0,0.0,,0.0,,0.0,,0.0,,0.0,,0.0,,,,,,,,,,,0.0,0.0,0.0,,0,0,,0,0.0,1.0,,0.0,0.0,0.0,0,0.0,0.0,0.0,0.0,0.0,0.0,,,,,,0,,,,,,https://www.facebook.com/e.leclercvoyages/,2024-03-26 13:58:02,,,,,,,,0,0,0,0,0,0,0,0,0
46,leclerc voyage,7,http://www.agencedevoyages-leclerc.com/,0,200.0,2373.0,79.0,8.0,45.0,1.0,20.0,15.0,3.0,,,,,,,904.5674432512209,,2311.5,78.0,,text/html; charset=iso-8859-15,200.0,OK,Indexable,,E.LECLERC VOYAGES,17.0,193.0,,0.0,0.0,,0.0,,0.0,,0.0,Voyages Leclerc : des idées de voyages à petits prix,52.0,,0.0,,,,,http://www.agencedevoyages-leclerc.com/,,,,,,19966.0,4623.0,312.0,79.0,0,0,Easy,0,0.0,0.0,,2.0,1.0,0.0,0,33.0,16.0,0.0,3.0,3.0,0.0,,,,,10fe91d6411551c40a713f1a4c278fbb,0,,,,,1.1,http://www.agencedevoyages-leclerc.com/,2024-03-26 13:57:50,0.0,0.0,0.0,0.0,,Indexable,,0,0,0,0,0,0,0,0,0
47,leclerc voyage,8,https://www.instagram.com/voyagesleclerc/?hl=fr,0,,,,,,,,,,20.0,957.0,4.0,3677.0,7.0,957.0,4731.28843425083,3677.0,4322.0,845.5,7.0,"text/html; charset=""utf-8""",200.0,OK,Non-Indexable,Canonicalised,Voyages E.Leclerc (@voyagesleclerc) • Photos et vidéos Instagram,64.0,589.0,"36K followers, 966 suivis, 762 publications - Voir les photos et vidéos Instagram de Voyages E.Leclerc (@voyagesleclerc)",120.0,747.0,,0.0,,0.0,,0.0,,0.0,,0.0,"noarchive, noimageindex",,,,https://www.instagram.com/voyagesleclerc/,,,,,,428205.0,102139.0,0.0,,0,0,,0,0.0,1.0,,0.0,0.0,0.0,0,0.0,0.0,0.0,0.0,0.0,0.0,,,,,30fbbf3998a12b0eeb99b04bad88c5fc,0,,,,,1.1,https://www.instagram.com/voyagesleclerc/?hl=fr,2024-03-26 13:57:55,0.0,0.0,0.0,0.0,,Non-Indexable,Canonicalised,0,0,0,0,0,0,0,0,0
48,leclerc voyage,9,https://www.commerce-associe.fr/enseigne-cooperative-annuaire/eleclerc-voyages,0,200.0,1362.0,68.0,23.0,,1.0,1020.0,63.0,7.0,65.0,2212.0,2.0,2267.0,10.0,2212.0,1340.6947315552065,2267.0,1974.0,15.5,10.0,text/html; charset=UTF-8,200.0,OK,Indexable,,Enseigne E.LECLERC VOYAGES : Ouverture et création enseigne du réseau E.LECLERC VOYAGES - Fédération du Commerce Associé,120.0,1170.0,"E.LECLERC VOYAGES : Les agences E.LECLERC VOYAGES du groupement E.LECLERC proposent une large sélection de destinations et de formules, ainsi qu'une gamme de produits issus des plus grands voyagistes, au meilleur rapport qualité/prix.",234.0,1527.0,,0.0,E.LECLERC VOYAGES,17.0,,0.0,Social,6.0,Top header public,17.0,,,,,https://www.commerce-associe.fr/enseigne-cooperative-annuaire/eleclerc-voyages,,,,,,69741.0,14987.0,1407.0,344.0,0,0,Fairly Easy,0,0.0,1.0,,8.0,1.0,0.0,0,93.0,65.0,0.0,10.0,6.0,0.0,,,,,5f13ca24ffa0a5a245017703522331ba,0,"Mon, 25 Mar 2024 14:28:23 GMT",,,,1.1,https://www.commerce-associe.fr/enseigne-cooperative-annuaire/eleclerc-voyages,2024-03-26 13:58:01,0.0,0.0,0.0,0.0,,Indexable,,0,0,0,0,0,0,0,0,0
49,leclerc voyage,10,https://www.poulpeo.com/avis/leclerc-voyages.htm,0,200.0,315.0,58.0,4.0,54.0,5.0,1.0,11.0,1.0,,1077.0,3.0,1500.0,2.0,1077.0,1154.4689986899134,1500.0,2940.81036,310.5,2.0,text/html; charset=UTF-8,403.0,Forbidden,Non-Indexable,Client Error,,0.0,0.0,,0.0,0.0,,0.0,,0.0,,0.0,,0.0,,0.0,,,,,,,,,,,0.0,0.0,0.0,,0,0,,0,0.0,1.0,,0.0,0.0,0.0,0,0.0,0.0,0.0,0.0,0.0,0.0,,,,,,0,,,,,1.1,https://www.poulpeo.com/avis/leclerc-voyages.htm,2024-03-26 13:58:00,,,,,,,,0,0,0,0,0,0,0,0,0
50,leclerc voyage,11,https://www.pagesjaunes.fr/pros/55497494,1,,,,,,0.0,0.0,0.0,0.0,,1387.0,2.0,1753.0,1.0,1387.0,1613.7077619039974,1753.0,2206.25,88.0,1.0,text/html; charset=UTF-8,403.0,Forbidden,Non-Indexable,Client Error,,0.0,0.0,,0.0,0.0,,0.0,,0.0,,0.0,,0.0,,0.0,,,,,,,,,,,0.0,0.0,0.0,,0,0,,0,0.0,1.0,,0.0,0.0,0.0,0,0.0,0.0,0.0,0.0,0.0,0.0,,,,,,0,,,,,1.1,https://www.pagesjaunes.fr/pros/55497494,2024-03-26 13:58:04,,,,,,,,0,0,0,0,0,0,0,0,0
51,leclerc voyage,12,https://www.anloya.com/voyagistes/leclerc-voyages/,1,200.0,1604.0,63.0,1.0,,0.0,384.0,246.0,0.0,92.0,,,,,,1607.8740533425362,,1290.0,2.0,,text/html; charset=UTF-8,200.0,OK,Indexable,,Leclerc voyages: voyage de luxe à moitié prix (-50%) - Anloya,61.0,532.0,,0.0,0.0,,0.0,,0.0,,0.0,Leclerc voyages,15.0,Leclerc voyages: Meilleures remises sur les séjours et hôtels 4* & 5*,69.0,"index, follow, max-image-preview:large, max-snippet:-1, max-video-preview:-1",,,,https://www.anloya.com/voyagistes/leclerc-voyages/,https://www.anloya.com/voyagistes/leclerc-voyages/page/2/,,,,,148616.0,26714.0,2077.0,427.0,0,0,Easy,0,0.0,2.0,,15.0,1.0,0.0,0,311.0,243.0,0.0,0.0,0.0,0.0,,,,,f1e5353c342ef7c61c561cbd0a69fe18,0,,,,,1.1,https://www.anloya.com/voyagistes/leclerc-voyages/,2024-03-26 13:57:40,0.0,0.0,0.0,0.0,,Indexable,,0,0,0,0,0,0,0,0,0
52,leclerc voyage,13,https://www.comparateurdevoyages.com/vacances/selection-voyagiste/leclerc-voyages-1/,1,200.0,522.0,72.0,9.0,,1.0,807.0,233.0,0.0,91.0,2798.0,,2822.0,95.0,3352.0,2122.563291963968,3515.0,2521.0,8.5,13.0,text/html; charset=UTF-8,200.0,OK,Indexable,,Leclerc Voyages tout compris: promos et bons plans tout inclus et all inclusive,79.0,691.0,"Promos Leclerc Voyages dès -25%, bons plans tout compris, et séjour all inclusive pas cher. Vente flash et voyage tout inclus.",126.0,775.0,,0.0,Leclerc Voyages (517),21.0,,0.0,Vacances de Pâques Pas Cher avec Leclerc Voyage,47.0,"All Inclusive au Club Kastalia 5* | Anlaya, Turquie",51.0,"index, follow, max-image-preview:large, max-snippet:-1, max-video-preview:-1",,,,https://www.comparateurdevoyages.com/vacances/selection-voyagiste/leclerc-voyages-1/,https://www.comparateurdevoyages.com/vacances/selection-voyagiste/leclerc-voyages-1/page/2/,,,,,244942.0,35815.0,3493.0,599.0,0,0,Very Easy,0,0.0,3.0,,35.0,1.0,0.0,0,411.0,227.0,0.0,0.0,0.0,0.0,,,,,b0ac69b074a1d41b16d1c7e856c4466a,0,,,,,1.1,https://www.comparateurdevoyages.com/vacances/selection-voyagiste/leclerc-voyages-1/,2024-03-26 13:57:46,0.0,0.0,0.0,0.0,,Indexable,,0,0,0,0,0,0,0,0,0
53,leclerc voyage,14,https://www.sejoursenior.com/voyagistes/leclerc-voyages/,1,200.0,1734.0,71.0,4.0,,1.0,622.0,190.0,3.0,,2889.0,3.0,3023.0,5.0,2889.0,2376.171965970862,3023.0,2096.0,22.5,5.0,text/html; charset=UTF-8,200.0,OK,Indexable,,Leclerc voyages - Sejour Senior,31.0,275.0,,0.0,0.0,,0.0,Menu,4.0,Bons plans Leclerc voyages,26.0,Leclerc Voyage,14.0,Focus sur Leclerc Voyage,24.0,,,,,https://www.sejoursenior.com/voyagistes/leclerc-voyages/,https://www.sejoursenior.com/voyagistes/leclerc-voyages/page/2/,,,,,186388.0,24922.0,2101.0,338.0,0,0,Easy,0,0.0,2.0,,30.0,1.0,0.0,0,369.0,193.0,0.0,4.0,3.0,0.0,,,,,bb54ac0e9d17a7ee9b94467aa0944869,0,,,,,1.1,https://www.sejoursenior.com/voyagistes/leclerc-voyages/,2024-03-26 13:57:51,0.0,0.0,0.0,0.0,,Indexable,,0,0,0,0,0,0,0,0,0
54,leclerc voyage,15,https://www.petitfute.com/v11082-olivet-45160/c1122-voyage-transports/c747-tours-operateurs/c1161-tour-operateur-specialise/392733-leclerc-voyages.html,1,,,,,,0.0,0.0,0.0,0.0,52.0,1936.0,4.0,2997.0,12.0,1936.0,3662.3044600208227,2997.0,8651.574929999999,858.9999999999998,12.0,text/html; charset=utf-8,200.0,OK,Indexable,,LECLERC VOYAGES - Tour-opérateur spécialisé - Olivet (45160),60.0,556.0,"LECLERC VOYAGES - Olivet 45160 - 181, rue d'Artois Tour-opérateur spécialisé : Le voyagiste du centre commercial Leclerc propose de nombreux séjours : circuits,...",163.0,1018.0,"LECLERC VOYAGES, Olivet, Voyage - Transports, Tours opérateurs, Tour-opérateur spécialisé, informations, adresse, réservation, avis Petit Futé, avis membre",155.0,LECLERC VOYAGES,15.0,,0.0,Y aller et contacter,20.0,Informations et horaires sur LECLERC VOYAGES,44.0,"noai, noimageai",,,,,,,,,,152005.0,33828.0,486.0,123.0,0,0,Fairly Easy,0,0.0,4.0,,15.0,1.0,0.0,0,90.0,46.0,0.0,11.0,9.0,0.0,,,,,d7416968c821aeda52d15221e5959fab,0,"Tue, 26 Mar 2024 09:23:06 GMT",,,,1.1,https://www.petitfute.com/v11082-olivet-45160/c1122-voyage-transports/c747-tours-operateurs/c1161-tour-operateur-specialise/392733-leclerc-voyages.html,2024-03-26 13:58:03,0.0,0.0,0.0,0.0,,Indexable,,0,0,0,0,0,0,0,0,0
55,leclerc voyage,16,https://www.packshotmag.com/films/voyages-e-leclerc-tous-les-budgets-ont-droit-a-des-vacances/,1,200.0,297.0,72.0,19.0,,0.0,967.0,47.0,6.0,1.0,779.0,4.0,827.0,0.0,779.0,1451.6416628869442,827.0,2708.0,183.0,0.0,text/html; charset=UTF-8,200.0,OK,Indexable,,Voyages E. Leclerc - Tous les budgets ont droit à des vacances - Packshotmag,76.0,691.0,,0.0,0.0,,0.0,Voyages E. Leclerc – Tous les budgets ont droit à des vacances,62.0,,0.0,,0.0,,0.0,"index, follow, max-image-preview:large, max-snippet:-1, max-video-preview:-1",,,,https://www.packshotmag.com/films/voyages-e-leclerc-tous-les-budgets-ont-droit-a-des-vacances/,,,,,,59787.0,11094.0,427.0,82.0,0,0,Fairly Easy,0,0.0,2.0,,1.0,1.0,0.0,0,60.0,48.0,0.0,6.0,6.0,0.0,,,,,2d5dcb478478aebc2d3cbbc1a04eee5e,0,,,,,1.1,https://www.packshotmag.com/films/voyages-e-leclerc-tous-les-budgets-ont-droit-a-des-vacances/,2024-03-26 13:57:49,0.0,0.0,0.0,0.0,,Indexable,,0,0,0,0,0,0,0,0,0
56,leclerc voyage,18,https://www.partirdesuite.com/voyagiste/leclerc-voyages,1,200.0,720.0,72.0,7.0,,0.0,978.0,144.0,2.0,89.0,1657.0,3.0,1746.0,1.0,2125.0,953.9036419840279,2445.0,1035.5,0.0,5.0,text/html; charset=UTF-8,200.0,OK,Indexable,,Leclerc Voyages : bons plans dernière minute pas cher (-50% et +),65.0,579.0,"Leclerc Voyages en dernières minutes pas cher (-50% et + ), bons plans de voyages (vacances, séjours, week-end, croisières) pour un départ au dernier moment et partir de suite.",176.0,1092.0,,0.0,Dernière minute Leclerc Voyages,31.0,,0.0,Les Top Ventes du moment,24.0,Agence de voyage Leclerc Voyages: ultra dernière minute à moitié prix,69.0,"index, follow, max-image-preview:large, max-snippet:-1, max-video-preview:-1",,,,https://www.partirdesuite.com/voyagiste/leclerc-voyages,https://www.partirdesuite.com/voyagiste/leclerc-voyages/page/2,,,,,138578.0,17114.0,3402.0,528.0,0,0,Very Easy,0,0.0,1.0,,33.0,1.0,0.0,0,419.0,146.0,0.0,2.0,2.0,0.0,,,,,36bfdb48d72a7ce49905fdb8c8cf2574,0,,,,,1.1,https://www.partirdesuite.com/voyagiste/leclerc-voyages,2024-03-26 13:58:04,0.0,0.0,0.0,0.0,,Indexable,,0,0,0,0,0,0,0,0,0
57,leclerc voyage,19,https://www.321voyages.com/reductions-et-bons-plans-voyage/leclerc-voyages/,1,200.0,731.0,79.0,43.0,,3.0,47545.0,140.0,49.0,84.0,789.0,2.0,1021.0,1.0,789.0,2007.9644991323348,1021.0,2747.5,99.0,1.0,text/html; charset=UTF-8,200.0,OK,Indexable,,Promotions Leclerc Voyages - 73 bons plans,42.0,392.0,Découvrez les 73 promotions et bons plans Leclerc Voyages pour partir moins cher en vacances avec Leclerc Voyages. Les offres Leclerc Voyages du moment : Séjours TURQUIE dès 294 € par personne en Club TOUT COMPRIS. Malte - séjour dès 459€/pers. tout,249.0,1619.0,"promo Leclerc Voyages, promotions Leclerc Voyages, bons plans Leclerc Voyages, réductions Leclerc Voyages, code promo Leclerc Voyages",133.0,Bons Plans Leclerc Voyages,26.0,,0.0,TOP promos et réductions Leclerc Voyages,40.0,Leclerc Voyages,15.0,"index, follow",,,,https://www.321voyages.com/reductions-et-bons-plans-voyage/leclerc-voyages/,,,,,,95095.0,12428.0,1445.0,284.0,0,0,Very Easy,0,0.0,2.0,,10.0,1.0,0.0,0,170.0,137.0,0.0,50.0,49.0,0.0,,,,,e7593e54186fe296e8bf28f484ee1d0d,0,,,,,1.1,https://www.321voyages.com/reductions-et-bons-plans-voyage/leclerc-voyages/,2024-03-26 13:57:37,0.0,0.0,0.0,0.0,,Indexable,,0,0,0,0,0,0,0,0,0
58,leclerc voyage,20,https://www.promocatalogues.fr/magasins/e-leclerc-voyages/catalogues-promotions,1,200.0,493.0,63.0,13.0,,1.0,524.0,48.0,32.0,58.0,1318.0,3.0,2854.0,2.0,1318.0,2236.2684786791297,2854.0,2603.0,630.5,2.0,text/html; charset=UTF-8,200.0,OK,Indexable,,Le catalogue et les promotions E.Leclerc Voyages | 05.02 au 31.08,65.0,586.0,Les nouveaux catalogues de E.Leclerc Voyages⭐ Voir les promotions des catalogues de cette semaine trouvez les horaires d'ouverture du magasin E.Leclerc Voyages,159.0,1021.0,,0.0,Catalogues de E.Leclerc Voyages,31.0,,0.0,E.Leclerc Voyages,17.0,Catalogues similaires,21.0,,,,,https://www.promocatalogues.fr/magasins/e-leclerc-voyages/catalogues-promotions,,,,,,167485.0,29350.0,1636.0,393.0,0,0,Normal,0,0.0,2.0,,27.0,1.0,0.0,0,119.0,55.0,0.0,32.0,32.0,0.0,,,,,cc6d212d05dce4b7f646685f25caaff2,0,,,,,1.1,https://www.promocatalogues.fr/magasins/e-leclerc-voyages/catalogues-promotions,2024-03-26 13:57:38,0.0,0.0,0.0,0.0,,Indexable,,0,0,0,0,0,0,0,0,0
59,voyage,1,https://www.fr.lastminute.com/sejour/,0,200.0,1914.0,78.0,24.0,72.0,2175.0,11021.0,75.0,10.0,37.0,819.0,6.0,1453.0,2.0,1036.0,2171.082474730744,1843.0,4091.5,571.0,9.0,text/html; charset=UTF-8,403.0,Forbidden,Non-Indexable,Client Error,,0.0,0.0,,0.0,0.0,,0.0,,0.0,,0.0,,0.0,,0.0,,,,,,,,,,,0.0,0.0,0.0,,0,0,,0,0.0,1.0,,0.0,0.0,0.0,0,0.0,0.0,0.0,0.0,0.0,0.0,,,,,,0,,,,,1.1,https://www.fr.lastminute.com/sejour/,2024-03-26 13:57:41,,,,,,,,0,0,0,0,0,0,0,0,0
60,voyage,2,https://www.leclercvoyages.com/,0,200.0,61.0,84.0,55.0,77.0,12468.0,79502.0,868.0,16.0,97.6,756.0,9.0,2377.0,10.0,2693.0,1417.2594829651766,3744.0,3084.0,145.0,9.0,text/html;charset=UTF-8,200.0,OK,Indexable,,"Voyages, Vacances pas cher, Sejour derniere minute avec Voyages Leclerc.",72.0,664.0,"Avec Voyages Leclerc planifiez vos vacances : bons plans voyages, promos vacances et séjours dernière minute en France et dans le monde.",136.0,871.0,"E.Leclerc, Leclerc, Voyages",27.0,Voyages et vacances pas cher,28.0,,0.0,Séjours Dernière Minute,23.0,Dernière Minute France,22.0,,,,,,,,,,,490295.0,67041.0,1043.0,317.0,0,0,Very Easy,0,0.0,0.0,,7.0,2.0,0.0,0,1137.0,855.0,0.0,11.0,11.0,0.0,,,,,4a061b7eb630042f772def31449debd9,0,,,,,1.1,https://www.leclercvoyages.com/,2024-03-26 13:58:01,0.0,0.0,0.0,0.0,,Indexable,,0,0,0,0,0,0,0,0,0
61,voyage,3,https://www.promovacances.com/,0,200.0,80.0,87.0,64.0,76.0,4557.0,29214.0,123.0,18.0,90.0,995.0,6.0,1350.0,1.0,,2417.9775628635616,,4610.006775856018,567.5,,text/html;charset=UTF-8,200.0,OK,Indexable,,"Agence de voyage - Voyage pas cher, promo séjour",48.0,450.0,Agence de voyage Promovacances : des séjours de rêve adaptés à vos désirs. Découvrez des offres exceptionnelles pour un voyage inoubliable.,139.0,891.0,,0.0,Agence de voyage Promovacances : Partez à la découverte du monde !,66.0,,0.0,Top destinations,16.0,Les imbattables du moment,25.0,"index, follow",,,,https://www.promovacances.com/,,,,,,458150.0,86197.0,1441.0,345.0,0,0,Very Easy,0,0.0,0.0,,3.0,1.0,0.0,0,162.0,131.0,0.0,10.0,9.0,0.0,,,,,838136a1e7f3b14e41e44e24056acba5,0,"Tue, 26 Mar 2024 09:22:56 GMT",,,,1.1,https://www.promovacances.com/,2024-03-26 13:57:31,0.0,0.0,0.0,0.0,,Indexable,,0,0,0,0,0,0,0,0,0
62,voyage,4,https://www.voyage-prive.com/login/index,0,200.0,199.0,83.0,49.0,80.0,20129.0,14624.0,58.0,18.0,,1161.0,3.0,2701.0,0.0,1727.0,7970.465590783498,3293.0,2611.4908,20.0,17.0,text/html; charset=UTF-8,200.0,OK,Indexable,,"Voyage Privé : séjour luxe, vacances haut gamme et vente privée sur internet",76.0,676.0,"Spécialiste de la vente privée sur internet en ✈️ vacances haut de gamme et en séjour de luxe, ⭐ profitez de réductions exclusives jusqu'à -70 % en tant que membre.",164.0,1008.0,html-meta-keywords,18.0,,0.0,,0.0,,0.0,,0.0,,,,,https://www.voyage-prive.com/login/index,,,,,,87697.0,15736.0,33.0,4.0,0,0,Normal,0,0.0,1.0,,19.0,10.0,0.0,0,59.0,58.0,0.0,17.0,17.0,0.0,,,,,39a8437f169cd95c117d75f31a379173,0,,,,,1.1,https://www.voyage-prive.com/login/index,2024-03-26 13:57:49,0.0,0.0,0.0,0.0,,Indexable,,0,0,0,0,0,0,0,0,0
63,voyage,5,https://sejour.cdiscount.com/,0,302.0,263.0,70.0,21.0,65.0,208.0,5.0,0.0,0.0,87.0,1240.0,3.0,3032.0,16.0,2853.0,1977.7410634582998,4160.0,2280.0,67.0,33.0,text/html;charset=UTF-8,200.0,OK,Indexable,,Séjour pas cher - Paiement en 4x - 🌍 Cdiscount Voyages,55.0,489.0,Vous souhaitez partir en vacances ? Découvrez tous nos séjours pour partir en voyage ✓ Au meilleur prix ✓ Paiement 4x en exclu web avec Cdiscount Voyages !,155.0,977.0,,0.0,Trouvez votre voyage au meilleur prix,37.0,,0.0,Nos meilleures offres,21.0,Nos tops destinations,21.0,,,,,,,,,,,245754.0,32358.0,1865.0,380.0,0,0,Very Easy,0,0.0,0.0,,2.0,1.0,0.0,0,284.0,138.0,0.0,9.0,5.0,0.0,,,,,4f663c916d1076179e8d82d434f2f2da,0,,,,,1.1,https://sejour.cdiscount.com/,2024-03-26 13:57:40,0.0,0.0,0.0,0.0,,Indexable,,0,0,0,0,0,0,0,0,0
64,voyage,6,https://voyages.carrefour.fr/accueil/sejour-etranger,0,200.0,327.0,73.0,37.0,56.0,12.0,12594.0,169.0,26.0,37.0,601.0,10.0,1195.0,7.0,576.0,1021.3936486400287,1058.0,2138.0,458.5,37.0,text/html; charset=UTF-8,403.0,Forbidden,Non-Indexable,Client Error,,0.0,0.0,,0.0,0.0,,0.0,,0.0,,0.0,,0.0,,0.0,,,,,,,,,,,0.0,0.0,0.0,,0,0,,0,0.0,1.0,,0.0,0.0,0.0,0,0.0,0.0,0.0,0.0,0.0,0.0,,,,,,0,,,,,1.1,https://voyages.carrefour.fr/accueil/sejour-etranger,2024-03-26 13:57:56,,,,,,,,0,0,0,0,0,0,0,0,0
65,voyage,7,https://www.expedia.fr/,0,200.0,417.0,89.0,65.0,88.0,196794.0,134116.0,143.0,51.0,21.0,2449.0,17.0,2734.0,2.0,2233.0,4605.078938436172,3829.0,8870.5,2313.0,6.0,text/html; charset=utf-8,200.0,OK,Indexable,,"Expedia.fr Voyages: Hôtels, Locations de Voiture, Activités & Vols pas chers",76.0,665.0,"Réservez vos prochaines vacances et week-ends pas chers avec nos offres sur votre hôtel, billet d'avion, voiture ou activité.  Options flexibles de modification ou d'annulation!",177.0,1070.0,,0.0,,0.0,,0.0,Les membres connectés économisent 10 % minimum sur plus de 100 000 hôtels dans le monde.,88.0,Escapades printanières VIP,26.0,"index,follow",,,,https://www.expedia.fr/,,,,,,1795241.0,263058.0,1591.0,424.0,0,0,Very Easy,0,0.0,0.0,,6.0,2.0,0.0,0,192.0,179.0,0.0,7.0,7.0,0.0,,,,,a663a2cb84837005974a25f690200bc7,0,,,,,1.1,https://www.expedia.fr/,2024-03-26 13:57:57,0.0,0.0,0.0,0.0,,Indexable,,0,0,0,0,0,0,0,0,0
66,voyage,8,https://www.govoyages.com/,0,200.0,1415.0,84.0,50.0,69.0,864.0,64549.0,68.0,17.0,,1271.0,31.0,5090.0,20.0,1503.0,6794.644552656911,7159.0,8436.75,2336.0,19.0,text/html;charset=UTF-8,200.0,OK,Indexable,,Agence de voyage GO Voyages - Vols pas chers et séjours,55.0,511.0,"GO Voyages vous propose les meilleurs tarifs sur les vols, week-end et séjour sur mesure. Comparez les prix et réservez votre voyage pas cher dès maintenant !",158.0,984.0,,0.0,Réservez vos vols et séjours,28.0,,0.0,Découvrez les bons plans de notre agence de voyage,50.0,Trouvez un billet d'avion pas cher avec notre comparateur de vols,65.0,"index, follow",,,,https://www.govoyages.com/,,,,,,117112.0,26489.0,847.0,193.0,0,0,Easy,0,0.0,0.0,,1.0,1.0,0.0,0,78.0,72.0,0.0,15.0,13.0,0.0,,,,,80d8e93a4767c73c18d05de8c9e08d96,0,,,,,1.1,https://www.govoyages.com/,2024-03-26 13:57:44,0.0,0.0,0.0,0.0,,Indexable,,0,0,0,0,0,0,0,0,0
67,voyage,9,https://www.logitravel.fr/voyages/,0,403.0,18.0,69.0,14.0,45.0,1490.0,2378.0,0.0,0.0,59.0,2458.0,9.0,2823.0,1.0,2402.0,4506.588652272314,3457.0,5834.75,2214.5,9.0,text/html; charset=utf-8,200.0,OK,Indexable,,Voyages et Séjours | Vacances Pas Cher | Logitravel,51.0,457.0,Découvrez les meilleurs Séjours pas chers avec Logitravel pour toutes les destinations ☀ Vol+Hôtel ☀ Ferry+Hôtel ☀ Train+Hôtel,126.0,779.0,"sejour, séjour pas cher, séjours, offres de séjours, séjours pas chers, promos de séjours, ferry+hôtel, offres de voyages, voyages pas chers",140.0,Voyages et forfaits vacances bon marché,39.0,,0.0,Les meilleures offres de Vol+Hôtel,34.0,Plusieurs avantages en réservant votre Vol+Hôtel !,50.0,"index,follow",,,,https://www.logitravel.fr/voyages/,,,,,,894765.0,105590.0,2696.0,764.0,0,0,Very Easy,0,0.0,1.0,,3.0,1.0,0.0,0,307.0,251.0,0.0,14.0,14.0,0.0,,,,,36f988c7581d763b888b3b79dba58878,0,,,,,1.1,https://www.logitravel.fr/voyages/,2024-03-26 13:57:52,0.0,0.0,0.0,0.0,,Indexable,,0,0,0,0,0,0,0,0,0
68,voyage,10,https://www.fr.lastminute.com/,0,,,87.0,64.0,86.0,57423.0,44390.0,0.0,0.0,,780.0,10.0,1050.0,2.0,1036.0,2402.0472586469905,1843.0,3635.75,183.0,9.0,text/html; charset=UTF-8,403.0,Forbidden,Non-Indexable,Client Error,,0.0,0.0,,0.0,0.0,,0.0,,0.0,,0.0,,0.0,,0.0,,,,,,,,,,,0.0,0.0,0.0,,0,0,,0,0.0,0.0,,0.0,0.0,0.0,0,0.0,0.0,0.0,0.0,0.0,0.0,,,,,,0,,,,,1.1,https://www.fr.lastminute.com/,2024-03-26 13:57:31,,,,,,,,0,0,0,0,0,0,0,0,0
69,voyage,11,https://www.voyagespirates.fr/,1,200.0,562.0,83.0,43.0,80.0,36049.0,7710.0,122.0,21.0,88.0,1508.0,3.0,1866.0,1.0,1467.0,1599.4682297741874,2148.0,2751.75,731.25,2.0,text/html; charset=utf-8,200.0,OK,Indexable,,Voyage pas cher : Les bons plans de Voyages Pirates,51.0,467.0,"Vous cherchez un séjour pas cher : Week-ends pas chers, séjours tout compris, hôtels et vols pas chers. Réservez maintenant vos vacances pas chères !",149.0,943.0,,0.0,Nos offres,10.0,,0.0,Le respect de votre vie privée est une priorité,47.0,Restez informés grâce aux articles de la revue de voyage,56.0,"index, follow",,,,https://www.voyagespirates.fr/,https://www.voyagespirates.fr/?page=2,,,,,430749.0,75503.0,3276.0,545.0,0,0,Easy,0,0.0,0.0,,1.0,1.0,0.0,0,204.0,122.0,0.0,33.0,22.0,0.0,,,,,778901cf216db6ab8fcd84f2945a6bae,0,,,,,1.1,https://www.voyagespirates.fr/,2024-03-26 13:57:47,0.0,0.0,0.0,0.0,,Indexable,,0,0,0,0,0,0,0,0,0
70,voyage,12,https://www.fram.fr/,1,200.0,18.0,80.0,65.0,73.0,1237.0,20120.0,135.0,14.0,,967.0,6.0,2124.0,2.0,,2174.7631118026156,,4693.503361701965,503.99663829803467,,text/html;charset=UTF-8,200.0,OK,Non-Indexable,noindex,Agence de voyage : voyage pas cher et promo séjour,50.0,465.0,Les agences de voyage Fram vous propose des voyages inoubliables à petits prix. Découvrez tous nos bons plans voyages pour des séjours exceptionnelles !,152.0,974.0,,0.0,Voyage pas cher : nos bons plans vacances et séjours,52.0,,0.0,Top destinations,16.0,Nos bons plans du moment,24.0,"index, follow",,"noindex,nofollow",,https://www.fram.fr/,,,,,,421895.0,66270.0,1299.0,323.0,0,0,Very Easy,0,0.0,0.0,,4.0,2.0,0.0,0,175.0,142.0,0.0,9.0,8.0,0.0,,,,,2b133b3385d6dc40be80c1510d991099,0,"Mon, 25 Mar 2024 15:22:18 GMT",,,,1.1,https://www.fram.fr/,2024-03-26 13:57:55,0.0,0.0,0.0,0.0,,Non-Indexable,noindex,0,0,0,0,0,0,0,0,0
71,voyage,13,https://www.lidl-voyages.fr/accueil.html,1,200.0,14.0,87.0,60.0,81.0,146232.0,44395.0,39.0,25.0,38.0,698.0,3.0,1492.0,3.0,1788.0,3118.0985586972224,3076.0,3293.0,220.5,19.0,text/html,200.0,OK,Indexable,,Lidl Voyages : Les vacances au vrai prix de vos rêves,53.0,463.0,"Lidl Voyages vous fait désormais voyager à travers le monde entier. Découvrez dès maintenant nos offres en séjour, en circuit, et même en location !",148.0,914.0,,0.0,LIDL VOYAGES,12.0,,0.0,NOS COUPS DE CŒUR,17.0,Notre sélection,15.0,,,,,,,,,,,952001.0,175368.0,662.0,179.0,0,0,Very Easy,0,0.0,0.0,,1.0,1.0,0.0,0,44.0,36.0,0.0,33.0,18.0,0.0,,,,,1eb5b6fc4371b05a9efe461d241116b0,0,"Tue, 26 Mar 2024 12:49:02 GMT",,,,1.1,https://www.lidl-voyages.fr/accueil.html,2024-03-26 13:57:55,0.0,0.0,0.0,0.0,,Indexable,,0,0,0,0,0,0,0,0,0
72,voyage,14,https://www.jettours.com/,1,200.0,185.0,79.0,25.0,74.0,2387.0,21993.0,253.0,4.0,72.0,1153.0,3.0,1656.0,2.0,1362.0,3970.5938199923357,1861.0,5103.164599999998,458.5,1.0,text/html;charset=UTF-8,200.0,,Indexable,,"Vacances, voyages et séjours Jet tours : le spécialiste en vacances réussies !",78.0,678.0,"Voyages découverte, vacances en famille, week end en amoureux. Séjours, circuits et locations en France et partout dans le monde. Jet tours vous propose le meilleur du club vacances et des voyages adaptés à tous les budgets !",225.0,1412.0,,0.0,,0.0,,0.0,Les pépites du moment,21.0,Les meilleures ventes,21.0,,,,,https://www.jettours.com/,,,,,,154740.0,34030.0,1340.0,228.0,0,0,Fairly Easy,0,0.0,0.0,,9.0,1.0,0.0,0,311.0,252.0,0.0,4.0,4.0,0.0,,,,,923fd64059e89ebf484c438d4ab64268,0,,,,,1.1,https://www.jettours.com/,2024-03-26 13:57:54,0.0,0.0,0.0,0.0,,Indexable,,0,0,0,0,0,0,0,0,0
73,voyage,15,https://www.lefigaro.fr/voyages,1,200.0,23.0,87.0,66.0,85.0,279039.0,59933.0,425.0,190.0,94.0,563.0,3.0,863.0,2.0,718.0,1657.9830776399913,1135.0,2316.0,248.0,11.0,text/html,403.0,Forbidden,Non-Indexable,Client Error,,0.0,0.0,,0.0,0.0,,0.0,,0.0,,0.0,,0.0,,0.0,,,,,,,,,,,272.0,272.0,0.0,,0,0,,0,0.0,0.0,,0.0,0.0,0.0,0,0.0,0.0,0.0,0.0,0.0,0.0,,,,,,0,,,,,1.1,https://www.lefigaro.fr/voyages,2024-03-26 13:58:06,,,,,,,,0,0,0,0,0,0,0,0,0
74,voyage,16,https://www.kayak.fr/,1,200.0,164.0,86.0,57.0,79.0,14660.0,134081.0,325.0,64.0,65.0,1083.0,7.0,2823.0,54.0,1404.0,2909.750811440018,2726.0,3195.5,566.5,17.0,text/html;charset=UTF-8,200.0,OK,Indexable,,"Recherchez des vols, hôtels & voitures de location | KAYAK",58.0,519.0,"KAYAK recherche sur des centaines de sites de voyage et trouve les informations qu'il vous faut pour prendre la meilleure décision pour votre vol, hôtel ou voiture de location.",176.0,1073.0,,0.0,"Recherchez des vols, des hôtels et des locations de voiture",59.0,,0.0,Où voulez-vous partir ?,23.0,L’organisation de votre voyage commence ici,43.0,noodp,,,,https://www.kayak.fr/,,,,,,475531.0,100703.0,3444.0,509.0,0,0,Very Easy,0,0.0,0.0,,9.0,1.0,0.0,0,342.0,327.0,0.0,89.0,61.0,0.0,,,,,3b99cd648662e267bf2ec1839bfafa0c,0,,,,,1.1,https://www.kayak.fr/,2024-03-26 13:57:50,0.0,0.0,0.0,0.0,,Indexable,,0,0,0,0,0,0,0,0,0
75,voyage,17,https://www.fram.fr/sejour/,1,200.0,449.0,67.0,37.0,47.0,3.0,55.0,63.0,11.0,76.0,425.0,5.0,1403.0,37.0,,2138.8229080717256,,5051.000324249268,1045.5,,text/html;charset=UTF-8,200.0,OK,Indexable,,Voyage et vacances autour du monde,34.0,334.0,Découvrez le monde : des vacances inoubliables et des voyages époustouflants. Laissez-vous guider vers des aventures uniques et des souvenirs impérissables.,156.0,997.0,,0.0,Découvrez nos voyage pas cher autour du monde,45.0,,0.0,Top Voyages,11.0,,0.0,"index, follow",,,,https://www.fram.fr/sejour/,https://www.fram.fr/sejour/?pageNumber=2,,,,,574025.0,86193.0,1367.0,419.0,0,0,Very Easy,0,0.0,1.0,,1.0,1.0,0.0,0,85.0,78.0,0.0,7.0,7.0,0.0,,,,,de8a67d7437845a041a3a290e6847671,0,"Tue, 26 Mar 2024 09:23:04 GMT",,,,1.1,https://www.fram.fr/sejour/,2024-03-26 13:58:00,0.0,0.0,0.0,0.0,,Indexable,,0,0,0,0,0,0,0,0,0
76,voyage,18,https://fr.wikipedia.org/wiki/Voyage,1,200.0,102.0,74.0,67.0,69.0,480.0,15.0,209.0,123.0,31.0,1902.0,3.0,1859.0,6.0,857.0,1200.02960286886,954.0,1275.0,5.0,4.0,text/html; charset=UTF-8,200.0,OK,Indexable,,Voyage — Wikipédia,18.0,177.0,,0.0,0.0,,0.0,Voyage,6.0,,0.0,Sommaire,8.0,Vocabulaire du voyage[modifier | modifier le code],50.0,max-image-preview:standard,,,,https://fr.wikipedia.org/wiki/Voyage,,,,,,123123.0,28875.0,2291.0,426.0,0,0,Easy,0,0.0,1.0,,26.0,1.0,0.0,0,346.0,303.0,0.0,42.0,37.0,0.0,,,,,b8e5c1f9de2f03c3ac2986c821397f3a,0,"Mon, 25 Mar 2024 20:29:55 GMT",,,,1.1,https://fr.wikipedia.org/wiki/Voyage,2024-03-26 13:57:38,0.0,0.0,0.0,0.0,,Indexable,,0,0,0,0,0,0,0,0,0
77,voyage,19,https://www.easyvoyage.com/,1,200.0,35.0,89.0,73.0,88.0,121006.0,20334.0,32.0,2.0,37.0,791.0,2.0,1388.0,2.0,1369.0,884.6648088357999,1711.0,2651.5,255.0,5.0,text/html; charset=UTF-8,403.0,Forbidden,Non-Indexable,Client Error,,0.0,0.0,,0.0,0.0,,0.0,,0.0,,0.0,,0.0,,0.0,,,,,,,,,,,0.0,0.0,0.0,,0,0,,0,0.0,0.0,,0.0,0.0,0.0,0,0.0,0.0,0.0,0.0,0.0,0.0,,,,,,0,,,,,1.1,https://www.easyvoyage.com/,2024-03-26 13:58:01,,,,,,,,0,0,0,0,0,0,0,0,0
78,voyage,20,https://www.maisonsduvoyage.com/,1,200.0,77.0,87.0,68.0,86.0,347299.0,816.0,201.0,4.0,84.0,1774.0,4.0,2400.0,1.0,1734.0,2901.5958431953895,2365.0,4341.25,164.5,6.0,text/html; charset=UTF-8,200.0,OK,Indexable,,"Voyage sur mesure, circuit et sejour - Les Maisons du Voyage",60.0,539.0,"Circuits d'exception en Afrique, Amérique, Asie & Orient, Pacifique, et en Europe. Contactez nos spécialistes pour un voyage sur mesure.",136.0,841.0,,0.0,Votre prochain voyage sera inoubliable,38.0,,0.0,Le monde selon vos envies,25.0,Les Destinations Tendance,25.0,"INDEX,FOLLOW",,,,https://www.maisonsduvoyage.com/,,,,,,234369.0,44994.0,2181.0,625.0,0,0,Very Easy,0,0.0,0.0,,20.0,1.0,0.0,0,439.0,202.0,0.0,3.0,3.0,0.0,,,,,db94fe1fed780e5a3e5d2ddf9e8e3aae,0,,,,,1.1,https://www.maisonsduvoyage.com/,2024-03-26 13:58:02,0.0,0.0,0.0,0.0,,Indexable,,0,0,0,0,0,0,0,0,0
79,voyage privé,1,https://www.voyage-prive.com/login/index,0,200.0,199.0,83.0,49.0,80.0,20129.0,14624.0,58.0,18.0,,1161.0,3.0,2701.0,0.0,1727.0,7970.465590783498,3293.0,2611.4908,20.0,17.0,text/html; charset=UTF-8,200.0,OK,Indexable,,"Voyage Privé : séjour luxe, vacances haut gamme et vente privée sur internet",76.0,676.0,"Spécialiste de la vente privée sur internet en ✈️ vacances haut de gamme et en séjour de luxe, ⭐ profitez de réductions exclusives jusqu'à -70 % en tant que membre.",164.0,1008.0,html-meta-keywords,18.0,,0.0,,0.0,,0.0,,0.0,,,,,https://www.voyage-prive.com/login/index,,,,,,87697.0,15736.0,33.0,4.0,0,0,Normal,0,0.0,1.0,,19.0,10.0,0.0,0,59.0,58.0,0.0,17.0,17.0,0.0,,,,,39a8437f169cd95c117d75f31a379173,0,,,,,1.1,https://www.voyage-prive.com/login/index,2024-03-26 13:57:49,0.0,0.0,0.0,0.0,,Indexable,,0,0,0,0,0,0,0,0,0
80,voyage privé,2,https://www.voyage-prive.com/offres/voyage-en-france,0,0.0,3414730074.0,63.0,45.0,53.0,15.0,249.0,0.0,0.0,81.0,1196.0,3.0,2437.0,0.0,1460.0,2886.6821018318137,2893.0,4152.5,230.0,17.0,text/html; charset=UTF-8,200.0,OK,Indexable,,Voyage et Séjours de luxe en France  - Voyage Privé,51.0,450.0,𝗩𝗢𝗬𝗔𝗚𝗘𝗦 de luxe en promotion ✅ jusqu'à -70% dans des hôtels 4 ou 5 étoiles tout confort. Découvrez les offres exclusives de Voyage Privé !,145.0,843.0,html-meta-keywords,18.0,,0.0,,0.0,Voyage en France,16.0,"Voyage en France, plus d'avis sur nos séjours",45.0,,,,,https://www.voyage-prive.com/offres/voyage-en-france,,,,,,349812.0,55423.0,3100.0,534.0,0,0,Easy,0,0.0,1.0,,44.0,4.0,0.0,0,149.0,101.0,0.0,14.0,14.0,0.0,,,,,206997072db456214ffc0b54fe49a06d,0,,,,,1.1,https://www.voyage-prive.com/offres/voyage-en-france,2024-03-26 13:58:04,0.0,0.0,0.0,0.0,,Indexable,,0,0,0,0,0,0,0,0,0
81,voyage privé,3,https://www.voyage-prive.com/offres/voyage-en-europe,0,200.0,421.0,74.0,30.0,,0.0,14009.0,105.0,16.0,82.0,1460.0,3.0,2893.0,17.0,1460.0,3164.5020608095992,2893.0,4526.0,449.49999999999955,17.0,text/html; charset=UTF-8,200.0,OK,Indexable,,Voyage en Europe - Voyage Privé,31.0,290.0,"Des offres de Voyage en Europe jusqu'à -70% avec Voyage Privé : Hôtels de luxe, package Vol+Hôtel, Séjour All Inclusive, Résidence de Vacances...",145.0,905.0,html-meta-keywords,18.0,,0.0,,0.0,Voyage en Europe : Nos séjours à petit prix,43.0,,0.0,,,,,https://www.voyage-prive.com/offres/voyage-en-europe,,,,,,341734.0,55480.0,3410.0,575.0,0,0,Easy,0,0.0,1.0,,42.0,5.0,0.0,0,204.0,156.0,0.0,15.0,15.0,0.0,,,,,3f2bd5b45ae3a8ca25eb4ac5d0278f96,0,,,,,1.1,https://www.voyage-prive.com/offres/voyage-en-europe,2024-03-26 13:58:02,0.0,0.0,0.0,0.0,,Indexable,,0,0,0,0,0,0,0,0,0
82,voyage privé,4,https://www.voyage-prive.com/offres/voyage-aux-etats-unis,0,200.0,187.0,62.0,14.0,,0.0,455.0,84.0,15.0,71.0,1460.0,3.0,2893.0,17.0,1460.0,2619.573260803759,2893.0,3446.25,184.5,17.0,text/html; charset=UTF-8,200.0,OK,Indexable,,Voyage aux États-Unis - Voyage Privé,36.0,327.0,"Des offres de voyages aux États-Unis jusqu'à -70% avec Voyage Privé : hôtels de luxe, package vol + hôtel, séjour all inclusive, résidence de vacances, circuit...",162.0,973.0,html-meta-keywords,18.0,,0.0,,0.0,Voyage aux États-Unis 2023,26.0,"Voyage aux États-Unis, Le pays des grandeurs",44.0,,,,,https://www.voyage-prive.com/offres/voyage-aux-etats-unis,,,,,,226117.0,43607.0,2759.0,422.0,0,0,Easy,0,0.0,1.0,,66.0,1.0,0.0,0,194.0,97.0,0.0,14.0,14.0,0.0,,,,,8b244bcdbe3e1cbd7cc7e7312f90c23f,0,,,,,1.1,https://www.voyage-prive.com/offres/voyage-aux-etats-unis,2024-03-26 13:57:49,0.0,0.0,0.0,0.0,,Indexable,,0,0,0,0,0,0,0,0,0
83,voyage privé,5,https://www.people-voyage-prive.com/,0,200.0,223.0,81.0,37.0,59.0,39.0,53.0,16.0,9.0,29.0,1636.0,3.0,3158.0,12.0,1522.0,3580.05259140772,2669.0,4665.25,41.0,11.0,text/html; charset=UTF-8,200.0,OK,Indexable,,Voyage Privé | Site Officiel du Groupe,38.0,327.0,Une terre d'opportunités. Découvrez le Groupe Voyage Privé et rejoignez ses équipes pour vivre une aventure humaine et professionnelle exceptionnelle.,150.0,940.0,,0.0,VOYAGE PRIVÉ DANS 9 PAYS,24.0,,0.0,Notre histoire…,15.0,Les dernières actualités,24.0,"max-snippet:-1, max-image-preview:large, max-video-preview:-1",,,,https://www.people-voyage-prive.com/,,,,,,121132.0,23086.0,563.0,97.0,0,0,Normal,0,0.0,0.0,,7.0,1.0,0.0,0,38.0,17.0,0.0,7.0,6.0,0.0,,,,,4b7bb7f1b68b230ffc4da529e1b2e6ea,0,"Tue, 06 Feb 2024 19:35:42 GMT",,,,1.1,https://www.people-voyage-prive.com/,2024-03-26 13:57:48,0.0,0.0,0.0,0.0,,Indexable,,0,0,0,0,0,0,0,0,0
84,voyage privé,6,https://www.voyage-prive.com/offres/voyage-au-royaume-uni,0,,,62.0,20.0,,0.0,323.0,0.0,0.0,81.0,1460.0,3.0,2893.0,17.0,1460.0,1982.8982163796686,2893.0,2790.0,149.5,17.0,text/html; charset=UTF-8,200.0,OK,Indexable,,Voyage au Royaume-Uni - Voyage Privé,36.0,344.0,Vivez des aventures incroyables riches en découvertes et expériences uniques en partant en Angleterre lors de vos prochaines vacances. Suivez notre guide et nos conseils pour ne rien rater de votre périple.,206.0,1274.0,html-meta-keywords,18.0,,0.0,,0.0,Partez pour un voyage inoubliable en Angleterre au Royaume-Uni,62.0,"Voyagez vers l’Angleterre, partez à la découverte de l’Angleterre, une des destinations phares du Royaume-Uni, caractérisée par des monuments d’exception, des paysages magnifiques et des sites naturels très variés. Les captivantes villes britanniques regorgent d’attraits qui laissent rarement insensibles les voyageurs qui s’y aventurent.",339.0,,,,,https://www.voyage-prive.com/offres/voyage-au-royaume-uni,,,,,,244114.0,47694.0,3268.0,564.0,0,0,Fairly Easy,0,0.0,1.0,,61.0,2.0,0.0,0,188.0,107.0,0.0,14.0,14.0,0.0,,,,,42547c4072b5d4b22207f8875dd26605,0,,,,,1.1,https://www.voyage-prive.com/offres/voyage-au-royaume-uni,2024-03-26 13:57:31,0.0,0.0,0.0,0.0,,Indexable,,0,0,0,0,0,0,0,0,0
85,voyage privé,7,https://www.voyage-prive.com/offres/sejours-en-france,0,0.0,0.0,61.0,21.0,51.0,17.0,80.0,0.0,0.0,85.0,1460.0,3.0,2893.0,17.0,1460.0,3063.467346614856,2893.0,3699.0,196.99999999999977,17.0,text/html; charset=UTF-8,200.0,OK,Indexable,,Séjours en France 2024 - Voyage Privé,37.0,339.0,"Séjours et Vacances en France jusqu'à -70% ! Découvrez nos offres exclusives : courts ou longs séjours, Vol+Hôtel, all inclusive, club de vacances, hôtel 4 ou 5*, location villa avec piscine...",193.0,1158.0,html-meta-keywords,18.0,,0.0,,0.0,Séjours en France 2024,22.0,"Séjours en France, plus d'avis sur nos séjours",46.0,,,,,https://www.voyage-prive.com/offres/sejours-en-france,,,,,,346279.0,55666.0,3112.0,544.0,0,0,Easy,0,0.0,1.0,,37.0,2.0,0.0,0,135.0,96.0,0.0,14.0,14.0,0.0,,,,,ae0a167cc1a8678677755ec30d2b99ff,0,,,,,1.1,https://www.voyage-prive.com/offres/sejours-en-france,2024-03-26 13:57:47,0.0,0.0,0.0,0.0,,Indexable,,0,0,0,0,0,0,0,0,0
86,voyage privé,8,https://www.voyage-prive.com/offres/voyage-au-cap-vert,0,0.0,3220961467.0,59.0,12.0,51.0,2.0,124.0,0.0,0.0,92.0,1460.0,3.0,2893.0,17.0,1460.0,2385.7913289577314,2893.0,4443.0,319.0,17.0,text/html; charset=UTF-8,200.0,OK,Indexable,,Voyage au Cap-Vert - Voyage Privé,33.0,305.0,"Vous souhaitez vous offrir un voyage de rêve au ✅ Cap-Vert ?
 ⭐ Découvrez nos séjours de luxe vol + hôtel disponibles jusqu'à -70% pour partir au soleil au Cap-Vert ! Paradis ensoleillé perdu au large de l’Afrique, le Cap-Vert est l’une de ces destinations qui vous séduira par son charme authentique, promettant un voyage au soleil inoubliable.",345.0,2090.0,html-meta-keywords,18.0,,0.0,,0.0,Voyage au Cap Vert,18.0,Hôtels - Cap-Vert,17.0,,,,,https://www.voyage-prive.com/offres/voyage-au-cap-vert,,,,,,178530.0,37433.0,2224.0,337.0,0,0,Easy,0,0.0,1.0,,42.0,1.0,0.0,0,154.0,78.0,0.0,14.0,14.0,0.0,,,,,a347dda1b30bc7f446300239c3c792cb,0,,,,,1.1,https://www.voyage-prive.com/offres/voyage-au-cap-vert,2024-03-26 13:58:01,0.0,0.0,0.0,0.0,,Indexable,,0,0,0,0,0,0,0,0,0
87,voyage privé,9,https://www.verychic.fr/thematique/voyage-prive,0,200.0,32.0,67.0,31.0,49.0,3.0,5393.0,149.0,8.0,72.0,1358.0,2.0,1390.0,49.0,1447.0,1732.25,3027.0,2610.25,286.0,9.0,text/html; charset=utf-8,200.0,OK,Indexable,,"Voyage Privé : Bons plans, promos et offres d'hôtels",52.0,457.0,"Profitez des meilleurs prix avec nos offres de voyage privé ! Découvrez tous nos bons plans, promos et offres d'hôtels en vente privée.",135.0,826.0,,0.0,"Voyage Privé : Bons plans, promos et offres d'hôtels",52.0,,0.0,Les avantages de choisir un voyage privé,40.0,Les différents types de voyage privé,36.0,,,,,https://www.verychic.fr/thematique/voyage-prive,,,,,,699383.0,103854.0,1061.0,155.0,0,0,Fairly Easy,0,0.0,1.0,,1.0,1.0,0.0,0,165.0,152.0,0.0,7.0,6.0,0.0,,,,,5d8e5c6118fde00916f966c2d0f7be10,0,,,,,1.1,https://www.verychic.fr/thematique/voyage-prive,2024-03-26 13:57:53,0.0,0.0,0.0,0.0,,Indexable,,0,0,0,0,0,0,0,0,0
88,voyage privé,10,https://www.avis-verifies.com/avis-clients/voyage-prive.com,0,200.0,398.0,63.0,32.0,47.0,3.0,11.0,5.0,6.0,64.0,1539.0,,1604.0,0.0,,1045.7676006452616,,2712.0,212.5,,text/html; charset=UTF-8,200.0,OK,Indexable,,Avis Voyage Privé SAS | Tous les avis clients pour Voyage Privé SAS,67.0,599.0,Avis clients de Voyage Privé SAS | Moyenne de 4.3/5 calculée à partir de 11138 avis clients pour voyage-prive.com,113.0,706.0,"Voyage Privé SAS, avis, verifié, clients, Avis-Vérifiés",55.0,Avis clients de voyage-prive.com,32.0,,0.0,Informations voyage-prive.com,29.0,A propos de Avis Vérifiés,25.0,,,,,https://www.avis-verifies.com/avis-clients/voyage-prive.com,https://www.avis-verifies.com/avis-clients/voyage-prive.com?p=29bwq,,,,,542637.0,31941.0,6356.0,1058.0,0,0,Very Easy,0,0.0,1.0,,2.0,1.0,0.0,0,7.0,6.0,0.0,8.0,6.0,0.0,,,,,ab975fd37c2ddf383b1b5cf3b93afa67,0,,,,,1.1,https://www.avis-verifies.com/avis-clients/voyage-prive.com,2024-03-26 13:57:41,0.0,0.0,0.0,0.0,,Indexable,,0,0,0,0,0,0,0,0,0
89,voyage privé,11,https://fr.wikipedia.org/wiki/Voyage_priv%C3%A9,1,,,69.0,24.0,65.0,129.0,0.0,0.0,0.0,24.0,857.0,3.0,954.0,4.0,857.0,1284.072832878141,954.0,1411.5,0.5,4.0,,,,,,,,,,,,,,,,,,,,,,,,,,,,,,,,,,,,0,0,,0,,,,,,,0,,,,,,,,,,,,0,,,,,,,,,,,,,,,0,0,0,0,0,0,0,0,0
90,voyage privé,12,https://www.facebook.com/VoyagePriveFR/?locale=fr_FR,1,,,,,,,,,,,1614.0,8.0,3628.0,7.0,1614.0,2397.273607126234,3628.0,3204.25,300.0,7.0,,0.0,Connection Refused,Non-Indexable,No Response,,0.0,0.0,,0.0,0.0,,0.0,,0.0,,0.0,,0.0,,0.0,,,,,,,,,,,0.0,0.0,0.0,,0,0,,0,0.0,1.0,,0.0,0.0,0.0,0,0.0,0.0,0.0,0.0,0.0,0.0,,,,,,0,,,,,,https://www.facebook.com/VoyagePriveFR/?locale=fr_FR,2024-03-26 13:58:02,,,,,,,,0,0,0,0,0,0,0,0,0
91,voyage privé,13,https://www.officiel-des-vacances.com/voyage-prive,1,200.0,1009.0,80.0,41.0,50.0,525.0,32561.0,110.0,16.0,98.8,2969.0,4.0,3491.0,4.0,2969.0,2810.562562953962,3491.0,4098.25,533.0,4.0,text/html; charset=UTF-8,200.0,OK,Indexable,,Voyage Privé : bons plans et promos | L'Officiel des vacances,61.0,537.0,"Retrouvez les meilleures offres Voyage Privé : réduction de dernière minute, bons plans et promos vacances avec l'Officiel des vacances !",137.0,845.0,,0.0,Voyage Privé,12.0,,0.0,Comment fonctionne le site ?,28.0,Une vraie success story à la française !,40.0,,,,,https://www.officiel-des-vacances.com/voyage-prive,,,,,,556834.0,80224.0,13483.0,2299.0,0,0,Easy,0,0.0,0.0,,8.0,2.0,0.0,0,285.0,118.0,0.0,12.0,11.0,0.0,,,,,6faff3fe7768d3270760c982fa6d5ab5,0,"Tue, 26 Mar 2024 12:46:48 GMT",,,,1.1,https://www.officiel-des-vacances.com/voyage-prive,2024-03-26 13:58:02,0.0,0.0,0.0,0.0,,Indexable,,0,0,0,0,0,0,0,0,0
92,voyage privé,14,https://www.voyage-prive.com/offres/voyage-au-maroc,1,200.0,1525.0,74.0,30.0,48.0,30.0,13784.0,110.0,14.0,94.0,1460.0,3.0,2893.0,17.0,1460.0,1987.3068352464275,2893.0,2955.0,128.0,17.0,text/html; charset=UTF-8,200.0,OK,Indexable,,Voyage au Maroc à Prix Réduit - Voyage Privé,44.0,399.0,"Le Maroc est une des destinations incontournables à découvrir à travers ses magnifiques villes, en amoureux, entre amis ou en famille.",134.0,832.0,html-meta-keywords,18.0,,0.0,,0.0,Voyage au Maroc 2024,20.0,"Rabat, la capitale du romantisme au Maroc",41.0,,,,,https://www.voyage-prive.com/offres/voyage-au-maroc,,,,,,255771.0,51608.0,3682.0,570.0,0,0,Fairly Easy,0,0.0,1.0,,27.0,2.0,0.0,0,183.0,127.0,0.0,14.0,14.0,0.0,,,,,cad41d9a9d7fa04147f3c142bc2548f8,0,,,,,1.1,https://www.voyage-prive.com/offres/voyage-au-maroc,2024-03-26 13:58:03,0.0,0.0,0.0,0.0,,Indexable,,0,0,0,0,0,0,0,0,0
93,voyage privé,15,https://apps.apple.com/fr/app/voyage-priv%C3%A9-vols-et-h%C3%B4tels/id397336553,1,,,48.0,52.0,,2.0,1.0,0.0,0.0,36.0,2059.0,4.0,2411.0,0.0,2059.0,3286.468097432524,2411.0,4201.25,533.0,0.0,,,,,,,,,,,,,,,,,,,,,,,,,,,,,,,,,,,,0,0,,0,,,,,,,0,,,,,,,,,,,,0,,,,,,,,,,,,,,,0,0,0,0,0,0,0,0,0
94,voyage privé,16,https://www.voyage-prive.com/offres/promo-vacances-en-france,1,,,57.0,17.0,,0.0,18.0,0.0,0.0,82.0,1460.0,3.0,2893.0,17.0,1460.0,3433.5823807212482,2893.0,4028.249999999999,177.5,17.0,text/html; charset=UTF-8,200.0,OK,Indexable,,Les meilleures promotions pour les vacances en France - Voyage Privé,68.0,621.0,Vous souhaitez partir en France ? Découvrez les meilleures promotions de 2022 dans un hôtel de luxe !,101.0,635.0,html-meta-keywords,18.0,,0.0,,0.0,Profitez des meilleurs bons plans et promotions pour vos vacances en France,75.0,"Profitez de promos en direction de la France pour vous offrir des vacances à prix exceptionnelles. Hôtels haut de gamme au cœur des plus belles régions de France, évadez-vous grâce à nos promotions exclusives.",209.0,,,,,https://www.voyage-prive.com/offres/promo-vacances-en-france,,,,,,309704.0,47702.0,2722.0,455.0,0,0,Fairly Easy,0,0.0,1.0,,40.0,1.0,0.0,0,123.0,80.0,0.0,14.0,14.0,0.0,,,,,7ddbc643b67996deccb0dec0ec5e21ee,0,,,,,1.1,https://www.voyage-prive.com/offres/promo-vacances-en-france,2024-03-26 13:57:50,0.0,0.0,0.0,0.0,,Indexable,,0,0,0,0,0,0,0,0,0
95,voyage privé,17,https://www.welcometothejungle.com/fr/companies/voyage-prive,1,200.0,1221.0,58.0,36.0,44.0,2.0,105.0,25.0,19.0,16.0,1224.0,6.0,1775.0,16.0,1224.0,3925.944231263149,1775.0,4925.25,1302.25,16.0,text/html; charset=utf-8,200.0,OK,Indexable,,"Voyage Privé : photos, vidéos, recrutement",42.0,376.0,"A propos de la société Voyage Privé : photos des bureaux, vidéos, offres d'emploi. Aventure entrepreneuriale lancée en France en 2006, Voyage Privé est le leader européen de la vente éphémère de voyage en ligne et le 1er groupe indépendant d’E-Tourisme en Europe.  Ce qui nous anime au quotidien ? F…",300.0,1877.0,"jobs,offres d'emploi,emploi,stage,alternance,apprentissage,offres de stage,entreprises,recrutement,startups,PME,grande entreprise,sociétés,recruteurs",149.0,Voyage Privé,12.0,,0.0,,0.0,,0.0,"max-snippet:50, max-image-preview:large, max-video-preview:15",,,,https://www.welcometothejungle.com/fr/companies/voyage-prive,,,,,,756326.0,192314.0,523.0,95.0,0,0,Fairly Easy,0,0.0,2.0,,16.0,1.0,0.0,0,56.0,33.0,0.0,14.0,14.0,0.0,,,,,b065c847b1956fe26341b966bb94a302,0,,,,,1.1,https://www.welcometothejungle.com/fr/companies/voyage-prive,2024-03-26 13:57:39,0.0,0.0,0.0,0.0,,Indexable,,0,0,0,0,0,0,0,0,0
96,voyage privé,18,https://www.youtube.com/user/voyageprivefrance,1,,,,,,1.0,0.0,0.0,0.0,97.0,,,,,,,,,,,application/binary,302.0,Found,Non-Indexable,Redirected,,0.0,0.0,,0.0,0.0,,0.0,,0.0,,0.0,,0.0,,0.0,,,,,,,,,,,0.0,0.0,0.0,,0,0,,0,0.0,1.0,,0.0,0.0,0.0,0,0.0,0.0,0.0,0.0,0.0,0.0,,,,,,0,,https://consent.youtube.com/m?continue=https%3A%2F%2Fwww.youtube.com%2Fuser%2Fvoyageprivefrance%3Fcbrd%3D1&gl=FR&m=0&pc=yt&cm=2&hl=fr&src=1,HTTP Redirect,,1.1,https://www.youtube.com/user/voyageprivefrance,2024-03-26 13:57:51,,,,,,,,0,0,0,0,0,0,0,0,0
97,voyage privé,19,https://www.voyage-prive.com/offres/voyage-en-sicile,1,0.0,0.0,62.0,42.0,50.0,11.0,258.0,0.0,0.0,85.0,1460.0,3.0,2893.0,17.0,1460.0,2833.1085653977107,2893.0,3573.0,283.5,17.0,text/html; charset=UTF-8,200.0,OK,Indexable,,Voyage en Sicile - Voyage Privé,31.0,275.0,"Partez pour un voyage en Sicile et profitez d'offres exclusives allant jusqu'à -70%  : courts et longs séjours, package vol+hôtel, Hôtel 4 et 5*, séjours en famille, circuit et autotour...",188.0,1095.0,html-meta-keywords,18.0,,0.0,,0.0,Voyage en Sicile 2023,21.0,Hôtels - Sicile,15.0,,,,,https://www.voyage-prive.com/offres/voyage-en-sicile,,,,,,206494.0,41495.0,2435.0,387.0,0,0,Easy,0,0.0,1.0,,16.0,4.0,0.0,0,216.0,180.0,0.0,15.0,15.0,0.0,,,,,9b80fd2bb6e5c45f7203efa76406f4e4,0,,,,,1.1,https://www.voyage-prive.com/offres/voyage-en-sicile,2024-03-26 13:57:55,0.0,0.0,0.0,0.0,,Indexable,,0,0,0,0,0,0,0,0,0
98,voyage privé,20,https://play.google.com/store/apps/details?id=com.vpg&hl=fr&gl=US,1,,,,,,,,,,,1355.0,3.0,1879.0,7.0,1629.0,1074.0810620653194,2355.0,2980.0,362.5,9.0,text/html; charset=utf-8,200.0,OK,Non-Indexable,Canonicalised,Voyage Privé - Vols et Hôtels – Applications sur Google Play,60.0,528.0,"-70% sur vos weekends & voyages ! 7,3 millions de personnes nous font confiance",79.0,509.0,,0.0,Voyage Privé - Vols et Hôtels,29.0,,0.0,À propos de l'application,25.0,Sécurité des données,20.0,NOODP,,,,https://play.google.com/store/apps/details?id=com.vpg&hl=fr,,,,,,997357.0,147151.0,778.0,164.0,0,0,Fairly Easy,0,0.0,2.0,,0.0,0.0,0.0,0,39.0,29.0,0.0,3.0,3.0,0.0,,,,,585712be53fff315ff6ce5dbc12280a8,0,,,,,1.1,https://play.google.com/store/apps/details?id=com.vpg&hl=fr&gl=US,2024-03-26 13:58:00,0.0,0.0,0.0,0.0,,Non-Indexable,Canonicalised,0,0,0,0,0,0,0,0,0
